loan_id,entity,product,quarter,loan_amount,load_batch_id
URB-MOR-2025Q1-0000,US Retail Bank,Mortgage,2025Q1,1049533.56,B2025Q1-01
URB-MOR-2025Q1-0001,US Retail Bank,Mortgage,2025Q1,525991.84,B2025Q1-01
URB-MOR-2025Q1-0002,US Retail Bank,Mortgage,2025Q1,525954.33,B2025Q1-01
URB-MOR-2025Q1-0003,US Retail Bank,Mortgage,2025Q1,200787.94,B2025Q1-01
URB-MOR-2025Q1-0004,US Retail Bank,Mortgage,2025Q1,135473.45,B2025Q1-01
URB-MOR-2025Q1-0005,US Retail Bank,Mortgage,2025Q1,276565.73,B2025Q1-01
URB-MOR-2025Q1-0006,US Retail Bank,Mortgage,2025Q1,261630.93,B2025Q1-01
URB-MOR-2025Q1-0007,US Retail Bank,Mortgage,2025Q1,766838.36,B2025Q1-01
URB-MOR-2025Q1-0008,US Retail Bank,Mortgage,2025Q1,262810.15,B2025Q1-01
URB-MOR-2025Q1-0009,US Retail Bank,Mortgage,2025Q1,299773.78,B2025Q1-01
URB-MOR-2025Q1-0010,US Retail Bank,Mortgage,2025Q1,377784.17,B2025Q1-01
URB-MOR-2025Q1-0011,US Retail Bank,Mortgage,2025Q1,530715.68,B2025Q1-01
URB-MOR-2025Q1-0012,US Retail Bank,Mortgage,2025Q1,618325.34,B2025Q1-01
URB-MOR-2025Q1-0013,US Retail Bank,Mortgage,2025Q1,1081258.48,B2025Q1-01
URB-MOR-2025Q1-0014,US Retail Bank,Mortgage,2025Q1,195042.27,B2025Q1-01
URB-MOR-2025Q1-0015,US Retail Bank,Mortgage,2025Q1,268564.54,B2025Q1-01
URB-MOR-2025Q1-0016,US Retail Bank,Mortgage,2025Q1,185264.63,B2025Q1-01
URB-MOR-2025Q1-0017,US Retail Bank,Mortgage,2025Q1,126372.94,B2025Q1-01
URB-MOR-2025Q1-0018,US Retail Bank,Mortgage,2025Q1,432747.74,B2025Q1-01
URB-MOR-2025Q1-0019,US Retail Bank,Mortgage,2025Q1,306227.85,B2025Q1-01
URB-MOR-2025Q1-0020,US Retail Bank,Mortgage,2025Q1,929569.8,B2025Q1-01
URB-MOR-2025Q1-0021,US Retail Bank,Mortgage,2025Q1,236304.03,B2025Q1-01
URB-MOR-2025Q1-0022,US Retail Bank,Mortgage,2025Q1,756943.94,B2025Q1-01
URB-MOR-2025Q1-0023,US Retail Bank,Mortgage,2025Q1,508118.89,B2025Q1-01
URB-MOR-2025Q1-0024,US Retail Bank,Mortgage,2025Q1,200520.85,B2025Q1-01
URB-MOR-2025Q1-0025,US Retail Bank,Mortgage,2025Q1,225277.82,B2025Q1-02
URB-MOR-2025Q1-0026,US Retail Bank,Mortgage,2025Q1,277743.24,B2025Q1-02
URB-MOR-2025Q1-0027,US Retail Bank,Mortgage,2025Q1,164652.2,B2025Q1-02
URB-MOR-2025Q1-0028,US Retail Bank,Mortgage,2025Q1,623085.69,B2025Q1-02
URB-MOR-2025Q1-0029,US Retail Bank,Mortgage,2025Q1,203773.23,B2025Q1-02
URB-MOR-2025Q1-0030,US Retail Bank,Mortgage,2025Q1,444847.85,B2025Q1-02
URB-MOR-2025Q1-0031,US Retail Bank,Mortgage,2025Q1,248214.19,B2025Q1-02
URB-MOR-2025Q1-0032,US Retail Bank,Mortgage,2025Q1,163428.96,B2025Q1-02
URB-MOR-2025Q1-0033,US Retail Bank,Mortgage,2025Q1,227470.79,B2025Q1-02
URB-MOR-2025Q1-0034,US Retail Bank,Mortgage,2025Q1,335932.87,B2025Q1-02
URB-MOR-2025Q1-0035,US Retail Bank,Mortgage,2025Q1,296531.83,B2025Q1-02
URB-MOR-2025Q1-0036,US Retail Bank,Mortgage,2025Q1,251589.07,B2025Q1-02
URB-MOR-2025Q1-0037,US Retail Bank,Mortgage,2025Q1,426878.12,B2025Q1-02
URB-MOR-2025Q1-0038,US Retail Bank,Mortgage,2025Q1,270416.17,B2025Q1-02
URB-MOR-2025Q1-0039,US Retail Bank,Mortgage,2025Q1,607094.35,B2025Q1-02
URB-MOR-2025Q1-0040,US Retail Bank,Mortgage,2025Q1,313205.37,B2025Q1-02
URB-MOR-2025Q1-0041,US Retail Bank,Mortgage,2025Q1,604273.24,B2025Q1-02
URB-MOR-2025Q1-0042,US Retail Bank,Mortgage,2025Q1,859724.73,B2025Q1-02
URB-MOR-2025Q1-0043,US Retail Bank,Mortgage,2025Q1,538193.94,B2025Q1-02
URB-MOR-2025Q1-0044,US Retail Bank,Mortgage,2025Q1,871727.84,B2025Q1-02
URB-MOR-2025Q1-0045,US Retail Bank,Mortgage,2025Q1,389663.12,B2025Q1-02
URB-MOR-2025Q1-0046,US Retail Bank,Mortgage,2025Q1,601665.49,B2025Q1-02
URB-MOR-2025Q1-0047,US Retail Bank,Mortgage,2025Q1,261805.36,B2025Q1-02
URB-MOR-2025Q1-0048,US Retail Bank,Mortgage,2025Q1,467595.54,B2025Q1-02
URB-MOR-2025Q1-0049,US Retail Bank,Mortgage,2025Q1,461146.16,B2025Q1-02
URB-MOR-2025Q1-0050,US Retail Bank,Mortgage,2025Q1,191643.51,B2025Q1-03
URB-MOR-2025Q1-0051,US Retail Bank,Mortgage,2025Q1,316215.15,B2025Q1-03
URB-MOR-2025Q1-0052,US Retail Bank,Mortgage,2025Q1,407233.86,B2025Q1-03
URB-MOR-2025Q1-0053,US Retail Bank,Mortgage,2025Q1,163673.83,B2025Q1-03
URB-MOR-2025Q1-0054,US Retail Bank,Mortgage,2025Q1,265580.4,B2025Q1-03
URB-MOR-2025Q1-0055,US Retail Bank,Mortgage,2025Q1,247798.85,B2025Q1-03
URB-MOR-2025Q1-0056,US Retail Bank,Mortgage,2025Q1,617225.12,B2025Q1-03
URB-MOR-2025Q1-0057,US Retail Bank,Mortgage,2025Q1,240277.67,B2025Q1-03
URB-MOR-2025Q1-0058,US Retail Bank,Mortgage,2025Q1,402349.82,B2025Q1-03
URB-MOR-2025Q1-0059,US Retail Bank,Mortgage,2025Q1,164258.9,B2025Q1-03
URB-MOR-2025Q1-0060,US Retail Bank,Mortgage,2025Q1,458750.25,B2025Q1-03
URB-MOR-2025Q1-0061,US Retail Bank,Mortgage,2025Q1,257323.64,B2025Q1-03
URB-MOR-2025Q1-0062,US Retail Bank,Mortgage,2025Q1,176872.79,B2025Q1-03
URB-MOR-2025Q1-0063,US Retail Bank,Mortgage,2025Q1,305074.52,B2025Q1-03
URB-MOR-2025Q1-0064,US Retail Bank,Mortgage,2025Q1,474669.24,B2025Q1-03
URB-MOR-2025Q1-0065,US Retail Bank,Mortgage,2025Q1,389995.08,B2025Q1-03
URB-MOR-2025Q1-0066,US Retail Bank,Mortgage,2025Q1,622586.92,B2025Q1-03
URB-MOR-2025Q1-0067,US Retail Bank,Mortgage,2025Q1,1992607.71,B2025Q1-03
URB-MOR-2025Q1-0068,US Retail Bank,Mortgage,2025Q1,207282.42,B2025Q1-03
URB-MOR-2025Q1-0069,US Retail Bank,Mortgage,2025Q1,321431.6,B2025Q1-03
URB-MOR-2025Q1-0070,US Retail Bank,Mortgage,2025Q1,79934.46,B2025Q1-03
URB-MOR-2025Q1-0071,US Retail Bank,Mortgage,2025Q1,225033.82,B2025Q1-03
URB-MOR-2025Q1-0072,US Retail Bank,Mortgage,2025Q1,209320.14,B2025Q1-03
URB-MOR-2025Q1-0073,US Retail Bank,Mortgage,2025Q1,512777.98,B2025Q1-03
URB-MOR-2025Q1-0074,US Retail Bank,Mortgage,2025Q1,440605.55,B2025Q1-03
URB-MOR-2025Q1-0075,US Retail Bank,Mortgage,2025Q1,297061.63,B2025Q1-04
URB-MOR-2025Q1-0076,US Retail Bank,Mortgage,2025Q1,124293.0,B2025Q1-04
URB-MOR-2025Q1-0077,US Retail Bank,Mortgage,2025Q1,182322.33,B2025Q1-04
URB-MOR-2025Q1-0078,US Retail Bank,Mortgage,2025Q1,729362.78,B2025Q1-04
URB-MOR-2025Q1-0079,US Retail Bank,Mortgage,2025Q1,470231.3,B2025Q1-04
URB-MOR-2025Q1-0080,US Retail Bank,Mortgage,2025Q1,112413.29,B2025Q1-04
URB-MOR-2025Q1-0081,US Retail Bank,Mortgage,2025Q1,404906.06,B2025Q1-04
URB-MOR-2025Q1-0082,US Retail Bank,Mortgage,2025Q1,84594.54,B2025Q1-04
URB-MOR-2025Q1-0083,US Retail Bank,Mortgage,2025Q1,435550.43,B2025Q1-04
URB-MOR-2025Q1-0084,US Retail Bank,Mortgage,2025Q1,178078.74,B2025Q1-04
URB-MOR-2025Q1-0085,US Retail Bank,Mortgage,2025Q1,274853.43,B2025Q1-04
URB-MOR-2025Q1-0086,US Retail Bank,Mortgage,2025Q1,286856.56,B2025Q1-04
URB-MOR-2025Q1-0087,US Retail Bank,Mortgage,2025Q1,335458.76,B2025Q1-04
URB-MOR-2025Q1-0088,US Retail Bank,Mortgage,2025Q1,379785.08,B2025Q1-04
URB-MOR-2025Q1-0089,US Retail Bank,Mortgage,2025Q1,743758.68,B2025Q1-04
URB-MOR-2025Q1-0090,US Retail Bank,Mortgage,2025Q1,911221.18,B2025Q1-04
URB-MOR-2025Q2-0000,US Retail Bank,Mortgage,2025Q2,2050477.31,B2025Q2-01
URB-MOR-2025Q2-0001,US Retail Bank,Mortgage,2025Q2,278349.71,B2025Q2-01
URB-MOR-2025Q2-0002,US Retail Bank,Mortgage,2025Q2,157695.25,B2025Q2-01
URB-MOR-2025Q2-0003,US Retail Bank,Mortgage,2025Q2,213507.41,B2025Q2-01
URB-MOR-2025Q2-0004,US Retail Bank,Mortgage,2025Q2,455080.36,B2025Q2-01
URB-MOR-2025Q2-0005,US Retail Bank,Mortgage,2025Q2,746607.99,B2025Q2-01
URB-MOR-2025Q2-0006,US Retail Bank,Mortgage,2025Q2,249058.98,B2025Q2-01
URB-MOR-2025Q2-0007,US Retail Bank,Mortgage,2025Q2,476399.5,B2025Q2-01
URB-MOR-2025Q2-0008,US Retail Bank,Mortgage,2025Q2,378631.67,B2025Q2-01
URB-MOR-2025Q2-0009,US Retail Bank,Mortgage,2025Q2,481901.85,B2025Q2-01
URB-MOR-2025Q2-0010,US Retail Bank,Mortgage,2025Q2,302753.24,B2025Q2-01
URB-MOR-2025Q2-0011,US Retail Bank,Mortgage,2025Q2,674899.75,B2025Q2-01
URB-MOR-2025Q2-0012,US Retail Bank,Mortgage,2025Q2,140889.52,B2025Q2-01
URB-MOR-2025Q2-0013,US Retail Bank,Mortgage,2025Q2,711844.52,B2025Q2-01
URB-MOR-2025Q2-0014,US Retail Bank,Mortgage,2025Q2,327856.16,B2025Q2-01
URB-MOR-2025Q2-0015,US Retail Bank,Mortgage,2025Q2,670686.72,B2025Q2-01
URB-MOR-2025Q2-0016,US Retail Bank,Mortgage,2025Q2,261062.03,B2025Q2-01
URB-MOR-2025Q2-0017,US Retail Bank,Mortgage,2025Q2,213332.03,B2025Q2-01
URB-MOR-2025Q2-0018,US Retail Bank,Mortgage,2025Q2,386761.01,B2025Q2-01
URB-MOR-2025Q2-0019,US Retail Bank,Mortgage,2025Q2,302455.96,B2025Q2-01
URB-MOR-2025Q2-0020,US Retail Bank,Mortgage,2025Q2,495475.88,B2025Q2-01
URB-MOR-2025Q2-0021,US Retail Bank,Mortgage,2025Q2,389886.65,B2025Q2-01
URB-MOR-2025Q2-0022,US Retail Bank,Mortgage,2025Q2,521942.29,B2025Q2-01
URB-MOR-2025Q2-0023,US Retail Bank,Mortgage,2025Q2,510758.75,B2025Q2-01
URB-MOR-2025Q2-0024,US Retail Bank,Mortgage,2025Q2,600723.24,B2025Q2-01
URB-MOR-2025Q2-0025,US Retail Bank,Mortgage,2025Q2,507769.25,B2025Q2-02
URB-MOR-2025Q2-0026,US Retail Bank,Mortgage,2025Q2,512749.44,B2025Q2-02
URB-MOR-2025Q2-0027,US Retail Bank,Mortgage,2025Q2,174757.02,B2025Q2-02
URB-MOR-2025Q2-0028,US Retail Bank,Mortgage,2025Q2,359917.49,B2025Q2-02
URB-MOR-2025Q2-0029,US Retail Bank,Mortgage,2025Q2,393550.31,B2025Q2-02
URB-MOR-2025Q2-0030,US Retail Bank,Mortgage,2025Q2,374498.37,B2025Q2-02
URB-MOR-2025Q2-0031,US Retail Bank,Mortgage,2025Q2,331498.24,B2025Q2-02
URB-MOR-2025Q2-0032,US Retail Bank,Mortgage,2025Q2,147309.21,B2025Q2-02
URB-MOR-2025Q2-0033,US Retail Bank,Mortgage,2025Q2,718845.41,B2025Q2-02
URB-MOR-2025Q2-0034,US Retail Bank,Mortgage,2025Q2,368834.53,B2025Q2-02
URB-MOR-2025Q2-0035,US Retail Bank,Mortgage,2025Q2,479797.46,B2025Q2-02
URB-MOR-2025Q2-0036,US Retail Bank,Mortgage,2025Q2,194622.19,B2025Q2-02
URB-MOR-2025Q2-0037,US Retail Bank,Mortgage,2025Q2,406356.44,B2025Q2-02
URB-MOR-2025Q2-0038,US Retail Bank,Mortgage,2025Q2,476702.8,B2025Q2-02
URB-MOR-2025Q2-0039,US Retail Bank,Mortgage,2025Q2,300537.12,B2025Q2-02
URB-MOR-2025Q2-0040,US Retail Bank,Mortgage,2025Q2,273571.23,B2025Q2-02
URB-MOR-2025Q2-0041,US Retail Bank,Mortgage,2025Q2,323200.47,B2025Q2-02
URB-MOR-2025Q2-0042,US Retail Bank,Mortgage,2025Q2,784000.62,B2025Q2-02
URB-MOR-2025Q2-0043,US Retail Bank,Mortgage,2025Q2,226575.79,B2025Q2-02
URB-MOR-2025Q2-0044,US Retail Bank,Mortgage,2025Q2,1275106.88,B2025Q2-02
URB-MOR-2025Q2-0045,US Retail Bank,Mortgage,2025Q2,87189.33,B2025Q2-02
URB-MOR-2025Q2-0046,US Retail Bank,Mortgage,2025Q2,367295.89,B2025Q2-02
URB-MOR-2025Q2-0047,US Retail Bank,Mortgage,2025Q2,270940.33,B2025Q2-02
URB-MOR-2025Q2-0048,US Retail Bank,Mortgage,2025Q2,379157.29,B2025Q2-02
URB-MOR-2025Q2-0049,US Retail Bank,Mortgage,2025Q2,340399.96,B2025Q2-02
URB-MOR-2025Q2-0050,US Retail Bank,Mortgage,2025Q2,285382.27,B2025Q2-03
URB-MOR-2025Q2-0051,US Retail Bank,Mortgage,2025Q2,264407.93,B2025Q2-03
URB-MOR-2025Q2-0052,US Retail Bank,Mortgage,2025Q2,513580.77,B2025Q2-03
URB-MOR-2025Q2-0053,US Retail Bank,Mortgage,2025Q2,532317.34,B2025Q2-03
URB-MOR-2025Q2-0054,US Retail Bank,Mortgage,2025Q2,468134.18,B2025Q2-03
URB-MOR-2025Q2-0055,US Retail Bank,Mortgage,2025Q2,203566.27,B2025Q2-03
URB-MOR-2025Q2-0056,US Retail Bank,Mortgage,2025Q2,128789.11,B2025Q2-03
URB-MOR-2025Q2-0057,US Retail Bank,Mortgage,2025Q2,258742.01,B2025Q2-03
URB-MOR-2025Q2-0058,US Retail Bank,Mortgage,2025Q2,173902.23,B2025Q2-03
URB-MOR-2025Q2-0059,US Retail Bank,Mortgage,2025Q2,884484.89,B2025Q2-03
URB-MOR-2025Q2-0060,US Retail Bank,Mortgage,2025Q2,305854.5,B2025Q2-03
URB-MOR-2025Q2-0061,US Retail Bank,Mortgage,2025Q2,356240.92,B2025Q2-03
URB-MOR-2025Q2-0062,US Retail Bank,Mortgage,2025Q2,201604.83,B2025Q2-03
URB-MOR-2025Q2-0063,US Retail Bank,Mortgage,2025Q2,224249.4,B2025Q2-03
URB-MOR-2025Q2-0064,US Retail Bank,Mortgage,2025Q2,872654.64,B2025Q2-03
URB-MOR-2025Q2-0065,US Retail Bank,Mortgage,2025Q2,215323.16,B2025Q2-03
URB-MOR-2025Q2-0066,US Retail Bank,Mortgage,2025Q2,517576.71,B2025Q2-03
URB-MOR-2025Q2-0067,US Retail Bank,Mortgage,2025Q2,643796.09,B2025Q2-03
URB-MOR-2025Q2-0068,US Retail Bank,Mortgage,2025Q2,290049.88,B2025Q2-03
URB-MOR-2025Q2-0069,US Retail Bank,Mortgage,2025Q2,387395.81,B2025Q2-03
URB-MOR-2025Q2-0070,US Retail Bank,Mortgage,2025Q2,401551.74,B2025Q2-03
URB-MOR-2025Q2-0071,US Retail Bank,Mortgage,2025Q2,818782.45,B2025Q2-03
URB-MOR-2025Q2-0072,US Retail Bank,Mortgage,2025Q2,317124.15,B2025Q2-03
URB-MOR-2025Q2-0073,US Retail Bank,Mortgage,2025Q2,205582.38,B2025Q2-03
URB-MOR-2025Q2-0074,US Retail Bank,Mortgage,2025Q2,282584.57,B2025Q2-03
URB-MOR-2025Q2-0075,US Retail Bank,Mortgage,2025Q2,703132.84,B2025Q2-04
URB-MOR-2025Q2-0076,US Retail Bank,Mortgage,2025Q2,205653.06,B2025Q2-04
URB-MOR-2025Q2-0077,US Retail Bank,Mortgage,2025Q2,256422.39,B2025Q2-04
URB-MOR-2025Q2-0078,US Retail Bank,Mortgage,2025Q2,374749.65,B2025Q2-04
URB-MOR-2025Q2-0079,US Retail Bank,Mortgage,2025Q2,862305.72,B2025Q2-04
URB-MOR-2025Q2-0080,US Retail Bank,Mortgage,2025Q2,520635.83,B2025Q2-04
URB-MOR-2025Q2-0081,US Retail Bank,Mortgage,2025Q2,171524.14,B2025Q2-04
URB-MOR-2025Q2-0082,US Retail Bank,Mortgage,2025Q2,424764.47,B2025Q2-04
URB-MOR-2025Q2-0083,US Retail Bank,Mortgage,2025Q2,905042.7,B2025Q2-04
URB-MOR-2025Q2-0084,US Retail Bank,Mortgage,2025Q2,489984.65,B2025Q2-04
URB-MOR-2025Q2-0085,US Retail Bank,Mortgage,2025Q2,142946.66,B2025Q2-04
URB-MOR-2025Q2-0086,US Retail Bank,Mortgage,2025Q2,359014.57,B2025Q2-04
URB-MOR-2025Q2-0087,US Retail Bank,Mortgage,2025Q2,587017.52,B2025Q2-04
URB-MOR-2025Q2-0088,US Retail Bank,Mortgage,2025Q2,140477.46,B2025Q2-04
URB-MOR-2025Q2-0089,US Retail Bank,Mortgage,2025Q2,372931.48,B2025Q2-04
URB-MOR-2025Q2-0090,US Retail Bank,Mortgage,2025Q2,347149.66,B2025Q2-04
URB-MOR-2025Q2-0091,US Retail Bank,Mortgage,2025Q2,303107.09,B2025Q2-04
URB-MOR-2025Q2-0092,US Retail Bank,Mortgage,2025Q2,384812.03,B2025Q2-04
URB-AUT-2025Q1-0000,US Retail Bank,Auto Loan,2025Q1,11806.58,B2025Q1-01
URB-AUT-2025Q1-0001,US Retail Bank,Auto Loan,2025Q1,24639.23,B2025Q1-01
URB-AUT-2025Q1-0002,US Retail Bank,Auto Loan,2025Q1,26327.19,B2025Q1-01
URB-AUT-2025Q1-0003,US Retail Bank,Auto Loan,2025Q1,46202.66,B2025Q1-01
URB-AUT-2025Q1-0004,US Retail Bank,Auto Loan,2025Q1,17892.12,B2025Q1-01
URB-AUT-2025Q1-0005,US Retail Bank,Auto Loan,2025Q1,30690.59,B2025Q1-01
URB-AUT-2025Q1-0006,US Retail Bank,Auto Loan,2025Q1,35315.56,B2025Q1-01
URB-AUT-2025Q1-0007,US Retail Bank,Auto Loan,2025Q1,19871.24,B2025Q1-01
URB-AUT-2025Q1-0008,US Retail Bank,Auto Loan,2025Q1,9562.53,B2025Q1-01
URB-AUT-2025Q1-0009,US Retail Bank,Auto Loan,2025Q1,12718.51,B2025Q1-01
URB-AUT-2025Q1-0010,US Retail Bank,Auto Loan,2025Q1,43201.11,B2025Q1-01
URB-AUT-2025Q1-0011,US Retail Bank,Auto Loan,2025Q1,9145.08,B2025Q1-01
URB-AUT-2025Q1-0012,US Retail Bank,Auto Loan,2025Q1,54103.06,B2025Q1-01
URB-AUT-2025Q1-0013,US Retail Bank,Auto Loan,2025Q1,40251.16,B2025Q1-01
URB-AUT-2025Q1-0014,US Retail Bank,Auto Loan,2025Q1,10836.93,B2025Q1-01
URB-AUT-2025Q1-0015,US Retail Bank,Auto Loan,2025Q1,53847.19,B2025Q1-01
URB-AUT-2025Q1-0016,US Retail Bank,Auto Loan,2025Q1,23436.66,B2025Q1-01
URB-AUT-2025Q1-0017,US Retail Bank,Auto Loan,2025Q1,37294.42,B2025Q1-01
URB-AUT-2025Q1-0018,US Retail Bank,Auto Loan,2025Q1,20380.98,B2025Q1-01
URB-AUT-2025Q1-0019,US Retail Bank,Auto Loan,2025Q1,23220.91,B2025Q1-01
URB-AUT-2025Q1-0020,US Retail Bank,Auto Loan,2025Q1,27876.29,B2025Q1-01
URB-AUT-2025Q1-0021,US Retail Bank,Auto Loan,2025Q1,22206.93,B2025Q1-01
URB-AUT-2025Q1-0022,US Retail Bank,Auto Loan,2025Q1,45946.05,B2025Q1-01
URB-AUT-2025Q1-0023,US Retail Bank,Auto Loan,2025Q1,20655.54,B2025Q1-01
URB-AUT-2025Q1-0024,US Retail Bank,Auto Loan,2025Q1,50723.26,B2025Q1-01
URB-AUT-2025Q1-0025,US Retail Bank,Auto Loan,2025Q1,76071.11,B2025Q1-02
URB-AUT-2025Q1-0026,US Retail Bank,Auto Loan,2025Q1,19915.35,B2025Q1-02
URB-AUT-2025Q1-0027,US Retail Bank,Auto Loan,2025Q1,59836.1,B2025Q1-02
URB-AUT-2025Q1-0028,US Retail Bank,Auto Loan,2025Q1,60546.22,B2025Q1-02
URB-AUT-2025Q1-0029,US Retail Bank,Auto Loan,2025Q1,29534.71,B2025Q1-02
URB-AUT-2025Q1-0030,US Retail Bank,Auto Loan,2025Q1,60007.63,B2025Q1-02
URB-AUT-2025Q1-0031,US Retail Bank,Auto Loan,2025Q1,24404.06,B2025Q1-02
URB-AUT-2025Q1-0032,US Retail Bank,Auto Loan,2025Q1,74023.99,B2025Q1-02
URB-AUT-2025Q1-0033,US Retail Bank,Auto Loan,2025Q1,26126.72,B2025Q1-02
URB-AUT-2025Q1-0034,US Retail Bank,Auto Loan,2025Q1,47500.86,B2025Q1-02
URB-AUT-2025Q1-0035,US Retail Bank,Auto Loan,2025Q1,22462.25,B2025Q1-02
URB-AUT-2025Q1-0036,US Retail Bank,Auto Loan,2025Q1,15783.73,B2025Q1-02
URB-AUT-2025Q1-0037,US Retail Bank,Auto Loan,2025Q1,26770.91,B2025Q1-02
URB-AUT-2025Q1-0038,US Retail Bank,Auto Loan,2025Q1,14145.46,B2025Q1-02
URB-AUT-2025Q1-0039,US Retail Bank,Auto Loan,2025Q1,23456.05,B2025Q1-02
URB-AUT-2025Q1-0040,US Retail Bank,Auto Loan,2025Q1,33414.07,B2025Q1-02
URB-AUT-2025Q1-0041,US Retail Bank,Auto Loan,2025Q1,23800.71,B2025Q1-02
URB-AUT-2025Q1-0042,US Retail Bank,Auto Loan,2025Q1,45853.42,B2025Q1-02
URB-AUT-2025Q1-0043,US Retail Bank,Auto Loan,2025Q1,21290.49,B2025Q1-02
URB-AUT-2025Q1-0044,US Retail Bank,Auto Loan,2025Q1,33783.34,B2025Q1-02
URB-AUT-2025Q1-0045,US Retail Bank,Auto Loan,2025Q1,25661.97,B2025Q1-02
URB-AUT-2025Q1-0046,US Retail Bank,Auto Loan,2025Q1,22956.06,B2025Q1-02
URB-AUT-2025Q1-0047,US Retail Bank,Auto Loan,2025Q1,6190.49,B2025Q1-02
URB-AUT-2025Q1-0048,US Retail Bank,Auto Loan,2025Q1,33309.65,B2025Q1-02
URB-AUT-2025Q1-0049,US Retail Bank,Auto Loan,2025Q1,89278.33,B2025Q1-02
URB-AUT-2025Q1-0050,US Retail Bank,Auto Loan,2025Q1,21606.3,B2025Q1-03
URB-AUT-2025Q1-0051,US Retail Bank,Auto Loan,2025Q1,14918.49,B2025Q1-03
URB-AUT-2025Q1-0052,US Retail Bank,Auto Loan,2025Q1,69459.18,B2025Q1-03
URB-AUT-2025Q1-0053,US Retail Bank,Auto Loan,2025Q1,57656.91,B2025Q1-03
URB-AUT-2025Q1-0054,US Retail Bank,Auto Loan,2025Q1,35667.33,B2025Q1-03
URB-AUT-2025Q1-0055,US Retail Bank,Auto Loan,2025Q1,25872.87,B2025Q1-03
URB-AUT-2025Q1-0056,US Retail Bank,Auto Loan,2025Q1,39880.66,B2025Q1-03
URB-AUT-2025Q1-0057,US Retail Bank,Auto Loan,2025Q1,54810.11,B2025Q1-03
URB-AUT-2025Q1-0058,US Retail Bank,Auto Loan,2025Q1,26835.76,B2025Q1-03
URB-AUT-2025Q1-0059,US Retail Bank,Auto Loan,2025Q1,36148.03,B2025Q1-03
URB-AUT-2025Q1-0060,US Retail Bank,Auto Loan,2025Q1,30736.12,B2025Q1-03
URB-AUT-2025Q1-0061,US Retail Bank,Auto Loan,2025Q1,34877.8,B2025Q1-03
URB-AUT-2025Q1-0062,US Retail Bank,Auto Loan,2025Q1,11462.28,B2025Q1-03
URB-AUT-2025Q1-0063,US Retail Bank,Auto Loan,2025Q1,20768.79,B2025Q1-03
URB-AUT-2025Q1-0064,US Retail Bank,Auto Loan,2025Q1,60957.16,B2025Q1-03
URB-AUT-2025Q1-0065,US Retail Bank,Auto Loan,2025Q1,32895.39,B2025Q1-03
URB-AUT-2025Q1-0066,US Retail Bank,Auto Loan,2025Q1,10645.82,B2025Q1-03
URB-AUT-2025Q1-0067,US Retail Bank,Auto Loan,2025Q1,51217.15,B2025Q1-03
URB-AUT-2025Q1-0068,US Retail Bank,Auto Loan,2025Q1,38864.41,B2025Q1-03
URB-AUT-2025Q1-0069,US Retail Bank,Auto Loan,2025Q1,30174.36,B2025Q1-03
URB-AUT-2025Q1-0070,US Retail Bank,Auto Loan,2025Q1,24848.97,B2025Q1-03
URB-AUT-2025Q1-0071,US Retail Bank,Auto Loan,2025Q1,21897.3,B2025Q1-03
URB-AUT-2025Q1-0072,US Retail Bank,Auto Loan,2025Q1,43877.52,B2025Q1-03
URB-AUT-2025Q1-0073,US Retail Bank,Auto Loan,2025Q1,83103.05,B2025Q1-03
URB-AUT-2025Q1-0074,US Retail Bank,Auto Loan,2025Q1,41170.24,B2025Q1-03
URB-AUT-2025Q1-0075,US Retail Bank,Auto Loan,2025Q1,52442.75,B2025Q1-04
URB-AUT-2025Q1-0076,US Retail Bank,Auto Loan,2025Q1,27757.89,B2025Q1-04
URB-AUT-2025Q1-0077,US Retail Bank,Auto Loan,2025Q1,18846.37,B2025Q1-04
URB-AUT-2025Q1-0078,US Retail Bank,Auto Loan,2025Q1,56179.24,B2025Q1-04
URB-AUT-2025Q1-0079,US Retail Bank,Auto Loan,2025Q1,45202.53,B2025Q1-04
URB-AUT-2025Q1-0080,US Retail Bank,Auto Loan,2025Q1,6689.76,B2025Q1-04
URB-AUT-2025Q2-0000,US Retail Bank,Auto Loan,2025Q2,90994.76,B2025Q2-01
URB-AUT-2025Q2-0001,US Retail Bank,Auto Loan,2025Q2,30044.25,B2025Q2-01
URB-AUT-2025Q2-0002,US Retail Bank,Auto Loan,2025Q2,82357.35,B2025Q2-01
URB-AUT-2025Q2-0003,US Retail Bank,Auto Loan,2025Q2,19158.63,B2025Q2-01
URB-AUT-2025Q2-0004,US Retail Bank,Auto Loan,2025Q2,36632.81,B2025Q2-01
URB-AUT-2025Q2-0005,US Retail Bank,Auto Loan,2025Q2,20673.65,B2025Q2-01
URB-AUT-2025Q2-0006,US Retail Bank,Auto Loan,2025Q2,54468.43,B2025Q2-01
URB-AUT-2025Q2-0007,US Retail Bank,Auto Loan,2025Q2,39202.48,B2025Q2-01
URB-AUT-2025Q2-0008,US Retail Bank,Auto Loan,2025Q2,46006.59,B2025Q2-01
URB-AUT-2025Q2-0009,US Retail Bank,Auto Loan,2025Q2,25812.77,B2025Q2-01
URB-AUT-2025Q2-0010,US Retail Bank,Auto Loan,2025Q2,36769.32,B2025Q2-01
URB-AUT-2025Q2-0011,US Retail Bank,Auto Loan,2025Q2,11284.91,B2025Q2-01
URB-AUT-2025Q2-0012,US Retail Bank,Auto Loan,2025Q2,33773.22,B2025Q2-01
URB-AUT-2025Q2-0013,US Retail Bank,Auto Loan,2025Q2,36209.96,B2025Q2-01
URB-AUT-2025Q2-0014,US Retail Bank,Auto Loan,2025Q2,30893.95,B2025Q2-01
URB-AUT-2025Q2-0015,US Retail Bank,Auto Loan,2025Q2,29962.84,B2025Q2-01
URB-AUT-2025Q2-0016,US Retail Bank,Auto Loan,2025Q2,33567.61,B2025Q2-01
URB-AUT-2025Q2-0017,US Retail Bank,Auto Loan,2025Q2,20823.08,B2025Q2-01
URB-AUT-2025Q2-0018,US Retail Bank,Auto Loan,2025Q2,29784.21,B2025Q2-01
URB-AUT-2025Q2-0019,US Retail Bank,Auto Loan,2025Q2,19926.26,B2025Q2-01
URB-AUT-2025Q2-0020,US Retail Bank,Auto Loan,2025Q2,54764.9,B2025Q2-01
URB-AUT-2025Q2-0021,US Retail Bank,Auto Loan,2025Q2,60004.92,B2025Q2-01
URB-AUT-2025Q2-0022,US Retail Bank,Auto Loan,2025Q2,54454.48,B2025Q2-01
URB-AUT-2025Q2-0023,US Retail Bank,Auto Loan,2025Q2,28858.85,B2025Q2-01
URB-AUT-2025Q2-0024,US Retail Bank,Auto Loan,2025Q2,33784.72,B2025Q2-01
URB-AUT-2025Q2-0025,US Retail Bank,Auto Loan,2025Q2,78419.02,B2025Q2-02
URB-AUT-2025Q2-0026,US Retail Bank,Auto Loan,2025Q2,62573.6,B2025Q2-02
URB-AUT-2025Q2-0027,US Retail Bank,Auto Loan,2025Q2,76295.84,B2025Q2-02
URB-AUT-2025Q2-0028,US Retail Bank,Auto Loan,2025Q2,24530.97,B2025Q2-02
URB-AUT-2025Q2-0029,US Retail Bank,Auto Loan,2025Q2,30524.54,B2025Q2-02
URB-AUT-2025Q2-0030,US Retail Bank,Auto Loan,2025Q2,25711.35,B2025Q2-02
URB-AUT-2025Q2-0031,US Retail Bank,Auto Loan,2025Q2,25495.35,B2025Q2-02
URB-AUT-2025Q2-0032,US Retail Bank,Auto Loan,2025Q2,19789.76,B2025Q2-02
URB-AUT-2025Q2-0033,US Retail Bank,Auto Loan,2025Q2,27138.07,B2025Q2-02
URB-AUT-2025Q2-0034,US Retail Bank,Auto Loan,2025Q2,20565.61,B2025Q2-02
URB-AUT-2025Q2-0035,US Retail Bank,Auto Loan,2025Q2,29412.37,B2025Q2-02
URB-AUT-2025Q2-0036,US Retail Bank,Auto Loan,2025Q2,68392.73,B2025Q2-02
URB-AUT-2025Q2-0037,US Retail Bank,Auto Loan,2025Q2,9779.64,B2025Q2-02
URB-AUT-2025Q2-0038,US Retail Bank,Auto Loan,2025Q2,34235.32,B2025Q2-02
URB-AUT-2025Q2-0039,US Retail Bank,Auto Loan,2025Q2,46540.44,B2025Q2-02
URB-AUT-2025Q2-0040,US Retail Bank,Auto Loan,2025Q2,27910.98,B2025Q2-02
URB-AUT-2025Q2-0041,US Retail Bank,Auto Loan,2025Q2,26595.56,B2025Q2-02
URB-AUT-2025Q2-0042,US Retail Bank,Auto Loan,2025Q2,13816.19,B2025Q2-02
URB-AUT-2025Q2-0043,US Retail Bank,Auto Loan,2025Q2,25810.69,B2025Q2-02
URB-AUT-2025Q2-0044,US Retail Bank,Auto Loan,2025Q2,22166.36,B2025Q2-02
URB-AUT-2025Q2-0045,US Retail Bank,Auto Loan,2025Q2,33471.56,B2025Q2-02
URB-AUT-2025Q2-0046,US Retail Bank,Auto Loan,2025Q2,24261.03,B2025Q2-02
URB-AUT-2025Q2-0047,US Retail Bank,Auto Loan,2025Q2,64950.06,B2025Q2-02
URB-AUT-2025Q2-0048,US Retail Bank,Auto Loan,2025Q2,13374.19,B2025Q2-02
URB-AUT-2025Q2-0049,US Retail Bank,Auto Loan,2025Q2,22665.66,B2025Q2-02
URB-AUT-2025Q2-0050,US Retail Bank,Auto Loan,2025Q2,37148.21,B2025Q2-03
URB-AUT-2025Q2-0051,US Retail Bank,Auto Loan,2025Q2,82273.17,B2025Q2-03
URB-AUT-2025Q2-0052,US Retail Bank,Auto Loan,2025Q2,46453.82,B2025Q2-03
URB-AUT-2025Q2-0053,US Retail Bank,Auto Loan,2025Q2,15240.05,B2025Q2-03
URB-AUT-2025Q2-0054,US Retail Bank,Auto Loan,2025Q2,11720.38,B2025Q2-03
URB-AUT-2025Q2-0055,US Retail Bank,Auto Loan,2025Q2,22533.01,B2025Q2-03
URB-AUT-2025Q2-0056,US Retail Bank,Auto Loan,2025Q2,24733.6,B2025Q2-03
URB-AUT-2025Q2-0057,US Retail Bank,Auto Loan,2025Q2,15449.63,B2025Q2-03
URB-AUT-2025Q2-0058,US Retail Bank,Auto Loan,2025Q2,23042.88,B2025Q2-03
URB-AUT-2025Q2-0059,US Retail Bank,Auto Loan,2025Q2,46056.86,B2025Q2-03
URB-AUT-2025Q2-0060,US Retail Bank,Auto Loan,2025Q2,33870.52,B2025Q2-03
URB-AUT-2025Q2-0061,US Retail Bank,Auto Loan,2025Q2,48759.72,B2025Q2-03
URB-AUT-2025Q2-0062,US Retail Bank,Auto Loan,2025Q2,19817.86,B2025Q2-03
URB-AUT-2025Q2-0063,US Retail Bank,Auto Loan,2025Q2,28617.86,B2025Q2-03
URB-AUT-2025Q2-0064,US Retail Bank,Auto Loan,2025Q2,12453.07,B2025Q2-03
URB-AUT-2025Q2-0065,US Retail Bank,Auto Loan,2025Q2,12459.16,B2025Q2-03
URB-AUT-2025Q2-0066,US Retail Bank,Auto Loan,2025Q2,11060.63,B2025Q2-03
URB-AUT-2025Q2-0067,US Retail Bank,Auto Loan,2025Q2,17564.29,B2025Q2-03
URB-AUT-2025Q2-0068,US Retail Bank,Auto Loan,2025Q2,29163.46,B2025Q2-03
URB-AUT-2025Q2-0069,US Retail Bank,Auto Loan,2025Q2,88255.96,B2025Q2-03
URB-AUT-2025Q2-0070,US Retail Bank,Auto Loan,2025Q2,25025.69,B2025Q2-03
URB-AUT-2025Q2-0071,US Retail Bank,Auto Loan,2025Q2,28136.18,B2025Q2-03
URB-AUT-2025Q2-0072,US Retail Bank,Auto Loan,2025Q2,65617.97,B2025Q2-03
URB-AUT-2025Q2-0073,US Retail Bank,Auto Loan,2025Q2,12940.64,B2025Q2-03
URB-AUT-2025Q2-0074,US Retail Bank,Auto Loan,2025Q2,13332.66,B2025Q2-03
URB-AUT-2025Q2-0075,US Retail Bank,Auto Loan,2025Q2,74398.82,B2025Q2-04
URB-AUT-2025Q2-0076,US Retail Bank,Auto Loan,2025Q2,19638.08,B2025Q2-04
URB-AUT-2025Q2-0077,US Retail Bank,Auto Loan,2025Q2,124576.01,B2025Q2-04
URB-AUT-2025Q2-0078,US Retail Bank,Auto Loan,2025Q2,21022.98,B2025Q2-04
URB-AUT-2025Q2-0079,US Retail Bank,Auto Loan,2025Q2,18427.13,B2025Q2-04
URB-AUT-2025Q2-0080,US Retail Bank,Auto Loan,2025Q2,19498.86,B2025Q2-04
URB-AUT-2025Q2-0000,US Retail Bank,Auto Loan,2025Q2,90994.76,B2025Q2-01-REPLAY
URB-CRE-2025Q1-0000,US Retail Bank,Credit Card,2025Q1,7484.16,B2025Q1-01
URB-CRE-2025Q1-0001,US Retail Bank,Credit Card,2025Q1,7174.1,B2025Q1-01
URB-CRE-2025Q1-0002,US Retail Bank,Credit Card,2025Q1,3983.61,B2025Q1-01
URB-CRE-2025Q1-0003,US Retail Bank,Credit Card,2025Q1,5779.53,B2025Q1-01
URB-CRE-2025Q1-0004,US Retail Bank,Credit Card,2025Q1,4134.53,B2025Q1-01
URB-CRE-2025Q1-0005,US Retail Bank,Credit Card,2025Q1,7630.32,B2025Q1-01
URB-CRE-2025Q1-0006,US Retail Bank,Credit Card,2025Q1,6027.06,B2025Q1-01
URB-CRE-2025Q1-0007,US Retail Bank,Credit Card,2025Q1,7837.17,B2025Q1-01
URB-CRE-2025Q1-0008,US Retail Bank,Credit Card,2025Q1,5478.79,B2025Q1-01
URB-CRE-2025Q1-0009,US Retail Bank,Credit Card,2025Q1,5714.92,B2025Q1-01
URB-CRE-2025Q1-0010,US Retail Bank,Credit Card,2025Q1,8206.53,B2025Q1-01
URB-CRE-2025Q1-0011,US Retail Bank,Credit Card,2025Q1,3777.01,B2025Q1-01
URB-CRE-2025Q1-0012,US Retail Bank,Credit Card,2025Q1,11361.55,B2025Q1-01
URB-CRE-2025Q1-0013,US Retail Bank,Credit Card,2025Q1,6950.54,B2025Q1-01
URB-CRE-2025Q1-0014,US Retail Bank,Credit Card,2025Q1,11154.43,B2025Q1-01
URB-CRE-2025Q1-0015,US Retail Bank,Credit Card,2025Q1,2522.97,B2025Q1-01
URB-CRE-2025Q1-0016,US Retail Bank,Credit Card,2025Q1,3041.26,B2025Q1-01
URB-CRE-2025Q1-0017,US Retail Bank,Credit Card,2025Q1,25182.34,B2025Q1-01
URB-CRE-2025Q1-0018,US Retail Bank,Credit Card,2025Q1,7609.03,B2025Q1-01
URB-CRE-2025Q1-0019,US Retail Bank,Credit Card,2025Q1,9735.55,B2025Q1-01
URB-CRE-2025Q1-0020,US Retail Bank,Credit Card,2025Q1,5563.94,B2025Q1-01
URB-CRE-2025Q1-0021,US Retail Bank,Credit Card,2025Q1,9022.01,B2025Q1-01
URB-CRE-2025Q1-0022,US Retail Bank,Credit Card,2025Q1,9512.09,B2025Q1-01
URB-CRE-2025Q1-0023,US Retail Bank,Credit Card,2025Q1,6646.07,B2025Q1-01
URB-CRE-2025Q1-0024,US Retail Bank,Credit Card,2025Q1,1901.56,B2025Q1-01
URB-CRE-2025Q1-0025,US Retail Bank,Credit Card,2025Q1,7327.46,B2025Q1-02
URB-CRE-2025Q1-0026,US Retail Bank,Credit Card,2025Q1,8471.46,B2025Q1-02
URB-CRE-2025Q1-0027,US Retail Bank,Credit Card,2025Q1,6020.76,B2025Q1-02
URB-CRE-2025Q1-0028,US Retail Bank,Credit Card,2025Q1,3614.52,B2025Q1-02
URB-CRE-2025Q1-0029,US Retail Bank,Credit Card,2025Q1,8262.75,B2025Q1-02
URB-CRE-2025Q1-0030,US Retail Bank,Credit Card,2025Q1,3682.44,B2025Q1-02
URB-CRE-2025Q1-0031,US Retail Bank,Credit Card,2025Q1,6705.68,B2025Q1-02
URB-CRE-2025Q1-0032,US Retail Bank,Credit Card,2025Q1,12596.43,B2025Q1-02
URB-CRE-2025Q1-0033,US Retail Bank,Credit Card,2025Q1,4600.08,B2025Q1-02
URB-CRE-2025Q1-0034,US Retail Bank,Credit Card,2025Q1,6936.06,B2025Q1-02
URB-CRE-2025Q1-0035,US Retail Bank,Credit Card,2025Q1,8195.76,B2025Q1-02
URB-CRE-2025Q1-0036,US Retail Bank,Credit Card,2025Q1,6398.31,B2025Q1-02
URB-CRE-2025Q1-0037,US Retail Bank,Credit Card,2025Q1,2738.28,B2025Q1-02
URB-CRE-2025Q1-0038,US Retail Bank,Credit Card,2025Q1,4486.11,B2025Q1-02
URB-CRE-2025Q1-0039,US Retail Bank,Credit Card,2025Q1,12133.17,B2025Q1-02
URB-CRE-2025Q1-0040,US Retail Bank,Credit Card,2025Q1,5214.87,B2025Q1-02
URB-CRE-2025Q1-0041,US Retail Bank,Credit Card,2025Q1,10039.5,B2025Q1-02
URB-CRE-2025Q1-0042,US Retail Bank,Credit Card,2025Q1,8526.61,B2025Q1-02
URB-CRE-2025Q1-0043,US Retail Bank,Credit Card,2025Q1,7567.53,B2025Q1-02
URB-CRE-2025Q1-0044,US Retail Bank,Credit Card,2025Q1,4347.68,B2025Q1-02
URB-CRE-2025Q1-0045,US Retail Bank,Credit Card,2025Q1,5850.79,B2025Q1-02
URB-CRE-2025Q1-0046,US Retail Bank,Credit Card,2025Q1,13372.95,B2025Q1-02
URB-CRE-2025Q1-0047,US Retail Bank,Credit Card,2025Q1,3743.3,B2025Q1-02
URB-CRE-2025Q1-0048,US Retail Bank,Credit Card,2025Q1,2325.94,B2025Q1-02
URB-CRE-2025Q1-0049,US Retail Bank,Credit Card,2025Q1,3122.86,B2025Q1-02
URB-CRE-2025Q1-0050,US Retail Bank,Credit Card,2025Q1,4740.49,B2025Q1-03
URB-CRE-2025Q1-0051,US Retail Bank,Credit Card,2025Q1,4257.57,B2025Q1-03
URB-CRE-2025Q1-0052,US Retail Bank,Credit Card,2025Q1,4574.15,B2025Q1-03
URB-CRE-2025Q1-0053,US Retail Bank,Credit Card,2025Q1,5169.96,B2025Q1-03
URB-CRE-2025Q1-0054,US Retail Bank,Credit Card,2025Q1,5353.03,B2025Q1-03
URB-CRE-2025Q1-0055,US Retail Bank,Credit Card,2025Q1,7679.99,B2025Q1-03
URB-CRE-2025Q1-0056,US Retail Bank,Credit Card,2025Q1,6275.59,B2025Q1-03
URB-CRE-2025Q1-0057,US Retail Bank,Credit Card,2025Q1,4047.0,B2025Q1-03
URB-CRE-2025Q1-0058,US Retail Bank,Credit Card,2025Q1,5838.96,B2025Q1-03
URB-CRE-2025Q1-0059,US Retail Bank,Credit Card,2025Q1,7333.04,B2025Q1-03
URB-CRE-2025Q1-0060,US Retail Bank,Credit Card,2025Q1,4295.2,B2025Q1-03
URB-CRE-2025Q1-0061,US Retail Bank,Credit Card,2025Q1,2822.04,B2025Q1-03
URB-CRE-2025Q1-0062,US Retail Bank,Credit Card,2025Q1,4873.51,B2025Q1-03
URB-CRE-2025Q1-0063,US Retail Bank,Credit Card,2025Q1,17879.76,B2025Q1-03
URB-CRE-2025Q1-0064,US Retail Bank,Credit Card,2025Q1,10025.24,B2025Q1-03
URB-CRE-2025Q1-0065,US Retail Bank,Credit Card,2025Q1,4794.77,B2025Q1-03
URB-CRE-2025Q1-0066,US Retail Bank,Credit Card,2025Q1,13349.57,B2025Q1-03
URB-CRE-2025Q1-0067,US Retail Bank,Credit Card,2025Q1,8776.79,B2025Q1-03
URB-CRE-2025Q1-0068,US Retail Bank,Credit Card,2025Q1,14157.27,B2025Q1-03
URB-CRE-2025Q1-0069,US Retail Bank,Credit Card,2025Q1,8401.22,B2025Q1-03
URB-CRE-2025Q1-0070,US Retail Bank,Credit Card,2025Q1,2513.96,B2025Q1-03
URB-CRE-2025Q1-0071,US Retail Bank,Credit Card,2025Q1,7779.01,B2025Q1-03
URB-CRE-2025Q1-0072,US Retail Bank,Credit Card,2025Q1,5160.44,B2025Q1-03
URB-CRE-2025Q1-0073,US Retail Bank,Credit Card,2025Q1,5339.79,B2025Q1-03
URB-CRE-2025Q1-0074,US Retail Bank,Credit Card,2025Q1,4656.08,B2025Q1-03
URB-CRE-2025Q1-0075,US Retail Bank,Credit Card,2025Q1,3869.95,B2025Q1-04
URB-CRE-2025Q1-0076,US Retail Bank,Credit Card,2025Q1,4973.97,B2025Q1-04
URB-CRE-2025Q1-0077,US Retail Bank,Credit Card,2025Q1,8125.11,B2025Q1-04
URB-CRE-2025Q1-0078,US Retail Bank,Credit Card,2025Q1,3173.73,B2025Q1-04
URB-CRE-2025Q1-0079,US Retail Bank,Credit Card,2025Q1,8830.53,B2025Q1-04
URB-CRE-2025Q1-0080,US Retail Bank,Credit Card,2025Q1,7955.59,B2025Q1-04
URB-CRE-2025Q1-0081,US Retail Bank,Credit Card,2025Q1,5225.53,B2025Q1-04
URB-CRE-2025Q1-0082,US Retail Bank,Credit Card,2025Q1,5938.06,B2025Q1-04
URB-CRE-2025Q1-0083,US Retail Bank,Credit Card,2025Q1,13320.63,B2025Q1-04
URB-CRE-2025Q1-0084,US Retail Bank,Credit Card,2025Q1,10382.78,B2025Q1-04
URB-CRE-2025Q1-0085,US Retail Bank,Credit Card,2025Q1,10695.48,B2025Q1-04
URB-CRE-2025Q1-0086,US Retail Bank,Credit Card,2025Q1,1614.03,B2025Q1-04
URB-CRE-2025Q1-0087,US Retail Bank,Credit Card,2025Q1,7001.06,B2025Q1-04
URB-CRE-2025Q1-0088,US Retail Bank,Credit Card,2025Q1,13665.45,B2025Q1-04
URB-CRE-2025Q1-0089,US Retail Bank,Credit Card,2025Q1,6342.59,B2025Q1-04
URB-CRE-2025Q1-0090,US Retail Bank,Credit Card,2025Q1,6524.3,B2025Q1-04
URB-CRE-2025Q1-0091,US Retail Bank,Credit Card,2025Q1,10736.01,B2025Q1-04
URB-CRE-2025Q1-0092,US Retail Bank,Credit Card,2025Q1,5540.31,B2025Q1-04
URB-CRE-2025Q1-0093,US Retail Bank,Credit Card,2025Q1,6169.54,B2025Q1-04
URB-CRE-2025Q1-0094,US Retail Bank,Credit Card,2025Q1,17344.63,B2025Q1-04
URB-CRE-2025Q1-0095,US Retail Bank,Credit Card,2025Q1,3788.29,B2025Q1-04
URB-CRE-2025Q1-0096,US Retail Bank,Credit Card,2025Q1,4814.46,B2025Q1-04
URB-CRE-2025Q1-0097,US Retail Bank,Credit Card,2025Q1,3035.67,B2025Q1-04
URB-CRE-2025Q1-0098,US Retail Bank,Credit Card,2025Q1,6648.12,B2025Q1-04
URB-CRE-2025Q1-0099,US Retail Bank,Credit Card,2025Q1,7155.4,B2025Q1-04
URB-CRE-2025Q1-0100,US Retail Bank,Credit Card,2025Q1,14644.93,B2025Q1-05
URB-CRE-2025Q1-0101,US Retail Bank,Credit Card,2025Q1,3643.58,B2025Q1-05
URB-CRE-2025Q1-0102,US Retail Bank,Credit Card,2025Q1,4535.14,B2025Q1-05
URB-CRE-2025Q1-0103,US Retail Bank,Credit Card,2025Q1,6419.47,B2025Q1-05
URB-CRE-2025Q1-0104,US Retail Bank,Credit Card,2025Q1,16339.78,B2025Q1-05
URB-CRE-2025Q1-0105,US Retail Bank,Credit Card,2025Q1,4642.23,B2025Q1-05
URB-CRE-2025Q1-0106,US Retail Bank,Credit Card,2025Q1,10165.77,B2025Q1-05
URB-CRE-2025Q1-0107,US Retail Bank,Credit Card,2025Q1,15949.52,B2025Q1-05
URB-CRE-2025Q1-0108,US Retail Bank,Credit Card,2025Q1,4971.33,B2025Q1-05
URB-CRE-2025Q1-0109,US Retail Bank,Credit Card,2025Q1,4166.14,B2025Q1-05
URB-CRE-2025Q1-0110,US Retail Bank,Credit Card,2025Q1,6835.26,B2025Q1-05
URB-CRE-2025Q1-0111,US Retail Bank,Credit Card,2025Q1,7696.71,B2025Q1-05
URB-CRE-2025Q1-0112,US Retail Bank,Credit Card,2025Q1,1997.16,B2025Q1-05
URB-CRE-2025Q1-0113,US Retail Bank,Credit Card,2025Q1,13512.99,B2025Q1-05
URB-CRE-2025Q1-0114,US Retail Bank,Credit Card,2025Q1,4346.95,B2025Q1-05
URB-CRE-2025Q1-0115,US Retail Bank,Credit Card,2025Q1,2613.23,B2025Q1-05
URB-CRE-2025Q1-0116,US Retail Bank,Credit Card,2025Q1,6123.78,B2025Q1-05
URB-CRE-2025Q1-0117,US Retail Bank,Credit Card,2025Q1,2873.93,B2025Q1-05
URB-CRE-2025Q1-0118,US Retail Bank,Credit Card,2025Q1,6645.92,B2025Q1-05
URB-CRE-2025Q1-0119,US Retail Bank,Credit Card,2025Q1,5326.28,B2025Q1-05
URB-CRE-2025Q1-0120,US Retail Bank,Credit Card,2025Q1,5098.88,B2025Q1-05
URB-CRE-2025Q2-0000,US Retail Bank,Credit Card,2025Q2,6250.53,B2025Q2-01
URB-CRE-2025Q2-0001,US Retail Bank,Credit Card,2025Q2,3637.82,B2025Q2-01
URB-CRE-2025Q2-0002,US Retail Bank,Credit Card,2025Q2,15615.56,B2025Q2-01
URB-CRE-2025Q2-0003,US Retail Bank,Credit Card,2025Q2,5795.95,B2025Q2-01
URB-CRE-2025Q2-0004,US Retail Bank,Credit Card,2025Q2,11553.13,B2025Q2-01
URB-CRE-2025Q2-0005,US Retail Bank,Credit Card,2025Q2,15583.24,B2025Q2-01
URB-CRE-2025Q2-0006,US Retail Bank,Credit Card,2025Q2,16085.07,B2025Q2-01
URB-CRE-2025Q2-0007,US Retail Bank,Credit Card,2025Q2,8849.69,B2025Q2-01
URB-CRE-2025Q2-0008,US Retail Bank,Credit Card,2025Q2,8556.88,B2025Q2-01
URB-CRE-2025Q2-0009,US Retail Bank,Credit Card,2025Q2,11674.03,B2025Q2-01
URB-CRE-2025Q2-0010,US Retail Bank,Credit Card,2025Q2,6615.83,B2025Q2-01
URB-CRE-2025Q2-0011,US Retail Bank,Credit Card,2025Q2,7573.73,B2025Q2-01
URB-CRE-2025Q2-0012,US Retail Bank,Credit Card,2025Q2,9611.83,B2025Q2-01
URB-CRE-2025Q2-0013,US Retail Bank,Credit Card,2025Q2,10572.93,B2025Q2-01
URB-CRE-2025Q2-0014,US Retail Bank,Credit Card,2025Q2,3418.17,B2025Q2-01
URB-CRE-2025Q2-0015,US Retail Bank,Credit Card,2025Q2,7750.18,B2025Q2-01
URB-CRE-2025Q2-0016,US Retail Bank,Credit Card,2025Q2,12600.58,B2025Q2-01
URB-CRE-2025Q2-0017,US Retail Bank,Credit Card,2025Q2,6505.98,B2025Q2-01
URB-CRE-2025Q2-0018,US Retail Bank,Credit Card,2025Q2,4877.53,B2025Q2-01
URB-CRE-2025Q2-0019,US Retail Bank,Credit Card,2025Q2,9408.83,B2025Q2-01
URB-CRE-2025Q2-0020,US Retail Bank,Credit Card,2025Q2,12801.27,B2025Q2-01
URB-CRE-2025Q2-0021,US Retail Bank,Credit Card,2025Q2,8501.09,B2025Q2-01
URB-CRE-2025Q2-0022,US Retail Bank,Credit Card,2025Q2,6844.82,B2025Q2-01
URB-CRE-2025Q2-0023,US Retail Bank,Credit Card,2025Q2,6750.58,B2025Q2-01
URB-CRE-2025Q2-0024,US Retail Bank,Credit Card,2025Q2,11511.49,B2025Q2-01
URB-CRE-2025Q2-0025,US Retail Bank,Credit Card,2025Q2,8839.65,B2025Q2-02
URB-CRE-2025Q2-0026,US Retail Bank,Credit Card,2025Q2,7175.06,B2025Q2-02
URB-CRE-2025Q2-0027,US Retail Bank,Credit Card,2025Q2,10819.16,B2025Q2-02
URB-CRE-2025Q2-0028,US Retail Bank,Credit Card,2025Q2,10507.03,B2025Q2-02
URB-CRE-2025Q2-0029,US Retail Bank,Credit Card,2025Q2,2446.38,B2025Q2-02
URB-CRE-2025Q2-0030,US Retail Bank,Credit Card,2025Q2,8093.24,B2025Q2-02
URB-CRE-2025Q2-0031,US Retail Bank,Credit Card,2025Q2,3204.3,B2025Q2-02
URB-CRE-2025Q2-0032,US Retail Bank,Credit Card,2025Q2,3934.71,B2025Q2-02
URB-CRE-2025Q2-0033,US Retail Bank,Credit Card,2025Q2,4459.36,B2025Q2-02
URB-CRE-2025Q2-0034,US Retail Bank,Credit Card,2025Q2,4247.47,B2025Q2-02
URB-CRE-2025Q2-0035,US Retail Bank,Credit Card,2025Q2,4387.53,B2025Q2-02
URB-CRE-2025Q2-0036,US Retail Bank,Credit Card,2025Q2,16716.66,B2025Q2-02
URB-CRE-2025Q2-0037,US Retail Bank,Credit Card,2025Q2,5253.58,B2025Q2-02
URB-CRE-2025Q2-0038,US Retail Bank,Credit Card,2025Q2,11870.46,B2025Q2-02
URB-CRE-2025Q2-0039,US Retail Bank,Credit Card,2025Q2,7424.64,B2025Q2-02
URB-CRE-2025Q2-0040,US Retail Bank,Credit Card,2025Q2,2302.92,B2025Q2-02
URB-CRE-2025Q2-0041,US Retail Bank,Credit Card,2025Q2,8760.97,B2025Q2-02
URB-CRE-2025Q2-0042,US Retail Bank,Credit Card,2025Q2,2406.31,B2025Q2-02
URB-CRE-2025Q2-0043,US Retail Bank,Credit Card,2025Q2,3716.07,B2025Q2-02
URB-CRE-2025Q2-0044,US Retail Bank,Credit Card,2025Q2,9911.39,B2025Q2-02
URB-CRE-2025Q2-0045,US Retail Bank,Credit Card,2025Q2,10045.68,B2025Q2-02
URB-CRE-2025Q2-0046,US Retail Bank,Credit Card,2025Q2,13264.86,B2025Q2-02
URB-CRE-2025Q2-0047,US Retail Bank,Credit Card,2025Q2,6423.39,B2025Q2-02
URB-CRE-2025Q2-0048,US Retail Bank,Credit Card,2025Q2,20766.45,B2025Q2-02
URB-CRE-2025Q2-0049,US Retail Bank,Credit Card,2025Q2,4391.02,B2025Q2-02
URB-CRE-2025Q2-0050,US Retail Bank,Credit Card,2025Q2,6355.02,B2025Q2-03
URB-CRE-2025Q2-0051,US Retail Bank,Credit Card,2025Q2,5643.74,B2025Q2-03
URB-CRE-2025Q2-0052,US Retail Bank,Credit Card,2025Q2,3259.3,B2025Q2-03
URB-CRE-2025Q2-0053,US Retail Bank,Credit Card,2025Q2,7263.44,B2025Q2-03
URB-CRE-2025Q2-0054,US Retail Bank,Credit Card,2025Q2,8031.43,B2025Q2-03
URB-CRE-2025Q2-0055,US Retail Bank,Credit Card,2025Q2,3659.43,B2025Q2-03
URB-CRE-2025Q2-0056,US Retail Bank,Credit Card,2025Q2,4891.02,B2025Q2-03
URB-CRE-2025Q2-0057,US Retail Bank,Credit Card,2025Q2,2031.91,B2025Q2-03
URB-CRE-2025Q2-0058,US Retail Bank,Credit Card,2025Q2,6079.07,B2025Q2-03
URB-CRE-2025Q2-0059,US Retail Bank,Credit Card,2025Q2,5426.79,B2025Q2-03
URB-CRE-2025Q2-0060,US Retail Bank,Credit Card,2025Q2,9561.55,B2025Q2-03
URB-CRE-2025Q2-0061,US Retail Bank,Credit Card,2025Q2,5035.54,B2025Q2-03
URB-CRE-2025Q2-0062,US Retail Bank,Credit Card,2025Q2,9420.41,B2025Q2-03
URB-CRE-2025Q2-0063,US Retail Bank,Credit Card,2025Q2,7725.85,B2025Q2-03
URB-CRE-2025Q2-0064,US Retail Bank,Credit Card,2025Q2,14825.02,B2025Q2-03
URB-CRE-2025Q2-0065,US Retail Bank,Credit Card,2025Q2,7124.01,B2025Q2-03
URB-CRE-2025Q2-0066,US Retail Bank,Credit Card,2025Q2,2917.47,B2025Q2-03
URB-CRE-2025Q2-0067,US Retail Bank,Credit Card,2025Q2,7669.78,B2025Q2-03
URB-CRE-2025Q2-0068,US Retail Bank,Credit Card,2025Q2,11947.98,B2025Q2-03
URB-CRE-2025Q2-0069,US Retail Bank,Credit Card,2025Q2,2318.82,B2025Q2-03
URB-CRE-2025Q2-0070,US Retail Bank,Credit Card,2025Q2,3156.45,B2025Q2-03
URB-CRE-2025Q2-0071,US Retail Bank,Credit Card,2025Q2,8122.39,B2025Q2-03
URB-CRE-2025Q2-0072,US Retail Bank,Credit Card,2025Q2,7111.53,B2025Q2-03
URB-CRE-2025Q2-0073,US Retail Bank,Credit Card,2025Q2,5189.4,B2025Q2-03
URB-CRE-2025Q2-0074,US Retail Bank,Credit Card,2025Q2,6986.69,B2025Q2-03
URB-CRE-2025Q2-0075,US Retail Bank,Credit Card,2025Q2,7271.51,B2025Q2-04
URB-CRE-2025Q2-0076,US Retail Bank,Credit Card,2025Q2,5405.64,B2025Q2-04
URB-CRE-2025Q2-0077,US Retail Bank,Credit Card,2025Q2,2296.41,B2025Q2-04
URB-CRE-2025Q2-0078,US Retail Bank,Credit Card,2025Q2,11522.53,B2025Q2-04
URB-CRE-2025Q2-0079,US Retail Bank,Credit Card,2025Q2,2030.94,B2025Q2-04
URB-CRE-2025Q2-0080,US Retail Bank,Credit Card,2025Q2,7087.76,B2025Q2-04
URB-CRE-2025Q2-0081,US Retail Bank,Credit Card,2025Q2,4582.89,B2025Q2-04
URB-CRE-2025Q2-0082,US Retail Bank,Credit Card,2025Q2,7173.74,B2025Q2-04
URB-CRE-2025Q2-0083,US Retail Bank,Credit Card,2025Q2,4394.96,B2025Q2-04
URB-CRE-2025Q2-0084,US Retail Bank,Credit Card,2025Q2,5017.17,B2025Q2-04
URB-CRE-2025Q2-0085,US Retail Bank,Credit Card,2025Q2,6433.75,B2025Q2-04
URB-CRE-2025Q2-0086,US Retail Bank,Credit Card,2025Q2,17793.12,B2025Q2-04
URB-CRE-2025Q2-0087,US Retail Bank,Credit Card,2025Q2,6085.42,B2025Q2-04
URB-CRE-2025Q2-0088,US Retail Bank,Credit Card,2025Q2,4325.2,B2025Q2-04
URB-CRE-2025Q2-0089,US Retail Bank,Credit Card,2025Q2,4039.48,B2025Q2-04
URB-CRE-2025Q2-0090,US Retail Bank,Credit Card,2025Q2,2480.27,B2025Q2-04
URB-CRE-2025Q2-0091,US Retail Bank,Credit Card,2025Q2,9666.08,B2025Q2-04
URB-CRE-2025Q2-0092,US Retail Bank,Credit Card,2025Q2,7144.44,B2025Q2-04
URB-CRE-2025Q2-0093,US Retail Bank,Credit Card,2025Q2,10963.33,B2025Q2-04
URB-CRE-2025Q2-0094,US Retail Bank,Credit Card,2025Q2,10023.27,B2025Q2-04
URB-CRE-2025Q2-0095,US Retail Bank,Credit Card,2025Q2,3065.12,B2025Q2-04
URB-CRE-2025Q2-0096,US Retail Bank,Credit Card,2025Q2,6533.7,B2025Q2-04
URB-CRE-2025Q2-0097,US Retail Bank,Credit Card,2025Q2,2984.54,B2025Q2-04
URB-CRE-2025Q2-0098,US Retail Bank,Credit Card,2025Q2,6737.23,B2025Q2-04
URB-CRE-2025Q2-0099,US Retail Bank,Credit Card,2025Q2,10467.53,B2025Q2-04
URB-CRE-2025Q2-0100,US Retail Bank,Credit Card,2025Q2,2297.9,B2025Q2-05
URB-CRE-2025Q2-0101,US Retail Bank,Credit Card,2025Q2,5047.5,B2025Q2-05
URB-CRE-2025Q2-0102,US Retail Bank,Credit Card,2025Q2,4763.93,B2025Q2-05
URB-CRE-2025Q2-0103,US Retail Bank,Credit Card,2025Q2,3602.71,B2025Q2-05
URB-CRE-2025Q2-0104,US Retail Bank,Credit Card,2025Q2,16904.1,B2025Q2-05
URB-CRE-2025Q2-0105,US Retail Bank,Credit Card,2025Q2,4848.48,B2025Q2-05
URB-CRE-2025Q2-0106,US Retail Bank,Credit Card,2025Q2,3166.39,B2025Q2-05
URB-CRE-2025Q2-0107,US Retail Bank,Credit Card,2025Q2,8341.05,B2025Q2-05
URB-CRE-2025Q2-0108,US Retail Bank,Credit Card,2025Q2,7078.98,B2025Q2-05
URB-CRE-2025Q2-0109,US Retail Bank,Credit Card,2025Q2,4887.95,B2025Q2-05
URB-CRE-2025Q2-0110,US Retail Bank,Credit Card,2025Q2,12914.12,B2025Q2-05
URB-CRE-2025Q2-0111,US Retail Bank,Credit Card,2025Q2,8921.69,B2025Q2-05
URB-CRE-2025Q2-0112,US Retail Bank,Credit Card,2025Q2,13267.33,B2025Q2-05
URB-CRE-2025Q2-0113,US Retail Bank,Credit Card,2025Q2,6426.25,B2025Q2-05
URB-CRE-2025Q2-0114,US Retail Bank,Credit Card,2025Q2,5234.49,B2025Q2-05
URB-CRE-2025Q2-0115,US Retail Bank,Credit Card,2025Q2,5310.07,B2025Q2-05
URB-CRE-2025Q2-0116,US Retail Bank,Credit Card,2025Q2,3238.96,B2025Q2-05
URB-CRE-2025Q2-0117,US Retail Bank,Credit Card,2025Q2,2832.03,B2025Q2-05
URB-CRE-2025Q2-0118,US Retail Bank,Credit Card,2025Q2,5284.77,B2025Q2-05
URB-CRE-2025Q2-0119,US Retail Bank,Credit Card,2025Q2,3691.66,B2025Q2-05
URB-CRE-2025Q2-0120,US Retail Bank,Credit Card,2025Q2,7066.54,B2025Q2-05
URB-PER-2025Q1-0000,US Retail Bank,Personal Loan,2025Q1,9289.01,B2025Q1-01
URB-PER-2025Q1-0001,US Retail Bank,Personal Loan,2025Q1,17892.59,B2025Q1-01
URB-PER-2025Q1-0002,US Retail Bank,Personal Loan,2025Q1,16965.03,B2025Q1-01
URB-PER-2025Q1-0003,US Retail Bank,Personal Loan,2025Q1,12044.01,B2025Q1-01
URB-PER-2025Q1-0004,US Retail Bank,Personal Loan,2025Q1,2922.69,B2025Q1-01
URB-PER-2025Q1-0005,US Retail Bank,Personal Loan,2025Q1,20699.68,B2025Q1-01
URB-PER-2025Q1-0006,US Retail Bank,Personal Loan,2025Q1,13053.62,B2025Q1-01
URB-PER-2025Q1-0007,US Retail Bank,Personal Loan,2025Q1,30254.29,B2025Q1-01
URB-PER-2025Q1-0008,US Retail Bank,Personal Loan,2025Q1,21559.56,B2025Q1-01
URB-PER-2025Q1-0009,US Retail Bank,Personal Loan,2025Q1,26689.34,B2025Q1-01
URB-PER-2025Q1-0010,US Retail Bank,Personal Loan,2025Q1,7280.71,B2025Q1-01
URB-PER-2025Q1-0011,US Retail Bank,Personal Loan,2025Q1,15441.95,B2025Q1-01
URB-PER-2025Q1-0012,US Retail Bank,Personal Loan,2025Q1,33402.5,B2025Q1-01
URB-PER-2025Q1-0013,US Retail Bank,Personal Loan,2025Q1,19532.72,B2025Q1-01
URB-PER-2025Q1-0014,US Retail Bank,Personal Loan,2025Q1,11407.78,B2025Q1-01
URB-PER-2025Q1-0015,US Retail Bank,Personal Loan,2025Q1,12335.89,B2025Q1-01
URB-PER-2025Q1-0016,US Retail Bank,Personal Loan,2025Q1,22486.11,B2025Q1-01
URB-PER-2025Q1-0017,US Retail Bank,Personal Loan,2025Q1,17900.99,B2025Q1-01
URB-PER-2025Q1-0018,US Retail Bank,Personal Loan,2025Q1,7788.79,B2025Q1-01
URB-PER-2025Q1-0019,US Retail Bank,Personal Loan,2025Q1,19439.84,B2025Q1-01
URB-PER-2025Q1-0020,US Retail Bank,Personal Loan,2025Q1,39467.35,B2025Q1-01
URB-PER-2025Q1-0021,US Retail Bank,Personal Loan,2025Q1,19561.89,B2025Q1-01
URB-PER-2025Q1-0022,US Retail Bank,Personal Loan,2025Q1,22504.48,B2025Q1-01
URB-PER-2025Q1-0023,US Retail Bank,Personal Loan,2025Q1,18027.35,B2025Q1-01
URB-PER-2025Q1-0024,US Retail Bank,Personal Loan,2025Q1,31080.81,B2025Q1-01
URB-PER-2025Q1-0025,US Retail Bank,Personal Loan,2025Q1,6037.99,B2025Q1-02
URB-PER-2025Q1-0026,US Retail Bank,Personal Loan,2025Q1,10725.29,B2025Q1-02
URB-PER-2025Q1-0027,US Retail Bank,Personal Loan,2025Q1,20715.79,B2025Q1-02
URB-PER-2025Q1-0028,US Retail Bank,Personal Loan,2025Q1,18947.55,B2025Q1-02
URB-PER-2025Q1-0029,US Retail Bank,Personal Loan,2025Q1,32079.71,B2025Q1-02
URB-PER-2025Q1-0030,US Retail Bank,Personal Loan,2025Q1,12630.38,B2025Q1-02
URB-PER-2025Q1-0031,US Retail Bank,Personal Loan,2025Q1,13605.8,B2025Q1-02
URB-PER-2025Q1-0032,US Retail Bank,Personal Loan,2025Q1,13637.19,B2025Q1-02
URB-PER-2025Q1-0033,US Retail Bank,Personal Loan,2025Q1,11851.52,B2025Q1-02
URB-PER-2025Q1-0034,US Retail Bank,Personal Loan,2025Q1,18017.61,B2025Q1-02
URB-PER-2025Q1-0035,US Retail Bank,Personal Loan,2025Q1,10587.89,B2025Q1-02
URB-PER-2025Q1-0036,US Retail Bank,Personal Loan,2025Q1,7946.52,B2025Q1-02
URB-PER-2025Q1-0037,US Retail Bank,Personal Loan,2025Q1,11316.34,B2025Q1-02
URB-PER-2025Q1-0038,US Retail Bank,Personal Loan,2025Q1,17191.04,B2025Q1-02
URB-PER-2025Q1-0039,US Retail Bank,Personal Loan,2025Q1,15413.12,B2025Q1-02
URB-PER-2025Q1-0040,US Retail Bank,Personal Loan,2025Q1,20057.78,B2025Q1-02
URB-PER-2025Q1-0041,US Retail Bank,Personal Loan,2025Q1,8464.49,B2025Q1-02
URB-PER-2025Q1-0042,US Retail Bank,Personal Loan,2025Q1,27239.45,B2025Q1-02
URB-PER-2025Q1-0043,US Retail Bank,Personal Loan,2025Q1,11791.37,B2025Q1-02
URB-PER-2025Q1-0044,US Retail Bank,Personal Loan,2025Q1,17776.17,B2025Q1-02
URB-PER-2025Q1-0045,US Retail Bank,Personal Loan,2025Q1,12851.35,B2025Q1-02
URB-PER-2025Q1-0046,US Retail Bank,Personal Loan,2025Q1,32008.29,B2025Q1-02
URB-PER-2025Q1-0047,US Retail Bank,Personal Loan,2025Q1,8369.47,B2025Q1-02
URB-PER-2025Q1-0048,US Retail Bank,Personal Loan,2025Q1,9253.29,B2025Q1-02
URB-PER-2025Q1-0049,US Retail Bank,Personal Loan,2025Q1,20847.76,B2025Q1-02
URB-PER-2025Q1-0050,US Retail Bank,Personal Loan,2025Q1,6301.57,B2025Q1-03
URB-PER-2025Q1-0051,US Retail Bank,Personal Loan,2025Q1,29173.2,B2025Q1-03
URB-PER-2025Q1-0052,US Retail Bank,Personal Loan,2025Q1,11160.83,B2025Q1-03
URB-PER-2025Q1-0053,US Retail Bank,Personal Loan,2025Q1,43134.92,B2025Q1-03
URB-PER-2025Q1-0054,US Retail Bank,Personal Loan,2025Q1,6857.75,B2025Q1-03
URB-PER-2025Q1-0055,US Retail Bank,Personal Loan,2025Q1,15371.67,B2025Q1-03
URB-PER-2025Q1-0056,US Retail Bank,Personal Loan,2025Q1,19499.76,B2025Q1-03
URB-PER-2025Q1-0057,US Retail Bank,Personal Loan,2025Q1,21239.76,B2025Q1-03
URB-PER-2025Q1-0058,US Retail Bank,Personal Loan,2025Q1,5377.3,B2025Q1-03
URB-PER-2025Q1-0059,US Retail Bank,Personal Loan,2025Q1,10333.01,B2025Q1-03
URB-PER-2025Q1-0060,US Retail Bank,Personal Loan,2025Q1,8395.56,B2025Q1-03
URB-PER-2025Q1-0061,US Retail Bank,Personal Loan,2025Q1,18406.04,B2025Q1-03
URB-PER-2025Q1-0062,US Retail Bank,Personal Loan,2025Q1,19329.31,B2025Q1-03
URB-PER-2025Q1-0063,US Retail Bank,Personal Loan,2025Q1,5585.98,B2025Q1-03
URB-PER-2025Q1-0064,US Retail Bank,Personal Loan,2025Q1,20266.38,B2025Q1-03
URB-PER-2025Q1-0065,US Retail Bank,Personal Loan,2025Q1,31443.95,B2025Q1-03
URB-PER-2025Q1-0066,US Retail Bank,Personal Loan,2025Q1,24417.86,B2025Q1-03
URB-PER-2025Q1-0067,US Retail Bank,Personal Loan,2025Q1,15379.34,B2025Q1-03
URB-PER-2025Q1-0068,US Retail Bank,Personal Loan,2025Q1,18791.67,B2025Q1-03
URB-PER-2025Q1-0069,US Retail Bank,Personal Loan,2025Q1,18923.66,B2025Q1-03
URB-PER-2025Q1-0070,US Retail Bank,Personal Loan,2025Q1,9406.16,B2025Q1-03
URB-PER-2025Q1-0071,US Retail Bank,Personal Loan,2025Q1,12617.19,B2025Q1-03
URB-PER-2025Q1-0072,US Retail Bank,Personal Loan,2025Q1,12587.55,B2025Q1-03
URB-PER-2025Q1-0073,US Retail Bank,Personal Loan,2025Q1,15288.54,B2025Q1-03
URB-PER-2025Q1-0074,US Retail Bank,Personal Loan,2025Q1,14991.34,B2025Q1-03
URB-PER-2025Q1-0075,US Retail Bank,Personal Loan,2025Q1,34599.46,B2025Q1-04
URB-PER-2025Q1-0076,US Retail Bank,Personal Loan,2025Q1,25672.29,B2025Q1-04
URB-PER-2025Q1-0077,US Retail Bank,Personal Loan,2025Q1,14174.05,B2025Q1-04
URB-PER-2025Q1-0078,US Retail Bank,Personal Loan,2025Q1,29822.14,B2025Q1-04
URB-PER-2025Q1-0079,US Retail Bank,Personal Loan,2025Q1,12096.97,B2025Q1-04
URB-PER-2025Q1-0080,US Retail Bank,Personal Loan,2025Q1,14060.45,B2025Q1-04
URB-PER-2025Q1-0081,US Retail Bank,Personal Loan,2025Q1,10041.08,B2025Q1-04
URB-PER-2025Q1-0082,US Retail Bank,Personal Loan,2025Q1,24032.45,B2025Q1-04
URB-PER-2025Q1-0083,US Retail Bank,Personal Loan,2025Q1,64280.9,B2025Q1-04
URB-PER-2025Q1-0084,US Retail Bank,Personal Loan,2025Q1,19931.61,B2025Q1-04
URB-PER-2025Q1-0085,US Retail Bank,Personal Loan,2025Q1,11187.44,B2025Q1-04
URB-PER-2025Q1-0086,US Retail Bank,Personal Loan,2025Q1,5520.72,B2025Q1-04
URB-PER-2025Q2-0000,US Retail Bank,Personal Loan,2025Q2,14553.51,B2025Q2-01
URB-PER-2025Q2-0001,US Retail Bank,Personal Loan,2025Q2,14135.2,B2025Q2-01
URB-PER-2025Q2-0002,US Retail Bank,Personal Loan,2025Q2,11462.24,B2025Q2-01
URB-PER-2025Q2-0003,US Retail Bank,Personal Loan,2025Q2,11151.7,B2025Q2-01
URB-PER-2025Q2-0004,US Retail Bank,Personal Loan,2025Q2,12827.75,B2025Q2-01
URB-PER-2025Q2-0005,US Retail Bank,Personal Loan,2025Q2,15538.91,B2025Q2-01
URB-PER-2025Q2-0006,US Retail Bank,Personal Loan,2025Q2,14073.74,B2025Q2-01
URB-PER-2025Q2-0007,US Retail Bank,Personal Loan,2025Q2,10152.18,B2025Q2-01
URB-PER-2025Q2-0008,US Retail Bank,Personal Loan,2025Q2,25168.03,B2025Q2-01
URB-PER-2025Q2-0009,US Retail Bank,Personal Loan,2025Q2,61862.67,B2025Q2-01
URB-PER-2025Q2-0010,US Retail Bank,Personal Loan,2025Q2,14707.4,B2025Q2-01
URB-PER-2025Q2-0011,US Retail Bank,Personal Loan,2025Q2,18506.31,B2025Q2-01
URB-PER-2025Q2-0012,US Retail Bank,Personal Loan,2025Q2,25944.58,B2025Q2-01
URB-PER-2025Q2-0013,US Retail Bank,Personal Loan,2025Q2,26646.07,B2025Q2-01
URB-PER-2025Q2-0014,US Retail Bank,Personal Loan,2025Q2,9140.32,B2025Q2-01
URB-PER-2025Q2-0015,US Retail Bank,Personal Loan,2025Q2,5288.67,B2025Q2-01
URB-PER-2025Q2-0016,US Retail Bank,Personal Loan,2025Q2,12097.77,B2025Q2-01
URB-PER-2025Q2-0017,US Retail Bank,Personal Loan,2025Q2,37315.74,B2025Q2-01
URB-PER-2025Q2-0018,US Retail Bank,Personal Loan,2025Q2,12683.17,B2025Q2-01
URB-PER-2025Q2-0019,US Retail Bank,Personal Loan,2025Q2,26815.51,B2025Q2-01
URB-PER-2025Q2-0020,US Retail Bank,Personal Loan,2025Q2,12425.27,B2025Q2-01
URB-PER-2025Q2-0021,US Retail Bank,Personal Loan,2025Q2,26051.34,B2025Q2-01
URB-PER-2025Q2-0022,US Retail Bank,Personal Loan,2025Q2,23295.62,B2025Q2-01
URB-PER-2025Q2-0023,US Retail Bank,Personal Loan,2025Q2,6925.63,B2025Q2-01
URB-PER-2025Q2-0024,US Retail Bank,Personal Loan,2025Q2,14178.95,B2025Q2-01
URB-PER-2025Q2-0025,US Retail Bank,Personal Loan,2025Q2,18514.02,B2025Q2-02
URB-PER-2025Q2-0026,US Retail Bank,Personal Loan,2025Q2,18000.71,B2025Q2-02
URB-PER-2025Q2-0027,US Retail Bank,Personal Loan,2025Q2,30355.37,B2025Q2-02
URB-PER-2025Q2-0028,US Retail Bank,Personal Loan,2025Q2,26302.14,B2025Q2-02
URB-PER-2025Q2-0029,US Retail Bank,Personal Loan,2025Q2,10229.49,B2025Q2-02
URB-PER-2025Q2-0030,US Retail Bank,Personal Loan,2025Q2,33454.22,B2025Q2-02
URB-PER-2025Q2-0031,US Retail Bank,Personal Loan,2025Q2,13344.47,B2025Q2-02
URB-PER-2025Q2-0032,US Retail Bank,Personal Loan,2025Q2,6152.59,B2025Q2-02
URB-PER-2025Q2-0033,US Retail Bank,Personal Loan,2025Q2,14576.57,B2025Q2-02
URB-PER-2025Q2-0034,US Retail Bank,Personal Loan,2025Q2,6815.62,B2025Q2-02
URB-PER-2025Q2-0035,US Retail Bank,Personal Loan,2025Q2,16467.25,B2025Q2-02
URB-PER-2025Q2-0036,US Retail Bank,Personal Loan,2025Q2,25336.8,B2025Q2-02
URB-PER-2025Q2-0037,US Retail Bank,Personal Loan,2025Q2,9076.74,B2025Q2-02
URB-PER-2025Q2-0038,US Retail Bank,Personal Loan,2025Q2,25032.33,B2025Q2-02
URB-PER-2025Q2-0039,US Retail Bank,Personal Loan,2025Q2,12714.64,B2025Q2-02
URB-PER-2025Q2-0040,US Retail Bank,Personal Loan,2025Q2,14194.52,B2025Q2-02
URB-PER-2025Q2-0041,US Retail Bank,Personal Loan,2025Q2,19693.86,B2025Q2-02
URB-PER-2025Q2-0042,US Retail Bank,Personal Loan,2025Q2,11447.29,B2025Q2-02
URB-PER-2025Q2-0043,US Retail Bank,Personal Loan,2025Q2,12816.71,B2025Q2-02
URB-PER-2025Q2-0044,US Retail Bank,Personal Loan,2025Q2,4196.16,B2025Q2-02
URB-PER-2025Q2-0045,US Retail Bank,Personal Loan,2025Q2,17772.65,B2025Q2-02
URB-PER-2025Q2-0046,US Retail Bank,Personal Loan,2025Q2,14097.22,B2025Q2-02
URB-PER-2025Q2-0047,US Retail Bank,Personal Loan,2025Q2,8010.32,B2025Q2-02
URB-PER-2025Q2-0048,US Retail Bank,Personal Loan,2025Q2,31739.03,B2025Q2-02
URB-PER-2025Q2-0049,US Retail Bank,Personal Loan,2025Q2,18029.15,B2025Q2-02
URB-PER-2025Q2-0050,US Retail Bank,Personal Loan,2025Q2,27491.19,B2025Q2-03
URB-PER-2025Q2-0051,US Retail Bank,Personal Loan,2025Q2,13116.03,B2025Q2-03
URB-PER-2025Q2-0052,US Retail Bank,Personal Loan,2025Q2,8719.33,B2025Q2-03
URB-PER-2025Q2-0053,US Retail Bank,Personal Loan,2025Q2,13371.47,B2025Q2-03
URB-PER-2025Q2-0054,US Retail Bank,Personal Loan,2025Q2,7752.64,B2025Q2-03
URB-PER-2025Q2-0055,US Retail Bank,Personal Loan,2025Q2,28765.93,B2025Q2-03
URB-PER-2025Q2-0056,US Retail Bank,Personal Loan,2025Q2,11472.16,B2025Q2-03
URB-PER-2025Q2-0057,US Retail Bank,Personal Loan,2025Q2,26547.64,B2025Q2-03
URB-PER-2025Q2-0058,US Retail Bank,Personal Loan,2025Q2,16245.48,B2025Q2-03
URB-PER-2025Q2-0059,US Retail Bank,Personal Loan,2025Q2,14338.02,B2025Q2-03
URB-PER-2025Q2-0060,US Retail Bank,Personal Loan,2025Q2,24797.16,B2025Q2-03
URB-PER-2025Q2-0061,US Retail Bank,Personal Loan,2025Q2,8368.6,B2025Q2-03
URB-PER-2025Q2-0062,US Retail Bank,Personal Loan,2025Q2,15386.96,B2025Q2-03
URB-PER-2025Q2-0063,US Retail Bank,Personal Loan,2025Q2,21786.75,B2025Q2-03
URB-PER-2025Q2-0064,US Retail Bank,Personal Loan,2025Q2,7369.79,B2025Q2-03
URB-PER-2025Q2-0065,US Retail Bank,Personal Loan,2025Q2,15361.8,B2025Q2-03
URB-PER-2025Q2-0066,US Retail Bank,Personal Loan,2025Q2,50589.21,B2025Q2-03
URB-PER-2025Q2-0067,US Retail Bank,Personal Loan,2025Q2,19275.53,B2025Q2-03
URB-PER-2025Q2-0068,US Retail Bank,Personal Loan,2025Q2,35391.01,B2025Q2-03
URB-PER-2025Q2-0069,US Retail Bank,Personal Loan,2025Q2,26423.74,B2025Q2-03
URB-PER-2025Q2-0070,US Retail Bank,Personal Loan,2025Q2,63091.91,B2025Q2-03
URB-PER-2025Q2-0071,US Retail Bank,Personal Loan,2025Q2,11848.04,B2025Q2-03
URB-PER-2025Q2-0072,US Retail Bank,Personal Loan,2025Q2,32245.16,B2025Q2-03
URB-PER-2025Q2-0073,US Retail Bank,Personal Loan,2025Q2,12135.7,B2025Q2-03
URB-PER-2025Q2-0074,US Retail Bank,Personal Loan,2025Q2,21783.26,B2025Q2-03
URB-PER-2025Q2-0075,US Retail Bank,Personal Loan,2025Q2,12335.73,B2025Q2-04
URB-PER-2025Q2-0076,US Retail Bank,Personal Loan,2025Q2,8884.69,B2025Q2-04
URB-PER-2025Q2-0077,US Retail Bank,Personal Loan,2025Q2,17872.88,B2025Q2-04
URB-PER-2025Q2-0078,US Retail Bank,Personal Loan,2025Q2,15134.57,B2025Q2-04
URB-PER-2025Q2-0079,US Retail Bank,Personal Loan,2025Q2,6722.21,B2025Q2-04
URB-PER-2025Q2-0080,US Retail Bank,Personal Loan,2025Q2,22914.89,B2025Q2-04
URB-PER-2025Q2-0081,US Retail Bank,Personal Loan,2025Q2,18098.05,B2025Q2-04
URB-PER-2025Q2-0082,US Retail Bank,Personal Loan,2025Q2,15887.35,B2025Q2-04
URB-PER-2025Q2-0083,US Retail Bank,Personal Loan,2025Q2,19206.72,B2025Q2-04
URB-PER-2025Q2-0084,US Retail Bank,Personal Loan,2025Q2,15414.26,B2025Q2-04
URB-PER-2025Q2-0085,US Retail Bank,Personal Loan,2025Q2,7870.52,B2025Q2-04
URB-PER-2025Q2-0086,US Retail Bank,Personal Loan,2025Q2,19666.47,B2025Q2-04
URB-HEL-2025Q1-0000,US Retail Bank,HELOC,2025Q1,56597.3,B2025Q1-01
URB-HEL-2025Q1-0001,US Retail Bank,HELOC,2025Q1,95175.28,B2025Q1-01
URB-HEL-2025Q1-0002,US Retail Bank,HELOC,2025Q1,82913.18,B2025Q1-01
URB-HEL-2025Q1-0003,US Retail Bank,HELOC,2025Q1,173132.62,B2025Q1-01
URB-HEL-2025Q1-0004,US Retail Bank,HELOC,2025Q1,56961.97,B2025Q1-01
URB-HEL-2025Q1-0005,US Retail Bank,HELOC,2025Q1,58670.28,B2025Q1-01
URB-HEL-2025Q1-0006,US Retail Bank,HELOC,2025Q1,70960.86,B2025Q1-01
URB-HEL-2025Q1-0007,US Retail Bank,HELOC,2025Q1,107089.63,B2025Q1-01
URB-HEL-2025Q1-0008,US Retail Bank,HELOC,2025Q1,61289.56,B2025Q1-01
URB-HEL-2025Q1-0009,US Retail Bank,HELOC,2025Q1,69493.84,B2025Q1-01
URB-HEL-2025Q1-0010,US Retail Bank,HELOC,2025Q1,53378.84,B2025Q1-01
URB-HEL-2025Q1-0011,US Retail Bank,HELOC,2025Q1,151102.75,B2025Q1-01
URB-HEL-2025Q1-0012,US Retail Bank,HELOC,2025Q1,58472.72,B2025Q1-01
URB-HEL-2025Q1-0013,US Retail Bank,HELOC,2025Q1,105504.17,B2025Q1-01
URB-HEL-2025Q1-0014,US Retail Bank,HELOC,2025Q1,147297.39,B2025Q1-01
URB-HEL-2025Q1-0015,US Retail Bank,HELOC,2025Q1,121985.5,B2025Q1-01
URB-HEL-2025Q1-0016,US Retail Bank,HELOC,2025Q1,27109.4,B2025Q1-01
URB-HEL-2025Q1-0017,US Retail Bank,HELOC,2025Q1,81487.66,B2025Q1-01
URB-HEL-2025Q1-0018,US Retail Bank,HELOC,2025Q1,83088.64,B2025Q1-01
URB-HEL-2025Q1-0019,US Retail Bank,HELOC,2025Q1,57515.75,B2025Q1-01
URB-HEL-2025Q1-0020,US Retail Bank,HELOC,2025Q1,51880.83,B2025Q1-01
URB-HEL-2025Q1-0021,US Retail Bank,HELOC,2025Q1,117262.88,B2025Q1-01
URB-HEL-2025Q1-0022,US Retail Bank,HELOC,2025Q1,101846.03,B2025Q1-01
URB-HEL-2025Q1-0023,US Retail Bank,HELOC,2025Q1,34188.17,B2025Q1-01
URB-HEL-2025Q1-0024,US Retail Bank,HELOC,2025Q1,103150.67,B2025Q1-01
URB-HEL-2025Q1-0025,US Retail Bank,HELOC,2025Q1,73050.45,B2025Q1-02
URB-HEL-2025Q1-0026,US Retail Bank,HELOC,2025Q1,79345.35,B2025Q1-02
URB-HEL-2025Q1-0027,US Retail Bank,HELOC,2025Q1,39580.12,B2025Q1-02
URB-HEL-2025Q1-0028,US Retail Bank,HELOC,2025Q1,42804.49,B2025Q1-02
URB-HEL-2025Q1-0029,US Retail Bank,HELOC,2025Q1,54554.09,B2025Q1-02
URB-HEL-2025Q1-0030,US Retail Bank,HELOC,2025Q1,175049.82,B2025Q1-02
URB-HEL-2025Q1-0031,US Retail Bank,HELOC,2025Q1,65620.22,B2025Q1-02
URB-HEL-2025Q1-0032,US Retail Bank,HELOC,2025Q1,68331.18,B2025Q1-02
URB-HEL-2025Q1-0033,US Retail Bank,HELOC,2025Q1,141557.24,B2025Q1-02
URB-HEL-2025Q1-0034,US Retail Bank,HELOC,2025Q1,28144.36,B2025Q1-02
URB-HEL-2025Q1-0035,US Retail Bank,HELOC,2025Q1,65928.83,B2025Q1-02
URB-HEL-2025Q1-0036,US Retail Bank,HELOC,2025Q1,75112.42,B2025Q1-02
URB-HEL-2025Q1-0037,US Retail Bank,HELOC,2025Q1,73100.85,B2025Q1-02
URB-HEL-2025Q1-0038,US Retail Bank,HELOC,2025Q1,122277.09,B2025Q1-02
URB-HEL-2025Q1-0039,US Retail Bank,HELOC,2025Q1,32207.69,B2025Q1-02
URB-HEL-2025Q1-0040,US Retail Bank,HELOC,2025Q1,66092.25,B2025Q1-02
URB-HEL-2025Q1-0041,US Retail Bank,HELOC,2025Q1,70773.19,B2025Q1-02
URB-HEL-2025Q1-0042,US Retail Bank,HELOC,2025Q1,91999.83,B2025Q1-02
URB-HEL-2025Q1-0043,US Retail Bank,HELOC,2025Q1,235562.18,B2025Q1-02
URB-HEL-2025Q1-0044,US Retail Bank,HELOC,2025Q1,84097.83,B2025Q1-02
URB-HEL-2025Q1-0045,US Retail Bank,HELOC,2025Q1,71747.42,B2025Q1-02
URB-HEL-2025Q1-0046,US Retail Bank,HELOC,2025Q1,105016.47,B2025Q1-02
URB-HEL-2025Q1-0047,US Retail Bank,HELOC,2025Q1,95092.91,B2025Q1-02
URB-HEL-2025Q1-0048,US Retail Bank,HELOC,2025Q1,259650.56,B2025Q1-02
URB-HEL-2025Q1-0049,US Retail Bank,HELOC,2025Q1,112484.98,B2025Q1-02
URB-HEL-2025Q1-0050,US Retail Bank,HELOC,2025Q1,37731.31,B2025Q1-03
URB-HEL-2025Q1-0051,US Retail Bank,HELOC,2025Q1,140328.38,B2025Q1-03
URB-HEL-2025Q1-0052,US Retail Bank,HELOC,2025Q1,51771.39,B2025Q1-03
URB-HEL-2025Q1-0053,US Retail Bank,HELOC,2025Q1,78271.33,B2025Q1-03
URB-HEL-2025Q1-0054,US Retail Bank,HELOC,2025Q1,77328.69,B2025Q1-03
URB-HEL-2025Q1-0055,US Retail Bank,HELOC,2025Q1,37546.82,B2025Q1-03
URB-HEL-2025Q1-0056,US Retail Bank,HELOC,2025Q1,78892.07,B2025Q1-03
URB-HEL-2025Q1-0057,US Retail Bank,HELOC,2025Q1,142732.97,B2025Q1-03
URB-HEL-2025Q1-0058,US Retail Bank,HELOC,2025Q1,85364.51,B2025Q1-03
URB-HEL-2025Q1-0059,US Retail Bank,HELOC,2025Q1,68254.39,B2025Q1-03
URB-HEL-2025Q1-0060,US Retail Bank,HELOC,2025Q1,43068.46,B2025Q1-03
URB-HEL-2025Q1-0061,US Retail Bank,HELOC,2025Q1,74832.28,B2025Q1-03
URB-HEL-2025Q1-0062,US Retail Bank,HELOC,2025Q1,21463.21,B2025Q1-03
URB-HEL-2025Q1-0063,US Retail Bank,HELOC,2025Q1,204400.21,B2025Q1-03
URB-HEL-2025Q1-0064,US Retail Bank,HELOC,2025Q1,92932.73,B2025Q1-03
URB-HEL-2025Q1-0065,US Retail Bank,HELOC,2025Q1,83540.6,B2025Q1-03
URB-HEL-2025Q1-0066,US Retail Bank,HELOC,2025Q1,68083.44,B2025Q1-03
URB-HEL-2025Q1-0067,US Retail Bank,HELOC,2025Q1,56638.43,B2025Q1-03
URB-HEL-2025Q1-0068,US Retail Bank,HELOC,2025Q1,42159.22,B2025Q1-03
URB-HEL-2025Q1-0069,US Retail Bank,HELOC,2025Q1,60244.64,B2025Q1-03
URB-HEL-2025Q1-0070,US Retail Bank,HELOC,2025Q1,116390.67,B2025Q1-03
URB-HEL-2025Q1-0071,US Retail Bank,HELOC,2025Q1,198958.42,B2025Q1-03
URB-HEL-2025Q1-0072,US Retail Bank,HELOC,2025Q1,64499.36,B2025Q1-03
URB-HEL-2025Q1-0073,US Retail Bank,HELOC,2025Q1,33265.77,B2025Q1-03
URB-HEL-2025Q1-0074,US Retail Bank,HELOC,2025Q1,202898.02,B2025Q1-03
URB-HEL-2025Q1-0075,US Retail Bank,HELOC,2025Q1,73467.42,B2025Q1-04
URB-HEL-2025Q1-0076,US Retail Bank,HELOC,2025Q1,238902.08,B2025Q1-04
URB-HEL-2025Q1-0077,US Retail Bank,HELOC,2025Q1,59805.89,B2025Q1-04
URB-HEL-2025Q1-0078,US Retail Bank,HELOC,2025Q1,112006.35,B2025Q1-04
URB-HEL-2025Q1-0079,US Retail Bank,HELOC,2025Q1,30946.4,B2025Q1-04
URB-HEL-2025Q1-0080,US Retail Bank,HELOC,2025Q1,184593.77,B2025Q1-04
URB-HEL-2025Q1-0081,US Retail Bank,HELOC,2025Q1,44946.38,B2025Q1-04
URB-HEL-2025Q1-0082,US Retail Bank,HELOC,2025Q1,23973.2,B2025Q1-04
URB-HEL-2025Q1-0083,US Retail Bank,HELOC,2025Q1,37220.98,B2025Q1-04
URB-HEL-2025Q1-0084,US Retail Bank,HELOC,2025Q1,52460.11,B2025Q1-04
URB-HEL-2025Q1-0085,US Retail Bank,HELOC,2025Q1,37083.71,B2025Q1-04
URB-HEL-2025Q1-0086,US Retail Bank,HELOC,2025Q1,79134.43,B2025Q1-04
URB-HEL-2025Q1-0087,US Retail Bank,HELOC,2025Q1,184700.28,B2025Q1-04
URB-HEL-2025Q1-0088,US Retail Bank,HELOC,2025Q1,29438.1,B2025Q1-04
URB-HEL-2025Q1-0089,US Retail Bank,HELOC,2025Q1,103352.88,B2025Q1-04
URB-HEL-2025Q1-0090,US Retail Bank,HELOC,2025Q1,34296.23,B2025Q1-04
URB-HEL-2025Q1-0091,US Retail Bank,HELOC,2025Q1,74912.48,B2025Q1-04
URB-HEL-2025Q1-0092,US Retail Bank,HELOC,2025Q1,66846.81,B2025Q1-04
URB-HEL-2025Q1-0093,US Retail Bank,HELOC,2025Q1,87613.69,B2025Q1-04
URB-HEL-2025Q1-0094,US Retail Bank,HELOC,2025Q1,42756.44,B2025Q1-04
URB-HEL-2025Q1-0095,US Retail Bank,HELOC,2025Q1,27633.31,B2025Q1-04
URB-HEL-2025Q2-0000,US Retail Bank,HELOC,2025Q2,142739.26,B2025Q2-01
URB-HEL-2025Q2-0001,US Retail Bank,HELOC,2025Q2,34702.76,B2025Q2-01
URB-HEL-2025Q2-0002,US Retail Bank,HELOC,2025Q2,40331.88,B2025Q2-01
URB-HEL-2025Q2-0003,US Retail Bank,HELOC,2025Q2,79829.52,B2025Q2-01
URB-HEL-2025Q2-0004,US Retail Bank,HELOC,2025Q2,61319.84,B2025Q2-01
URB-HEL-2025Q2-0005,US Retail Bank,HELOC,2025Q2,45110.69,B2025Q2-01
URB-HEL-2025Q2-0006,US Retail Bank,HELOC,2025Q2,47052.21,B2025Q2-01
URB-HEL-2025Q2-0007,US Retail Bank,HELOC,2025Q2,66710.17,B2025Q2-01
URB-HEL-2025Q2-0008,US Retail Bank,HELOC,2025Q2,64662.45,B2025Q2-01
URB-HEL-2025Q2-0009,US Retail Bank,HELOC,2025Q2,54220.78,B2025Q2-01
URB-HEL-2025Q2-0010,US Retail Bank,HELOC,2025Q2,187373.66,B2025Q2-01
URB-HEL-2025Q2-0011,US Retail Bank,HELOC,2025Q2,75496.67,B2025Q2-01
URB-HEL-2025Q2-0012,US Retail Bank,HELOC,2025Q2,84713.35,B2025Q2-01
URB-HEL-2025Q2-0013,US Retail Bank,HELOC,2025Q2,55177.67,B2025Q2-01
URB-HEL-2025Q2-0014,US Retail Bank,HELOC,2025Q2,48829.51,B2025Q2-01
URB-HEL-2025Q2-0015,US Retail Bank,HELOC,2025Q2,77951.5,B2025Q2-01
URB-HEL-2025Q2-0016,US Retail Bank,HELOC,2025Q2,165995.96,B2025Q2-01
URB-HEL-2025Q2-0017,US Retail Bank,HELOC,2025Q2,196230.81,B2025Q2-01
URB-HEL-2025Q2-0018,US Retail Bank,HELOC,2025Q2,32318.97,B2025Q2-01
URB-HEL-2025Q2-0019,US Retail Bank,HELOC,2025Q2,127147.34,B2025Q2-01
URB-HEL-2025Q2-0020,US Retail Bank,HELOC,2025Q2,150881.95,B2025Q2-01
URB-HEL-2025Q2-0021,US Retail Bank,HELOC,2025Q2,136830.08,B2025Q2-01
URB-HEL-2025Q2-0022,US Retail Bank,HELOC,2025Q2,119643.8,B2025Q2-01
URB-HEL-2025Q2-0023,US Retail Bank,HELOC,2025Q2,24979.5,B2025Q2-01
URB-HEL-2025Q2-0024,US Retail Bank,HELOC,2025Q2,100965.07,B2025Q2-01
URB-HEL-2025Q2-0025,US Retail Bank,HELOC,2025Q2,83348.02,B2025Q2-02
URB-HEL-2025Q2-0026,US Retail Bank,HELOC,2025Q2,133644.78,B2025Q2-02
URB-HEL-2025Q2-0027,US Retail Bank,HELOC,2025Q2,52728.39,B2025Q2-02
URB-HEL-2025Q2-0028,US Retail Bank,HELOC,2025Q2,59012.79,B2025Q2-02
URB-HEL-2025Q2-0029,US Retail Bank,HELOC,2025Q2,37933.12,B2025Q2-02
URB-HEL-2025Q2-0030,US Retail Bank,HELOC,2025Q2,71453.0,B2025Q2-02
URB-HEL-2025Q2-0031,US Retail Bank,HELOC,2025Q2,42282.88,B2025Q2-02
URB-HEL-2025Q2-0032,US Retail Bank,HELOC,2025Q2,82903.01,B2025Q2-02
URB-HEL-2025Q2-0033,US Retail Bank,HELOC,2025Q2,50452.08,B2025Q2-02
URB-HEL-2025Q2-0034,US Retail Bank,HELOC,2025Q2,40386.52,B2025Q2-02
URB-HEL-2025Q2-0035,US Retail Bank,HELOC,2025Q2,81820.55,B2025Q2-02
URB-HEL-2025Q2-0036,US Retail Bank,HELOC,2025Q2,95608.82,B2025Q2-02
URB-HEL-2025Q2-0037,US Retail Bank,HELOC,2025Q2,55868.95,B2025Q2-02
URB-HEL-2025Q2-0038,US Retail Bank,HELOC,2025Q2,129193.23,B2025Q2-02
URB-HEL-2025Q2-0039,US Retail Bank,HELOC,2025Q2,64111.41,B2025Q2-02
URB-HEL-2025Q2-0040,US Retail Bank,HELOC,2025Q2,257143.64,B2025Q2-02
URB-HEL-2025Q2-0041,US Retail Bank,HELOC,2025Q2,44510.66,B2025Q2-02
URB-HEL-2025Q2-0042,US Retail Bank,HELOC,2025Q2,45300.81,B2025Q2-02
URB-HEL-2025Q2-0043,US Retail Bank,HELOC,2025Q2,132471.38,B2025Q2-02
URB-HEL-2025Q2-0044,US Retail Bank,HELOC,2025Q2,113327.39,B2025Q2-02
URB-HEL-2025Q2-0045,US Retail Bank,HELOC,2025Q2,48421.06,B2025Q2-02
URB-HEL-2025Q2-0046,US Retail Bank,HELOC,2025Q2,139126.42,B2025Q2-02
URB-HEL-2025Q2-0047,US Retail Bank,HELOC,2025Q2,72156.39,B2025Q2-02
URB-HEL-2025Q2-0048,US Retail Bank,HELOC,2025Q2,228608.15,B2025Q2-02
URB-HEL-2025Q2-0049,US Retail Bank,HELOC,2025Q2,96583.12,B2025Q2-02
URB-HEL-2025Q2-0050,US Retail Bank,HELOC,2025Q2,65197.3,B2025Q2-03
URB-HEL-2025Q2-0051,US Retail Bank,HELOC,2025Q2,60753.42,B2025Q2-03
URB-HEL-2025Q2-0052,US Retail Bank,HELOC,2025Q2,114534.42,B2025Q2-03
URB-HEL-2025Q2-0053,US Retail Bank,HELOC,2025Q2,104604.62,B2025Q2-03
URB-HEL-2025Q2-0054,US Retail Bank,HELOC,2025Q2,56001.7,B2025Q2-03
URB-HEL-2025Q2-0055,US Retail Bank,HELOC,2025Q2,73475.73,B2025Q2-03
URB-HEL-2025Q2-0056,US Retail Bank,HELOC,2025Q2,167323.54,B2025Q2-03
URB-HEL-2025Q2-0057,US Retail Bank,HELOC,2025Q2,52332.64,B2025Q2-03
URB-HEL-2025Q2-0058,US Retail Bank,HELOC,2025Q2,84847.2,B2025Q2-03
URB-HEL-2025Q2-0059,US Retail Bank,HELOC,2025Q2,102728.09,B2025Q2-03
URB-HEL-2025Q2-0060,US Retail Bank,HELOC,2025Q2,103805.62,B2025Q2-03
URB-HEL-2025Q2-0061,US Retail Bank,HELOC,2025Q2,41662.93,B2025Q2-03
URB-HEL-2025Q2-0062,US Retail Bank,HELOC,2025Q2,95818.49,B2025Q2-03
URB-HEL-2025Q2-0063,US Retail Bank,HELOC,2025Q2,37131.19,B2025Q2-03
URB-HEL-2025Q2-0064,US Retail Bank,HELOC,2025Q2,67432.43,B2025Q2-03
URB-HEL-2025Q2-0065,US Retail Bank,HELOC,2025Q2,106019.0,B2025Q2-03
URB-HEL-2025Q2-0066,US Retail Bank,HELOC,2025Q2,175844.44,B2025Q2-03
URB-HEL-2025Q2-0067,US Retail Bank,HELOC,2025Q2,61303.02,B2025Q2-03
URB-HEL-2025Q2-0068,US Retail Bank,HELOC,2025Q2,193562.73,B2025Q2-03
URB-HEL-2025Q2-0069,US Retail Bank,HELOC,2025Q2,45289.59,B2025Q2-03
URB-HEL-2025Q2-0070,US Retail Bank,HELOC,2025Q2,51303.22,B2025Q2-03
URB-HEL-2025Q2-0071,US Retail Bank,HELOC,2025Q2,33459.88,B2025Q2-03
URB-HEL-2025Q2-0072,US Retail Bank,HELOC,2025Q2,87328.6,B2025Q2-03
URB-HEL-2025Q2-0073,US Retail Bank,HELOC,2025Q2,243564.64,B2025Q2-03
URB-HEL-2025Q2-0074,US Retail Bank,HELOC,2025Q2,109633.74,B2025Q2-03
URB-HEL-2025Q2-0075,US Retail Bank,HELOC,2025Q2,81939.74,B2025Q2-04
URB-HEL-2025Q2-0076,US Retail Bank,HELOC,2025Q2,34213.22,B2025Q2-04
URB-HEL-2025Q2-0077,US Retail Bank,HELOC,2025Q2,64317.86,B2025Q2-04
URB-HEL-2025Q2-0078,US Retail Bank,HELOC,2025Q2,57227.12,B2025Q2-04
URB-HEL-2025Q2-0079,US Retail Bank,HELOC,2025Q2,70237.17,B2025Q2-04
URB-HEL-2025Q2-0080,US Retail Bank,HELOC,2025Q2,45133.34,B2025Q2-04
URB-HEL-2025Q2-0081,US Retail Bank,HELOC,2025Q2,60429.48,B2025Q2-04
URB-HEL-2025Q2-0082,US Retail Bank,HELOC,2025Q2,75029.39,B2025Q2-04
URB-HEL-2025Q2-0083,US Retail Bank,HELOC,2025Q2,114817.73,B2025Q2-04
URB-HEL-2025Q2-0084,US Retail Bank,HELOC,2025Q2,117104.83,B2025Q2-04
URB-HEL-2025Q2-0085,US Retail Bank,HELOC,2025Q2,61663.27,B2025Q2-04
URB-HEL-2025Q2-0086,US Retail Bank,HELOC,2025Q2,142140.18,B2025Q2-04
URB-HEL-2025Q2-0087,US Retail Bank,HELOC,2025Q2,44313.31,B2025Q2-04
URB-HEL-2025Q2-0088,US Retail Bank,HELOC,2025Q2,68050.72,B2025Q2-04
URB-HEL-2025Q2-0089,US Retail Bank,HELOC,2025Q2,82383.36,B2025Q2-04
URB-HEL-2025Q2-0090,US Retail Bank,HELOC,2025Q2,86460.55,B2025Q2-04
URB-HEL-2025Q2-0091,US Retail Bank,HELOC,2025Q2,121480.83,B2025Q2-04
URB-HEL-2025Q2-0092,US Retail Bank,HELOC,2025Q2,53592.16,B2025Q2-04
URB-HEL-2025Q2-0093,US Retail Bank,HELOC,2025Q2,128222.66,B2025Q2-04
URB-HEL-2025Q2-0094,US Retail Bank,HELOC,2025Q2,112955.73,B2025Q2-04
URB-HEL-2025Q2-0095,US Retail Bank,HELOC,2025Q2,113187.2,B2025Q2-04
URB-SMA-2025Q1-0000,US Retail Bank,Small Business Loan,2025Q1,51413.4,B2025Q1-01
URB-SMA-2025Q1-0001,US Retail Bank,Small Business Loan,2025Q1,69196.58,B2025Q1-01
URB-SMA-2025Q1-0002,US Retail Bank,Small Business Loan,2025Q1,238521.16,B2025Q1-01
URB-SMA-2025Q1-0003,US Retail Bank,Small Business Loan,2025Q1,382892.72,B2025Q1-01
URB-SMA-2025Q1-0004,US Retail Bank,Small Business Loan,2025Q1,160524.51,B2025Q1-01
URB-SMA-2025Q1-0005,US Retail Bank,Small Business Loan,2025Q1,63422.42,B2025Q1-01
URB-SMA-2025Q1-0006,US Retail Bank,Small Business Loan,2025Q1,196683.23,B2025Q1-01
URB-SMA-2025Q1-0007,US Retail Bank,Small Business Loan,2025Q1,173295.79,B2025Q1-01
URB-SMA-2025Q1-0008,US Retail Bank,Small Business Loan,2025Q1,95115.44,B2025Q1-01
URB-SMA-2025Q1-0009,US Retail Bank,Small Business Loan,2025Q1,267015.79,B2025Q1-01
URB-SMA-2025Q1-0010,US Retail Bank,Small Business Loan,2025Q1,193983.69,B2025Q1-01
URB-SMA-2025Q1-0011,US Retail Bank,Small Business Loan,2025Q1,193326.27,B2025Q1-01
URB-SMA-2025Q1-0012,US Retail Bank,Small Business Loan,2025Q1,102850.13,B2025Q1-01
URB-SMA-2025Q1-0013,US Retail Bank,Small Business Loan,2025Q1,220622.5,B2025Q1-01
URB-SMA-2025Q1-0014,US Retail Bank,Small Business Loan,2025Q1,69581.63,B2025Q1-01
URB-SMA-2025Q1-0015,US Retail Bank,Small Business Loan,2025Q1,137191.44,B2025Q1-01
URB-SMA-2025Q1-0016,US Retail Bank,Small Business Loan,2025Q1,72884.2,B2025Q1-01
URB-SMA-2025Q1-0017,US Retail Bank,Small Business Loan,2025Q1,121509.59,B2025Q1-01
URB-SMA-2025Q1-0018,US Retail Bank,Small Business Loan,2025Q1,152056.79,B2025Q1-01
URB-SMA-2025Q1-0019,US Retail Bank,Small Business Loan,2025Q1,126100.03,B2025Q1-01
URB-SMA-2025Q1-0020,US Retail Bank,Small Business Loan,2025Q1,213061.16,B2025Q1-01
URB-SMA-2025Q1-0021,US Retail Bank,Small Business Loan,2025Q1,366884.58,B2025Q1-01
URB-SMA-2025Q1-0022,US Retail Bank,Small Business Loan,2025Q1,120279.55,B2025Q1-01
URB-SMA-2025Q1-0023,US Retail Bank,Small Business Loan,2025Q1,206238.63,B2025Q1-01
URB-SMA-2025Q1-0024,US Retail Bank,Small Business Loan,2025Q1,147623.37,B2025Q1-01
URB-SMA-2025Q1-0025,US Retail Bank,Small Business Loan,2025Q1,290672.31,B2025Q1-02
URB-SMA-2025Q1-0026,US Retail Bank,Small Business Loan,2025Q1,206213.16,B2025Q1-02
URB-SMA-2025Q1-0027,US Retail Bank,Small Business Loan,2025Q1,99147.06,B2025Q1-02
URB-SMA-2025Q1-0028,US Retail Bank,Small Business Loan,2025Q1,87792.47,B2025Q1-02
URB-SMA-2025Q1-0029,US Retail Bank,Small Business Loan,2025Q1,282372.53,B2025Q1-02
URB-SMA-2025Q1-0030,US Retail Bank,Small Business Loan,2025Q1,113126.05,B2025Q1-02
URB-SMA-2025Q1-0031,US Retail Bank,Small Business Loan,2025Q1,221769.12,B2025Q1-02
URB-SMA-2025Q1-0032,US Retail Bank,Small Business Loan,2025Q1,225582.14,B2025Q1-02
URB-SMA-2025Q1-0033,US Retail Bank,Small Business Loan,2025Q1,142716.12,B2025Q1-02
URB-SMA-2025Q1-0034,US Retail Bank,Small Business Loan,2025Q1,78452.51,B2025Q1-02
URB-SMA-2025Q1-0035,US Retail Bank,Small Business Loan,2025Q1,61949.13,B2025Q1-02
URB-SMA-2025Q1-0036,US Retail Bank,Small Business Loan,2025Q1,171226.51,B2025Q1-02
URB-SMA-2025Q1-0037,US Retail Bank,Small Business Loan,2025Q1,108093.7,B2025Q1-02
URB-SMA-2025Q1-0038,US Retail Bank,Small Business Loan,2025Q1,110562.92,B2025Q1-02
URB-SMA-2025Q1-0039,US Retail Bank,Small Business Loan,2025Q1,43901.14,B2025Q1-02
URB-SMA-2025Q1-0040,US Retail Bank,Small Business Loan,2025Q1,92000.3,B2025Q1-02
URB-SMA-2025Q1-0041,US Retail Bank,Small Business Loan,2025Q1,99984.97,B2025Q1-02
URB-SMA-2025Q1-0042,US Retail Bank,Small Business Loan,2025Q1,220352.37,B2025Q1-02
URB-SMA-2025Q1-0043,US Retail Bank,Small Business Loan,2025Q1,82511.32,B2025Q1-02
URB-SMA-2025Q1-0044,US Retail Bank,Small Business Loan,2025Q1,216826.95,B2025Q1-02
URB-SMA-2025Q1-0045,US Retail Bank,Small Business Loan,2025Q1,91822.92,B2025Q1-02
URB-SMA-2025Q1-0046,US Retail Bank,Small Business Loan,2025Q1,110202.29,B2025Q1-02
URB-SMA-2025Q1-0047,US Retail Bank,Small Business Loan,2025Q1,150173.29,B2025Q1-02
URB-SMA-2025Q1-0048,US Retail Bank,Small Business Loan,2025Q1,265261.91,B2025Q1-02
URB-SMA-2025Q1-0049,US Retail Bank,Small Business Loan,2025Q1,90178.68,B2025Q1-02
URB-SMA-2025Q1-0050,US Retail Bank,Small Business Loan,2025Q1,198769.8,B2025Q1-03
URB-SMA-2025Q1-0051,US Retail Bank,Small Business Loan,2025Q1,115901.45,B2025Q1-03
URB-SMA-2025Q1-0052,US Retail Bank,Small Business Loan,2025Q1,96546.92,B2025Q1-03
URB-SMA-2025Q1-0053,US Retail Bank,Small Business Loan,2025Q1,94407.47,B2025Q1-03
URB-SMA-2025Q1-0054,US Retail Bank,Small Business Loan,2025Q1,112168.2,B2025Q1-03
URB-SMA-2025Q1-0055,US Retail Bank,Small Business Loan,2025Q1,247618.23,B2025Q1-03
URB-SMA-2025Q1-0056,US Retail Bank,Small Business Loan,2025Q1,131428.43,B2025Q1-03
URB-SMA-2025Q1-0057,US Retail Bank,Small Business Loan,2025Q1,217113.94,B2025Q1-03
URB-SMA-2025Q1-0058,US Retail Bank,Small Business Loan,2025Q1,43541.87,B2025Q1-03
URB-SMA-2025Q1-0059,US Retail Bank,Small Business Loan,2025Q1,134508.43,B2025Q1-03
URB-SMA-2025Q1-0060,US Retail Bank,Small Business Loan,2025Q1,273378.25,B2025Q1-03
URB-SMA-2025Q1-0061,US Retail Bank,Small Business Loan,2025Q1,137556.93,B2025Q1-03
URB-SMA-2025Q1-0062,US Retail Bank,Small Business Loan,2025Q1,223176.21,B2025Q1-03
URB-SMA-2025Q1-0063,US Retail Bank,Small Business Loan,2025Q1,110731.26,B2025Q1-03
URB-SMA-2025Q1-0064,US Retail Bank,Small Business Loan,2025Q1,121720.83,B2025Q1-03
URB-SMA-2025Q1-0065,US Retail Bank,Small Business Loan,2025Q1,245266.08,B2025Q1-03
URB-SMA-2025Q1-0066,US Retail Bank,Small Business Loan,2025Q1,165524.97,B2025Q1-03
URB-SMA-2025Q1-0067,US Retail Bank,Small Business Loan,2025Q1,149451.47,B2025Q1-03
URB-SMA-2025Q1-0068,US Retail Bank,Small Business Loan,2025Q1,128633.68,B2025Q1-03
URB-SMA-2025Q1-0069,US Retail Bank,Small Business Loan,2025Q1,271514.54,B2025Q1-03
URB-SMA-2025Q1-0070,US Retail Bank,Small Business Loan,2025Q1,99855.56,B2025Q1-03
URB-SMA-2025Q1-0071,US Retail Bank,Small Business Loan,2025Q1,297924.58,B2025Q1-03
URB-SMA-2025Q1-0072,US Retail Bank,Small Business Loan,2025Q1,65569.84,B2025Q1-03
URB-SMA-2025Q1-0073,US Retail Bank,Small Business Loan,2025Q1,176299.39,B2025Q1-03
URB-SMA-2025Q1-0074,US Retail Bank,Small Business Loan,2025Q1,184715.18,B2025Q1-03
URB-SMA-2025Q1-0075,US Retail Bank,Small Business Loan,2025Q1,42144.02,B2025Q1-04
URB-SMA-2025Q1-0076,US Retail Bank,Small Business Loan,2025Q1,132310.86,B2025Q1-04
URB-SMA-2025Q1-0077,US Retail Bank,Small Business Loan,2025Q1,106268.8,B2025Q1-04
URB-SMA-2025Q1-0078,US Retail Bank,Small Business Loan,2025Q1,179286.3,B2025Q1-04
URB-SMA-2025Q1-0079,US Retail Bank,Small Business Loan,2025Q1,200114.57,B2025Q1-04
URB-SMA-2025Q1-0080,US Retail Bank,Small Business Loan,2025Q1,273868.16,B2025Q1-04
URB-SMA-2025Q1-0081,US Retail Bank,Small Business Loan,2025Q1,84739.89,B2025Q1-04
URB-SMA-2025Q1-0082,US Retail Bank,Small Business Loan,2025Q1,147848.13,B2025Q1-04
URB-SMA-2025Q1-0083,US Retail Bank,Small Business Loan,2025Q1,174384.57,B2025Q1-04
URB-SMA-2025Q1-0084,US Retail Bank,Small Business Loan,2025Q1,264049.53,B2025Q1-04
URB-SMA-2025Q1-0085,US Retail Bank,Small Business Loan,2025Q1,114096.13,B2025Q1-04
URB-SMA-2025Q1-0086,US Retail Bank,Small Business Loan,2025Q1,177584.96,B2025Q1-04
URB-SMA-2025Q1-0087,US Retail Bank,Small Business Loan,2025Q1,95755.84,B2025Q1-04
URB-SMA-2025Q1-0088,US Retail Bank,Small Business Loan,2025Q1,66421.76,B2025Q1-04
URB-SMA-2025Q1-0089,US Retail Bank,Small Business Loan,2025Q1,65414.36,B2025Q1-04
URB-SMA-2025Q1-0090,US Retail Bank,Small Business Loan,2025Q1,94079.26,B2025Q1-04
URB-SMA-2025Q1-0091,US Retail Bank,Small Business Loan,2025Q1,307998.68,B2025Q1-04
URB-SMA-2025Q1-0092,US Retail Bank,Small Business Loan,2025Q1,84426.41,B2025Q1-04
URB-SMA-2025Q1-0093,US Retail Bank,Small Business Loan,2025Q1,46522.79,B2025Q1-04
URB-SMA-2025Q2-0000,US Retail Bank,Small Business Loan,2025Q2,186256.0,B2025Q2-01
URB-SMA-2025Q2-0001,US Retail Bank,Small Business Loan,2025Q2,138038.66,B2025Q2-01
URB-SMA-2025Q2-0002,US Retail Bank,Small Business Loan,2025Q2,201653.97,B2025Q2-01
URB-SMA-2025Q2-0003,US Retail Bank,Small Business Loan,2025Q2,169481.15,B2025Q2-01
URB-SMA-2025Q2-0004,US Retail Bank,Small Business Loan,2025Q2,204296.93,B2025Q2-01
URB-SMA-2025Q2-0005,US Retail Bank,Small Business Loan,2025Q2,152428.3,B2025Q2-01
URB-SMA-2025Q2-0006,US Retail Bank,Small Business Loan,2025Q2,85962.81,B2025Q2-01
URB-SMA-2025Q2-0007,US Retail Bank,Small Business Loan,2025Q2,392447.01,B2025Q2-01
URB-SMA-2025Q2-0008,US Retail Bank,Small Business Loan,2025Q2,123708.89,B2025Q2-01
URB-SMA-2025Q2-0009,US Retail Bank,Small Business Loan,2025Q2,204235.43,B2025Q2-01
URB-SMA-2025Q2-0010,US Retail Bank,Small Business Loan,2025Q2,193467.77,B2025Q2-01
URB-SMA-2025Q2-0011,US Retail Bank,Small Business Loan,2025Q2,282633.75,B2025Q2-01
URB-SMA-2025Q2-0012,US Retail Bank,Small Business Loan,2025Q2,50671.14,B2025Q2-01
URB-SMA-2025Q2-0013,US Retail Bank,Small Business Loan,2025Q2,229472.67,B2025Q2-01
URB-SMA-2025Q2-0014,US Retail Bank,Small Business Loan,2025Q2,209441.07,B2025Q2-01
URB-SMA-2025Q2-0015,US Retail Bank,Small Business Loan,2025Q2,134350.41,B2025Q2-01
URB-SMA-2025Q2-0016,US Retail Bank,Small Business Loan,2025Q2,283263.19,B2025Q2-01
URB-SMA-2025Q2-0017,US Retail Bank,Small Business Loan,2025Q2,55774.12,B2025Q2-01
URB-SMA-2025Q2-0018,US Retail Bank,Small Business Loan,2025Q2,100091.94,B2025Q2-01
URB-SMA-2025Q2-0019,US Retail Bank,Small Business Loan,2025Q2,41851.55,B2025Q2-01
URB-SMA-2025Q2-0020,US Retail Bank,Small Business Loan,2025Q2,160159.9,B2025Q2-01
URB-SMA-2025Q2-0021,US Retail Bank,Small Business Loan,2025Q2,71255.71,B2025Q2-01
URB-SMA-2025Q2-0022,US Retail Bank,Small Business Loan,2025Q2,121347.55,B2025Q2-01
URB-SMA-2025Q2-0023,US Retail Bank,Small Business Loan,2025Q2,34317.97,B2025Q2-01
URB-SMA-2025Q2-0024,US Retail Bank,Small Business Loan,2025Q2,95666.53,B2025Q2-01
URB-SMA-2025Q2-0025,US Retail Bank,Small Business Loan,2025Q2,198070.22,B2025Q2-02
URB-SMA-2025Q2-0026,US Retail Bank,Small Business Loan,2025Q2,99221.06,B2025Q2-02
URB-SMA-2025Q2-0027,US Retail Bank,Small Business Loan,2025Q2,56912.14,B2025Q2-02
URB-SMA-2025Q2-0028,US Retail Bank,Small Business Loan,2025Q2,220436.15,B2025Q2-02
URB-SMA-2025Q2-0029,US Retail Bank,Small Business Loan,2025Q2,190890.31,B2025Q2-02
URB-SMA-2025Q2-0030,US Retail Bank,Small Business Loan,2025Q2,119297.52,B2025Q2-02
URB-SMA-2025Q2-0031,US Retail Bank,Small Business Loan,2025Q2,91743.12,B2025Q2-02
URB-SMA-2025Q2-0032,US Retail Bank,Small Business Loan,2025Q2,299938.15,B2025Q2-02
URB-SMA-2025Q2-0033,US Retail Bank,Small Business Loan,2025Q2,150133.49,B2025Q2-02
URB-SMA-2025Q2-0034,US Retail Bank,Small Business Loan,2025Q2,97207.93,B2025Q2-02
URB-SMA-2025Q2-0035,US Retail Bank,Small Business Loan,2025Q2,78922.66,B2025Q2-02
URB-SMA-2025Q2-0036,US Retail Bank,Small Business Loan,2025Q2,145252.5,B2025Q2-02
URB-SMA-2025Q2-0037,US Retail Bank,Small Business Loan,2025Q2,285388.91,B2025Q2-02
URB-SMA-2025Q2-0038,US Retail Bank,Small Business Loan,2025Q2,152515.48,B2025Q2-02
URB-SMA-2025Q2-0039,US Retail Bank,Small Business Loan,2025Q2,227722.14,B2025Q2-02
URB-SMA-2025Q2-0040,US Retail Bank,Small Business Loan,2025Q2,115281.44,B2025Q2-02
URB-SMA-2025Q2-0041,US Retail Bank,Small Business Loan,2025Q2,121448.04,B2025Q2-02
URB-SMA-2025Q2-0042,US Retail Bank,Small Business Loan,2025Q2,117264.16,B2025Q2-02
URB-SMA-2025Q2-0043,US Retail Bank,Small Business Loan,2025Q2,83796.23,B2025Q2-02
URB-SMA-2025Q2-0044,US Retail Bank,Small Business Loan,2025Q2,118269.8,B2025Q2-02
URB-SMA-2025Q2-0045,US Retail Bank,Small Business Loan,2025Q2,109306.64,B2025Q2-02
URB-SMA-2025Q2-0046,US Retail Bank,Small Business Loan,2025Q2,120626.67,B2025Q2-02
URB-SMA-2025Q2-0047,US Retail Bank,Small Business Loan,2025Q2,310452.94,B2025Q2-02
URB-SMA-2025Q2-0048,US Retail Bank,Small Business Loan,2025Q2,138299.86,B2025Q2-02
URB-SMA-2025Q2-0049,US Retail Bank,Small Business Loan,2025Q2,79645.45,B2025Q2-02
URB-SMA-2025Q2-0050,US Retail Bank,Small Business Loan,2025Q2,223876.35,B2025Q2-03
URB-SMA-2025Q2-0051,US Retail Bank,Small Business Loan,2025Q2,86293.72,B2025Q2-03
URB-SMA-2025Q2-0052,US Retail Bank,Small Business Loan,2025Q2,151339.74,B2025Q2-03
URB-SMA-2025Q2-0053,US Retail Bank,Small Business Loan,2025Q2,139997.82,B2025Q2-03
URB-SMA-2025Q2-0054,US Retail Bank,Small Business Loan,2025Q2,121460.42,B2025Q2-03
URB-SMA-2025Q2-0055,US Retail Bank,Small Business Loan,2025Q2,122110.59,B2025Q2-03
URB-SMA-2025Q2-0056,US Retail Bank,Small Business Loan,2025Q2,144996.58,B2025Q2-03
URB-SMA-2025Q2-0057,US Retail Bank,Small Business Loan,2025Q2,136988.71,B2025Q2-03
URB-SMA-2025Q2-0058,US Retail Bank,Small Business Loan,2025Q2,139688.83,B2025Q2-03
URB-SMA-2025Q2-0059,US Retail Bank,Small Business Loan,2025Q2,94645.4,B2025Q2-03
URB-SMA-2025Q2-0060,US Retail Bank,Small Business Loan,2025Q2,100896.76,B2025Q2-03
URB-SMA-2025Q2-0061,US Retail Bank,Small Business Loan,2025Q2,77426.17,B2025Q2-03
URB-SMA-2025Q2-0062,US Retail Bank,Small Business Loan,2025Q2,205941.62,B2025Q2-03
URB-SMA-2025Q2-0063,US Retail Bank,Small Business Loan,2025Q2,258043.33,B2025Q2-03
URB-SMA-2025Q2-0064,US Retail Bank,Small Business Loan,2025Q2,152315.17,B2025Q2-03
URB-SMA-2025Q2-0065,US Retail Bank,Small Business Loan,2025Q2,158374.14,B2025Q2-03
URB-SMA-2025Q2-0066,US Retail Bank,Small Business Loan,2025Q2,90332.77,B2025Q2-03
URB-SMA-2025Q2-0067,US Retail Bank,Small Business Loan,2025Q2,161875.03,B2025Q2-03
URB-SMA-2025Q2-0068,US Retail Bank,Small Business Loan,2025Q2,183330.51,B2025Q2-03
URB-SMA-2025Q2-0069,US Retail Bank,Small Business Loan,2025Q2,79684.39,B2025Q2-03
URB-SMA-2025Q2-0070,US Retail Bank,Small Business Loan,2025Q2,139537.78,B2025Q2-03
URB-SMA-2025Q2-0071,US Retail Bank,Small Business Loan,2025Q2,54436.44,B2025Q2-03
URB-SMA-2025Q2-0072,US Retail Bank,Small Business Loan,2025Q2,144357.92,B2025Q2-03
URB-SMA-2025Q2-0073,US Retail Bank,Small Business Loan,2025Q2,170239.98,B2025Q2-03
URB-SMA-2025Q2-0074,US Retail Bank,Small Business Loan,2025Q2,170127.5,B2025Q2-03
URB-SMA-2025Q2-0075,US Retail Bank,Small Business Loan,2025Q2,122822.06,B2025Q2-04
URB-SMA-2025Q2-0076,US Retail Bank,Small Business Loan,2025Q2,188868.94,B2025Q2-04
URB-SMA-2025Q2-0077,US Retail Bank,Small Business Loan,2025Q2,271564.47,B2025Q2-04
URB-SMA-2025Q2-0078,US Retail Bank,Small Business Loan,2025Q2,40069.26,B2025Q2-04
URB-SMA-2025Q2-0079,US Retail Bank,Small Business Loan,2025Q2,171710.98,B2025Q2-04
URB-SMA-2025Q2-0080,US Retail Bank,Small Business Loan,2025Q2,92415.99,B2025Q2-04
URB-SMA-2025Q2-0081,US Retail Bank,Small Business Loan,2025Q2,110934.02,B2025Q2-04
URB-SMA-2025Q2-0082,US Retail Bank,Small Business Loan,2025Q2,247733.56,B2025Q2-04
URB-SMA-2025Q2-0083,US Retail Bank,Small Business Loan,2025Q2,85841.34,B2025Q2-04
URB-SMA-2025Q2-0084,US Retail Bank,Small Business Loan,2025Q2,278299.35,B2025Q2-04
URB-SMA-2025Q2-0085,US Retail Bank,Small Business Loan,2025Q2,49234.43,B2025Q2-04
URB-SMA-2025Q2-0086,US Retail Bank,Small Business Loan,2025Q2,65851.01,B2025Q2-04
URB-SMA-2025Q2-0087,US Retail Bank,Small Business Loan,2025Q2,127107.65,B2025Q2-04
URB-SMA-2025Q2-0088,US Retail Bank,Small Business Loan,2025Q2,243826.23,B2025Q2-04
URB-SMA-2025Q2-0089,US Retail Bank,Small Business Loan,2025Q2,580781.25,B2025Q2-04
URB-SMA-2025Q2-0090,US Retail Bank,Small Business Loan,2025Q2,339245.4,B2025Q2-04
URB-SMA-2025Q2-0091,US Retail Bank,Small Business Loan,2025Q2,532325.11,B2025Q2-04
URB-SMA-2025Q2-0092,US Retail Bank,Small Business Loan,2025Q2,258342.78,B2025Q2-04
URB-SMA-2025Q2-0093,US Retail Bank,Small Business Loan,2025Q2,76911.07,B2025Q2-04
UWM-MOR-2025Q1-0000,US Wealth Mgmt,Mortgage,2025Q1,182460.54,B2025Q1-01
UWM-MOR-2025Q1-0001,US Wealth Mgmt,Mortgage,2025Q1,181109.59,B2025Q1-01
UWM-MOR-2025Q1-0002,US Wealth Mgmt,Mortgage,2025Q1,237921.16,B2025Q1-01
UWM-MOR-2025Q1-0003,US Wealth Mgmt,Mortgage,2025Q1,85814.75,B2025Q1-01
UWM-MOR-2025Q1-0004,US Wealth Mgmt,Mortgage,2025Q1,158975.88,B2025Q1-01
UWM-MOR-2025Q1-0005,US Wealth Mgmt,Mortgage,2025Q1,89614.97,B2025Q1-01
UWM-MOR-2025Q1-0006,US Wealth Mgmt,Mortgage,2025Q1,140018.87,B2025Q1-01
UWM-MOR-2025Q1-0007,US Wealth Mgmt,Mortgage,2025Q1,204642.22,B2025Q1-01
UWM-MOR-2025Q1-0008,US Wealth Mgmt,Mortgage,2025Q1,76780.56,B2025Q1-01
UWM-MOR-2025Q1-0009,US Wealth Mgmt,Mortgage,2025Q1,304484.98,B2025Q1-01
UWM-MOR-2025Q1-0010,US Wealth Mgmt,Mortgage,2025Q1,140848.73,B2025Q1-01
UWM-MOR-2025Q1-0011,US Wealth Mgmt,Mortgage,2025Q1,155486.7,B2025Q1-01
UWM-MOR-2025Q1-0012,US Wealth Mgmt,Mortgage,2025Q1,242257.85,B2025Q1-01
UWM-MOR-2025Q1-0013,US Wealth Mgmt,Mortgage,2025Q1,190762.36,B2025Q1-01
UWM-MOR-2025Q1-0014,US Wealth Mgmt,Mortgage,2025Q1,79642.35,B2025Q1-01
UWM-MOR-2025Q1-0015,US Wealth Mgmt,Mortgage,2025Q1,179730.46,B2025Q1-01
UWM-MOR-2025Q1-0016,US Wealth Mgmt,Mortgage,2025Q1,105883.77,B2025Q1-01
UWM-MOR-2025Q1-0017,US Wealth Mgmt,Mortgage,2025Q1,335153.14,B2025Q1-01
UWM-MOR-2025Q1-0018,US Wealth Mgmt,Mortgage,2025Q1,438349.99,B2025Q1-01
UWM-MOR-2025Q1-0019,US Wealth Mgmt,Mortgage,2025Q1,109835.2,B2025Q1-01
UWM-MOR-2025Q1-0020,US Wealth Mgmt,Mortgage,2025Q1,84971.82,B2025Q1-01
UWM-MOR-2025Q1-0021,US Wealth Mgmt,Mortgage,2025Q1,129516.13,B2025Q1-01
UWM-MOR-2025Q1-0022,US Wealth Mgmt,Mortgage,2025Q1,153783.96,B2025Q1-01
UWM-MOR-2025Q1-0023,US Wealth Mgmt,Mortgage,2025Q1,149050.74,B2025Q1-01
UWM-MOR-2025Q1-0024,US Wealth Mgmt,Mortgage,2025Q1,143177.12,B2025Q1-01
UWM-MOR-2025Q1-0025,US Wealth Mgmt,Mortgage,2025Q1,265117.53,B2025Q1-02
UWM-MOR-2025Q1-0026,US Wealth Mgmt,Mortgage,2025Q1,108920.33,B2025Q1-02
UWM-MOR-2025Q1-0027,US Wealth Mgmt,Mortgage,2025Q1,136506.7,B2025Q1-02
UWM-MOR-2025Q1-0028,US Wealth Mgmt,Mortgage,2025Q1,180460.4,B2025Q1-02
UWM-MOR-2025Q1-0029,US Wealth Mgmt,Mortgage,2025Q1,181940.84,B2025Q1-02
UWM-MOR-2025Q1-0030,US Wealth Mgmt,Mortgage,2025Q1,142339.37,B2025Q1-02
UWM-MOR-2025Q1-0031,US Wealth Mgmt,Mortgage,2025Q1,185272.24,B2025Q1-02
UWM-MOR-2025Q1-0032,US Wealth Mgmt,Mortgage,2025Q1,234507.88,B2025Q1-02
UWM-MOR-2025Q1-0033,US Wealth Mgmt,Mortgage,2025Q1,60541.89,B2025Q1-02
UWM-MOR-2025Q1-0034,US Wealth Mgmt,Mortgage,2025Q1,118252.71,B2025Q1-02
UWM-MOR-2025Q1-0035,US Wealth Mgmt,Mortgage,2025Q1,201352.35,B2025Q1-02
UWM-MOR-2025Q1-0036,US Wealth Mgmt,Mortgage,2025Q1,155703.67,B2025Q1-02
UWM-MOR-2025Q1-0037,US Wealth Mgmt,Mortgage,2025Q1,174655.36,B2025Q1-02
UWM-MOR-2025Q1-0038,US Wealth Mgmt,Mortgage,2025Q1,268189.74,B2025Q1-02
UWM-MOR-2025Q1-0039,US Wealth Mgmt,Mortgage,2025Q1,63962.58,B2025Q1-02
UWM-MOR-2025Q1-0040,US Wealth Mgmt,Mortgage,2025Q1,94472.78,B2025Q1-02
UWM-MOR-2025Q1-0041,US Wealth Mgmt,Mortgage,2025Q1,202133.55,B2025Q1-02
UWM-MOR-2025Q1-0042,US Wealth Mgmt,Mortgage,2025Q1,90792.87,B2025Q1-02
UWM-MOR-2025Q1-0043,US Wealth Mgmt,Mortgage,2025Q1,141021.54,B2025Q1-02
UWM-MOR-2025Q1-0044,US Wealth Mgmt,Mortgage,2025Q1,121333.01,B2025Q1-02
UWM-MOR-2025Q1-0045,US Wealth Mgmt,Mortgage,2025Q1,218637.45,B2025Q1-02
UWM-MOR-2025Q1-0046,US Wealth Mgmt,Mortgage,2025Q1,92975.72,B2025Q1-02
UWM-MOR-2025Q1-0047,US Wealth Mgmt,Mortgage,2025Q1,213023.57,B2025Q1-02
UWM-MOR-2025Q1-0048,US Wealth Mgmt,Mortgage,2025Q1,181611.43,B2025Q1-02
UWM-MOR-2025Q1-0049,US Wealth Mgmt,Mortgage,2025Q1,300288.26,B2025Q1-02
UWM-MOR-2025Q1-0050,US Wealth Mgmt,Mortgage,2025Q1,127523.05,B2025Q1-03
UWM-MOR-2025Q1-0051,US Wealth Mgmt,Mortgage,2025Q1,308981.61,B2025Q1-03
UWM-MOR-2025Q1-0052,US Wealth Mgmt,Mortgage,2025Q1,150711.26,B2025Q1-03
UWM-MOR-2025Q1-0053,US Wealth Mgmt,Mortgage,2025Q1,136506.78,B2025Q1-03
UWM-MOR-2025Q1-0054,US Wealth Mgmt,Mortgage,2025Q1,197087.09,B2025Q1-03
UWM-MOR-2025Q1-0055,US Wealth Mgmt,Mortgage,2025Q1,115628.35,B2025Q1-03
UWM-MOR-2025Q1-0056,US Wealth Mgmt,Mortgage,2025Q1,241520.86,B2025Q1-03
UWM-MOR-2025Q1-0057,US Wealth Mgmt,Mortgage,2025Q1,40288.62,B2025Q1-03
UWM-MOR-2025Q1-0058,US Wealth Mgmt,Mortgage,2025Q1,501528.61,B2025Q1-03
UWM-MOR-2025Q1-0059,US Wealth Mgmt,Mortgage,2025Q1,122008.13,B2025Q1-03
UWM-MOR-2025Q1-0060,US Wealth Mgmt,Mortgage,2025Q1,175463.28,B2025Q1-03
UWM-MOR-2025Q1-0061,US Wealth Mgmt,Mortgage,2025Q1,92529.1,B2025Q1-03
UWM-MOR-2025Q1-0062,US Wealth Mgmt,Mortgage,2025Q1,100689.91,B2025Q1-03
UWM-MOR-2025Q1-0063,US Wealth Mgmt,Mortgage,2025Q1,49454.7,B2025Q1-03
UWM-MOR-2025Q1-0064,US Wealth Mgmt,Mortgage,2025Q1,86116.31,B2025Q1-03
UWM-MOR-2025Q1-0065,US Wealth Mgmt,Mortgage,2025Q1,313491.91,B2025Q1-03
UWM-MOR-2025Q1-0066,US Wealth Mgmt,Mortgage,2025Q1,113184.62,B2025Q1-03
UWM-MOR-2025Q1-0067,US Wealth Mgmt,Mortgage,2025Q1,115984.11,B2025Q1-03
UWM-MOR-2025Q1-0068,US Wealth Mgmt,Mortgage,2025Q1,146610.49,B2025Q1-03
UWM-MOR-2025Q1-0069,US Wealth Mgmt,Mortgage,2025Q1,104450.56,B2025Q1-03
UWM-MOR-2025Q1-0070,US Wealth Mgmt,Mortgage,2025Q1,48013.06,B2025Q1-03
UWM-MOR-2025Q1-0071,US Wealth Mgmt,Mortgage,2025Q1,148281.76,B2025Q1-03
UWM-MOR-2025Q1-0072,US Wealth Mgmt,Mortgage,2025Q1,145665.82,B2025Q1-03
UWM-MOR-2025Q1-0073,US Wealth Mgmt,Mortgage,2025Q1,540654.1,B2025Q1-03
UWM-MOR-2025Q1-0074,US Wealth Mgmt,Mortgage,2025Q1,145940.01,B2025Q1-03
UWM-MOR-2025Q1-0075,US Wealth Mgmt,Mortgage,2025Q1,242436.58,B2025Q1-04
UWM-MOR-2025Q1-0076,US Wealth Mgmt,Mortgage,2025Q1,207542.83,B2025Q1-04
UWM-MOR-2025Q1-0077,US Wealth Mgmt,Mortgage,2025Q1,73624.63,B2025Q1-04
UWM-MOR-2025Q1-0078,US Wealth Mgmt,Mortgage,2025Q1,241361.82,B2025Q1-04
UWM-MOR-2025Q1-0079,US Wealth Mgmt,Mortgage,2025Q1,78776.67,B2025Q1-04
UWM-MOR-2025Q1-0080,US Wealth Mgmt,Mortgage,2025Q1,117095.52,B2025Q1-04
UWM-MOR-2025Q1-0081,US Wealth Mgmt,Mortgage,2025Q1,198232.13,B2025Q1-04
UWM-MOR-2025Q1-0082,US Wealth Mgmt,Mortgage,2025Q1,429110.08,B2025Q1-04
UWM-MOR-2025Q1-0083,US Wealth Mgmt,Mortgage,2025Q1,190340.72,B2025Q1-04
UWM-MOR-2025Q1-0084,US Wealth Mgmt,Mortgage,2025Q1,503843.19,B2025Q1-04
UWM-MOR-2025Q1-0085,US Wealth Mgmt,Mortgage,2025Q1,140101.35,B2025Q1-04
UWM-MOR-2025Q1-0086,US Wealth Mgmt,Mortgage,2025Q1,74540.21,B2025Q1-04
UWM-MOR-2025Q1-0087,US Wealth Mgmt,Mortgage,2025Q1,154871.44,B2025Q1-04
UWM-MOR-2025Q1-0088,US Wealth Mgmt,Mortgage,2025Q1,362060.57,B2025Q1-04
UWM-MOR-2025Q1-0089,US Wealth Mgmt,Mortgage,2025Q1,53772.76,B2025Q1-04
UWM-MOR-2025Q1-0090,US Wealth Mgmt,Mortgage,2025Q1,45686.38,B2025Q1-04
UWM-MOR-2025Q1-0091,US Wealth Mgmt,Mortgage,2025Q1,144333.57,B2025Q1-04
UWM-MOR-2025Q1-0092,US Wealth Mgmt,Mortgage,2025Q1,235187.35,B2025Q1-04
UWM-MOR-2025Q1-0093,US Wealth Mgmt,Mortgage,2025Q1,95348.76,B2025Q1-04
UWM-MOR-2025Q1-0094,US Wealth Mgmt,Mortgage,2025Q1,110508.23,B2025Q1-04
UWM-MOR-2025Q1-0095,US Wealth Mgmt,Mortgage,2025Q1,216191.91,B2025Q1-04
UWM-MOR-2025Q1-0096,US Wealth Mgmt,Mortgage,2025Q1,123720.09,B2025Q1-04
UWM-MOR-2025Q1-0097,US Wealth Mgmt,Mortgage,2025Q1,207830.46,B2025Q1-04
UWM-MOR-2025Q1-0098,US Wealth Mgmt,Mortgage,2025Q1,73855.55,B2025Q1-04
UWM-MOR-2025Q1-0099,US Wealth Mgmt,Mortgage,2025Q1,92419.61,B2025Q1-04
UWM-MOR-2025Q1-0100,US Wealth Mgmt,Mortgage,2025Q1,468229.33,B2025Q1-05
UWM-MOR-2025Q1-0101,US Wealth Mgmt,Mortgage,2025Q1,88884.4,B2025Q1-05
UWM-MOR-2025Q1-0102,US Wealth Mgmt,Mortgage,2025Q1,181742.1,B2025Q1-05
UWM-MOR-2025Q1-0103,US Wealth Mgmt,Mortgage,2025Q1,284260.33,B2025Q1-05
UWM-MOR-2025Q1-0104,US Wealth Mgmt,Mortgage,2025Q1,116845.65,B2025Q1-05
UWM-MOR-2025Q1-0105,US Wealth Mgmt,Mortgage,2025Q1,402136.15,B2025Q1-05
UWM-MOR-2025Q1-0106,US Wealth Mgmt,Mortgage,2025Q1,133238.2,B2025Q1-05
UWM-MOR-2025Q1-0107,US Wealth Mgmt,Mortgage,2025Q1,67970.72,B2025Q1-05
UWM-MOR-2025Q1-0108,US Wealth Mgmt,Mortgage,2025Q1,166892.63,B2025Q1-05
UWM-MOR-2025Q1-0109,US Wealth Mgmt,Mortgage,2025Q1,173850.06,B2025Q1-05
UWM-MOR-2025Q1-0110,US Wealth Mgmt,Mortgage,2025Q1,158513.72,B2025Q1-05
UWM-MOR-2025Q1-0111,US Wealth Mgmt,Mortgage,2025Q1,88894.24,B2025Q1-05
UWM-MOR-2025Q1-0112,US Wealth Mgmt,Mortgage,2025Q1,245516.34,B2025Q1-05
UWM-MOR-2025Q1-0113,US Wealth Mgmt,Mortgage,2025Q1,102860.27,B2025Q1-05
UWM-MOR-2025Q1-0114,US Wealth Mgmt,Mortgage,2025Q1,64725.65,B2025Q1-05
UWM-MOR-2025Q1-0115,US Wealth Mgmt,Mortgage,2025Q1,153277.38,B2025Q1-05
UWM-MOR-2025Q1-0116,US Wealth Mgmt,Mortgage,2025Q1,89035.22,B2025Q1-05
UWM-MOR-2025Q1-0117,US Wealth Mgmt,Mortgage,2025Q1,173538.84,B2025Q1-05
UWM-MOR-2025Q1-0118,US Wealth Mgmt,Mortgage,2025Q1,108969.62,B2025Q1-05
UWM-MOR-2025Q1-0119,US Wealth Mgmt,Mortgage,2025Q1,49346.79,B2025Q1-05
UWM-MOR-2025Q1-0120,US Wealth Mgmt,Mortgage,2025Q1,377349.97,B2025Q1-05
UWM-MOR-2025Q1-0121,US Wealth Mgmt,Mortgage,2025Q1,108901.78,B2025Q1-05
UWM-MOR-2025Q1-0122,US Wealth Mgmt,Mortgage,2025Q1,114695.55,B2025Q1-05
UWM-MOR-2025Q1-0123,US Wealth Mgmt,Mortgage,2025Q1,91327.36,B2025Q1-05
UWM-MOR-2025Q1-0124,US Wealth Mgmt,Mortgage,2025Q1,561666.91,B2025Q1-05
UWM-MOR-2025Q1-0125,US Wealth Mgmt,Mortgage,2025Q1,88146.4,B2025Q1-06
UWM-MOR-2025Q1-0126,US Wealth Mgmt,Mortgage,2025Q1,304567.49,B2025Q1-06
UWM-MOR-2025Q1-0127,US Wealth Mgmt,Mortgage,2025Q1,715399.9,B2025Q1-06
UWM-MOR-2025Q1-0128,US Wealth Mgmt,Mortgage,2025Q1,236033.29,B2025Q1-06
UWM-MOR-2025Q1-0129,US Wealth Mgmt,Mortgage,2025Q1,90844.81,B2025Q1-06
UWM-MOR-2025Q1-0130,US Wealth Mgmt,Mortgage,2025Q1,225904.29,B2025Q1-06
UWM-MOR-2025Q1-0131,US Wealth Mgmt,Mortgage,2025Q1,198691.29,B2025Q1-06
UWM-MOR-2025Q1-0132,US Wealth Mgmt,Mortgage,2025Q1,122440.42,B2025Q1-06
UWM-MOR-2025Q1-0133,US Wealth Mgmt,Mortgage,2025Q1,268085.02,B2025Q1-06
UWM-MOR-2025Q1-0134,US Wealth Mgmt,Mortgage,2025Q1,88191.98,B2025Q1-06
UWM-MOR-2025Q1-0135,US Wealth Mgmt,Mortgage,2025Q1,138066.92,B2025Q1-06
UWM-MOR-2025Q1-0136,US Wealth Mgmt,Mortgage,2025Q1,211668.59,B2025Q1-06
UWM-MOR-2025Q1-0137,US Wealth Mgmt,Mortgage,2025Q1,283058.4,B2025Q1-06
UWM-MOR-2025Q1-0138,US Wealth Mgmt,Mortgage,2025Q1,114496.79,B2025Q1-06
UWM-MOR-2025Q1-0139,US Wealth Mgmt,Mortgage,2025Q1,82428.67,B2025Q1-06
UWM-MOR-2025Q1-0140,US Wealth Mgmt,Mortgage,2025Q1,177506.46,B2025Q1-06
UWM-MOR-2025Q1-0141,US Wealth Mgmt,Mortgage,2025Q1,207319.48,B2025Q1-06
UWM-MOR-2025Q1-0142,US Wealth Mgmt,Mortgage,2025Q1,142388.74,B2025Q1-06
UWM-MOR-2025Q1-0143,US Wealth Mgmt,Mortgage,2025Q1,217870.73,B2025Q1-06
UWM-MOR-2025Q2-0000,US Wealth Mgmt,Mortgage,2025Q2,490549.14,B2025Q2-01
UWM-MOR-2025Q2-0001,US Wealth Mgmt,Mortgage,2025Q2,164274.01,B2025Q2-01
UWM-MOR-2025Q2-0002,US Wealth Mgmt,Mortgage,2025Q2,166368.12,B2025Q2-01
UWM-MOR-2025Q2-0003,US Wealth Mgmt,Mortgage,2025Q2,120861.71,B2025Q2-01
UWM-MOR-2025Q2-0004,US Wealth Mgmt,Mortgage,2025Q2,202446.7,B2025Q2-01
UWM-MOR-2025Q2-0005,US Wealth Mgmt,Mortgage,2025Q2,111432.11,B2025Q2-01
UWM-MOR-2025Q2-0006,US Wealth Mgmt,Mortgage,2025Q2,215870.27,B2025Q2-01
UWM-MOR-2025Q2-0007,US Wealth Mgmt,Mortgage,2025Q2,67795.31,B2025Q2-01
UWM-MOR-2025Q2-0008,US Wealth Mgmt,Mortgage,2025Q2,106950.82,B2025Q2-01
UWM-MOR-2025Q2-0009,US Wealth Mgmt,Mortgage,2025Q2,212871.18,B2025Q2-01
UWM-MOR-2025Q2-0010,US Wealth Mgmt,Mortgage,2025Q2,134562.13,B2025Q2-01
UWM-MOR-2025Q2-0011,US Wealth Mgmt,Mortgage,2025Q2,64274.52,B2025Q2-01
UWM-MOR-2025Q2-0012,US Wealth Mgmt,Mortgage,2025Q2,100542.05,B2025Q2-01
UWM-MOR-2025Q2-0013,US Wealth Mgmt,Mortgage,2025Q2,247626.67,B2025Q2-01
UWM-MOR-2025Q2-0014,US Wealth Mgmt,Mortgage,2025Q2,151449.28,B2025Q2-01
UWM-MOR-2025Q2-0015,US Wealth Mgmt,Mortgage,2025Q2,37130.91,B2025Q2-01
UWM-MOR-2025Q2-0016,US Wealth Mgmt,Mortgage,2025Q2,146172.65,B2025Q2-01
UWM-MOR-2025Q2-0017,US Wealth Mgmt,Mortgage,2025Q2,223800.28,B2025Q2-01
UWM-MOR-2025Q2-0018,US Wealth Mgmt,Mortgage,2025Q2,202463.27,B2025Q2-01
UWM-MOR-2025Q2-0019,US Wealth Mgmt,Mortgage,2025Q2,75630.32,B2025Q2-01
UWM-MOR-2025Q2-0020,US Wealth Mgmt,Mortgage,2025Q2,451470.22,B2025Q2-01
UWM-MOR-2025Q2-0021,US Wealth Mgmt,Mortgage,2025Q2,131136.78,B2025Q2-01
UWM-MOR-2025Q2-0022,US Wealth Mgmt,Mortgage,2025Q2,167650.39,B2025Q2-01
UWM-MOR-2025Q2-0023,US Wealth Mgmt,Mortgage,2025Q2,76547.67,B2025Q2-01
UWM-MOR-2025Q2-0024,US Wealth Mgmt,Mortgage,2025Q2,207126.03,B2025Q2-01
UWM-MOR-2025Q2-0025,US Wealth Mgmt,Mortgage,2025Q2,190484.47,B2025Q2-02
UWM-MOR-2025Q2-0026,US Wealth Mgmt,Mortgage,2025Q2,232624.09,B2025Q2-02
UWM-MOR-2025Q2-0027,US Wealth Mgmt,Mortgage,2025Q2,138475.8,B2025Q2-02
UWM-MOR-2025Q2-0028,US Wealth Mgmt,Mortgage,2025Q2,87672.46,B2025Q2-02
UWM-MOR-2025Q2-0029,US Wealth Mgmt,Mortgage,2025Q2,204399.65,B2025Q2-02
UWM-MOR-2025Q2-0030,US Wealth Mgmt,Mortgage,2025Q2,454276.98,B2025Q2-02
UWM-MOR-2025Q2-0031,US Wealth Mgmt,Mortgage,2025Q2,338846.72,B2025Q2-02
UWM-MOR-2025Q2-0032,US Wealth Mgmt,Mortgage,2025Q2,87078.15,B2025Q2-02
UWM-MOR-2025Q2-0033,US Wealth Mgmt,Mortgage,2025Q2,394476.12,B2025Q2-02
UWM-MOR-2025Q2-0034,US Wealth Mgmt,Mortgage,2025Q2,228714.26,B2025Q2-02
UWM-MOR-2025Q2-0035,US Wealth Mgmt,Mortgage,2025Q2,164430.83,B2025Q2-02
UWM-MOR-2025Q2-0036,US Wealth Mgmt,Mortgage,2025Q2,265999.19,B2025Q2-02
UWM-MOR-2025Q2-0037,US Wealth Mgmt,Mortgage,2025Q2,64545.94,B2025Q2-02
UWM-MOR-2025Q2-0038,US Wealth Mgmt,Mortgage,2025Q2,214286.25,B2025Q2-02
UWM-MOR-2025Q2-0039,US Wealth Mgmt,Mortgage,2025Q2,181051.69,B2025Q2-02
UWM-MOR-2025Q2-0040,US Wealth Mgmt,Mortgage,2025Q2,203265.21,B2025Q2-02
UWM-MOR-2025Q2-0041,US Wealth Mgmt,Mortgage,2025Q2,249344.97,B2025Q2-02
UWM-MOR-2025Q2-0042,US Wealth Mgmt,Mortgage,2025Q2,89890.65,B2025Q2-02
UWM-MOR-2025Q2-0043,US Wealth Mgmt,Mortgage,2025Q2,40954.43,B2025Q2-02
UWM-MOR-2025Q2-0044,US Wealth Mgmt,Mortgage,2025Q2,50446.56,B2025Q2-02
UWM-MOR-2025Q2-0045,US Wealth Mgmt,Mortgage,2025Q2,646332.37,B2025Q2-02
UWM-MOR-2025Q2-0046,US Wealth Mgmt,Mortgage,2025Q2,99819.39,B2025Q2-02
UWM-MOR-2025Q2-0047,US Wealth Mgmt,Mortgage,2025Q2,106006.69,B2025Q2-02
UWM-MOR-2025Q2-0048,US Wealth Mgmt,Mortgage,2025Q2,90486.97,B2025Q2-02
UWM-MOR-2025Q2-0049,US Wealth Mgmt,Mortgage,2025Q2,179022.7,B2025Q2-02
UWM-MOR-2025Q2-0050,US Wealth Mgmt,Mortgage,2025Q2,173254.09,B2025Q2-03
UWM-MOR-2025Q2-0051,US Wealth Mgmt,Mortgage,2025Q2,214334.08,B2025Q2-03
UWM-MOR-2025Q2-0052,US Wealth Mgmt,Mortgage,2025Q2,88342.03,B2025Q2-03
UWM-MOR-2025Q2-0053,US Wealth Mgmt,Mortgage,2025Q2,95045.78,B2025Q2-03
UWM-MOR-2025Q2-0054,US Wealth Mgmt,Mortgage,2025Q2,193679.14,B2025Q2-03
UWM-MOR-2025Q2-0055,US Wealth Mgmt,Mortgage,2025Q2,116638.06,B2025Q2-03
UWM-MOR-2025Q2-0056,US Wealth Mgmt,Mortgage,2025Q2,510925.25,B2025Q2-03
UWM-MOR-2025Q2-0057,US Wealth Mgmt,Mortgage,2025Q2,498421.84,B2025Q2-03
UWM-MOR-2025Q2-0058,US Wealth Mgmt,Mortgage,2025Q2,194922.84,B2025Q2-03
UWM-MOR-2025Q2-0059,US Wealth Mgmt,Mortgage,2025Q2,84839.92,B2025Q2-03
UWM-MOR-2025Q2-0060,US Wealth Mgmt,Mortgage,2025Q2,153171.94,B2025Q2-03
UWM-MOR-2025Q2-0061,US Wealth Mgmt,Mortgage,2025Q2,370981.55,B2025Q2-03
UWM-MOR-2025Q2-0062,US Wealth Mgmt,Mortgage,2025Q2,147906.81,B2025Q2-03
UWM-MOR-2025Q2-0063,US Wealth Mgmt,Mortgage,2025Q2,106867.72,B2025Q2-03
UWM-MOR-2025Q2-0064,US Wealth Mgmt,Mortgage,2025Q2,61586.03,B2025Q2-03
UWM-MOR-2025Q2-0065,US Wealth Mgmt,Mortgage,2025Q2,196173.14,B2025Q2-03
UWM-MOR-2025Q2-0066,US Wealth Mgmt,Mortgage,2025Q2,95588.11,B2025Q2-03
UWM-MOR-2025Q2-0067,US Wealth Mgmt,Mortgage,2025Q2,195594.12,B2025Q2-03
UWM-MOR-2025Q2-0068,US Wealth Mgmt,Mortgage,2025Q2,308067.65,B2025Q2-03
UWM-MOR-2025Q2-0069,US Wealth Mgmt,Mortgage,2025Q2,167698.87,B2025Q2-03
UWM-MOR-2025Q2-0070,US Wealth Mgmt,Mortgage,2025Q2,220193.51,B2025Q2-03
UWM-MOR-2025Q2-0071,US Wealth Mgmt,Mortgage,2025Q2,68591.26,B2025Q2-03
UWM-MOR-2025Q2-0072,US Wealth Mgmt,Mortgage,2025Q2,413884.58,B2025Q2-03
UWM-MOR-2025Q2-0073,US Wealth Mgmt,Mortgage,2025Q2,162561.24,B2025Q2-03
UWM-MOR-2025Q2-0074,US Wealth Mgmt,Mortgage,2025Q2,130820.78,B2025Q2-03
UWM-MOR-2025Q2-0075,US Wealth Mgmt,Mortgage,2025Q2,143182.97,B2025Q2-04
UWM-MOR-2025Q2-0076,US Wealth Mgmt,Mortgage,2025Q2,210779.15,B2025Q2-04
UWM-MOR-2025Q2-0077,US Wealth Mgmt,Mortgage,2025Q2,147520.87,B2025Q2-04
UWM-MOR-2025Q2-0078,US Wealth Mgmt,Mortgage,2025Q2,235312.73,B2025Q2-04
UWM-MOR-2025Q2-0079,US Wealth Mgmt,Mortgage,2025Q2,54111.93,B2025Q2-04
UWM-MOR-2025Q2-0080,US Wealth Mgmt,Mortgage,2025Q2,170208.2,B2025Q2-04
UWM-MOR-2025Q2-0081,US Wealth Mgmt,Mortgage,2025Q2,213873.3,B2025Q2-04
UWM-MOR-2025Q2-0082,US Wealth Mgmt,Mortgage,2025Q2,291433.58,B2025Q2-04
UWM-MOR-2025Q2-0083,US Wealth Mgmt,Mortgage,2025Q2,135514.58,B2025Q2-04
UWM-MOR-2025Q2-0084,US Wealth Mgmt,Mortgage,2025Q2,227250.87,B2025Q2-04
UWM-MOR-2025Q2-0085,US Wealth Mgmt,Mortgage,2025Q2,118255.69,B2025Q2-04
UWM-MOR-2025Q2-0086,US Wealth Mgmt,Mortgage,2025Q2,52488.26,B2025Q2-04
UWM-MOR-2025Q2-0087,US Wealth Mgmt,Mortgage,2025Q2,182346.07,B2025Q2-04
UWM-MOR-2025Q2-0088,US Wealth Mgmt,Mortgage,2025Q2,119433.47,B2025Q2-04
UWM-MOR-2025Q2-0089,US Wealth Mgmt,Mortgage,2025Q2,162735.66,B2025Q2-04
UWM-MOR-2025Q2-0090,US Wealth Mgmt,Mortgage,2025Q2,195152.77,B2025Q2-04
UWM-MOR-2025Q2-0091,US Wealth Mgmt,Mortgage,2025Q2,79129.8,B2025Q2-04
UWM-MOR-2025Q2-0092,US Wealth Mgmt,Mortgage,2025Q2,86073.62,B2025Q2-04
UWM-MOR-2025Q2-0093,US Wealth Mgmt,Mortgage,2025Q2,298322.23,B2025Q2-04
UWM-MOR-2025Q2-0094,US Wealth Mgmt,Mortgage,2025Q2,88607.66,B2025Q2-04
UWM-MOR-2025Q2-0095,US Wealth Mgmt,Mortgage,2025Q2,333661.32,B2025Q2-04
UWM-MOR-2025Q2-0096,US Wealth Mgmt,Mortgage,2025Q2,147288.96,B2025Q2-04
UWM-MOR-2025Q2-0097,US Wealth Mgmt,Mortgage,2025Q2,379016.68,B2025Q2-04
UWM-MOR-2025Q2-0098,US Wealth Mgmt,Mortgage,2025Q2,464989.65,B2025Q2-04
UWM-MOR-2025Q2-0099,US Wealth Mgmt,Mortgage,2025Q2,151671.89,B2025Q2-04
UWM-MOR-2025Q2-0100,US Wealth Mgmt,Mortgage,2025Q2,84916.14,B2025Q2-05
UWM-MOR-2025Q2-0101,US Wealth Mgmt,Mortgage,2025Q2,88530.5,B2025Q2-05
UWM-MOR-2025Q2-0102,US Wealth Mgmt,Mortgage,2025Q2,103394.17,B2025Q2-05
UWM-MOR-2025Q2-0103,US Wealth Mgmt,Mortgage,2025Q2,68248.5,B2025Q2-05
UWM-MOR-2025Q2-0104,US Wealth Mgmt,Mortgage,2025Q2,60576.27,B2025Q2-05
UWM-MOR-2025Q2-0105,US Wealth Mgmt,Mortgage,2025Q2,136937.82,B2025Q2-05
UWM-MOR-2025Q2-0106,US Wealth Mgmt,Mortgage,2025Q2,59505.77,B2025Q2-05
UWM-MOR-2025Q2-0107,US Wealth Mgmt,Mortgage,2025Q2,126628.95,B2025Q2-05
UWM-MOR-2025Q2-0108,US Wealth Mgmt,Mortgage,2025Q2,169599.84,B2025Q2-05
UWM-MOR-2025Q2-0109,US Wealth Mgmt,Mortgage,2025Q2,141497.48,B2025Q2-05
UWM-MOR-2025Q2-0110,US Wealth Mgmt,Mortgage,2025Q2,172774.96,B2025Q2-05
UWM-MOR-2025Q2-0111,US Wealth Mgmt,Mortgage,2025Q2,155344.27,B2025Q2-05
UWM-MOR-2025Q2-0112,US Wealth Mgmt,Mortgage,2025Q2,83239.47,B2025Q2-05
UWM-MOR-2025Q2-0113,US Wealth Mgmt,Mortgage,2025Q2,386507.95,B2025Q2-05
UWM-MOR-2025Q2-0114,US Wealth Mgmt,Mortgage,2025Q2,157788.45,B2025Q2-05
UWM-MOR-2025Q2-0115,US Wealth Mgmt,Mortgage,2025Q2,217038.09,B2025Q2-05
UWM-MOR-2025Q2-0116,US Wealth Mgmt,Mortgage,2025Q2,53338.96,B2025Q2-05
UWM-MOR-2025Q2-0117,US Wealth Mgmt,Mortgage,2025Q2,131291.22,B2025Q2-05
UWM-MOR-2025Q2-0118,US Wealth Mgmt,Mortgage,2025Q2,222818.74,B2025Q2-05
UWM-MOR-2025Q2-0119,US Wealth Mgmt,Mortgage,2025Q2,145287.45,B2025Q2-05
UWM-MOR-2025Q2-0120,US Wealth Mgmt,Mortgage,2025Q2,129283.87,B2025Q2-05
UWM-MOR-2025Q2-0121,US Wealth Mgmt,Mortgage,2025Q2,210909.8,B2025Q2-05
UWM-MOR-2025Q2-0122,US Wealth Mgmt,Mortgage,2025Q2,393672.59,B2025Q2-05
UWM-MOR-2025Q2-0123,US Wealth Mgmt,Mortgage,2025Q2,203269.04,B2025Q2-05
UWM-MOR-2025Q2-0124,US Wealth Mgmt,Mortgage,2025Q2,433961.03,B2025Q2-05
UWM-MOR-2025Q2-0125,US Wealth Mgmt,Mortgage,2025Q2,162770.24,B2025Q2-06
UWM-MOR-2025Q2-0126,US Wealth Mgmt,Mortgage,2025Q2,383623.09,B2025Q2-06
UWM-MOR-2025Q2-0127,US Wealth Mgmt,Mortgage,2025Q2,181768.06,B2025Q2-06
UWM-MOR-2025Q2-0128,US Wealth Mgmt,Mortgage,2025Q2,305378.23,B2025Q2-06
UWM-MOR-2025Q2-0129,US Wealth Mgmt,Mortgage,2025Q2,72441.91,B2025Q2-06
UWM-MOR-2025Q2-0130,US Wealth Mgmt,Mortgage,2025Q2,144720.59,B2025Q2-06
UWM-MOR-2025Q2-0131,US Wealth Mgmt,Mortgage,2025Q2,227777.57,B2025Q2-06
UWM-MOR-2025Q2-0132,US Wealth Mgmt,Mortgage,2025Q2,402760.22,B2025Q2-06
UWM-MOR-2025Q2-0133,US Wealth Mgmt,Mortgage,2025Q2,74700.82,B2025Q2-06
UWM-MOR-2025Q2-0134,US Wealth Mgmt,Mortgage,2025Q2,313661.32,B2025Q2-06
UWM-MOR-2025Q2-0135,US Wealth Mgmt,Mortgage,2025Q2,68295.11,B2025Q2-06
UWM-MOR-2025Q2-0136,US Wealth Mgmt,Mortgage,2025Q2,42484.98,B2025Q2-06
UWM-MOR-2025Q2-0137,US Wealth Mgmt,Mortgage,2025Q2,176963.98,B2025Q2-06
UWM-MOR-2025Q2-0138,US Wealth Mgmt,Mortgage,2025Q2,97006.14,B2025Q2-06
UWM-MOR-2025Q2-0139,US Wealth Mgmt,Mortgage,2025Q2,116998.01,B2025Q2-06
UWM-MOR-2025Q2-0140,US Wealth Mgmt,Mortgage,2025Q2,127799.67,B2025Q2-06
UWM-MOR-2025Q2-0141,US Wealth Mgmt,Mortgage,2025Q2,255329.39,B2025Q2-06
UWM-MOR-2025Q2-0142,US Wealth Mgmt,Mortgage,2025Q2,236168.32,B2025Q2-06
UWM-MOR-2025Q2-0143,US Wealth Mgmt,Mortgage,2025Q2,83019.69,B2025Q2-06
UWM-AUT-2025Q1-0000,US Wealth Mgmt,Auto Loan,2025Q1,9725.65,B2025Q1-01
UWM-AUT-2025Q1-0001,US Wealth Mgmt,Auto Loan,2025Q1,17404.29,B2025Q1-01
UWM-AUT-2025Q1-0002,US Wealth Mgmt,Auto Loan,2025Q1,8069.88,B2025Q1-01
UWM-AUT-2025Q1-0003,US Wealth Mgmt,Auto Loan,2025Q1,7634.05,B2025Q1-01
UWM-AUT-2025Q1-0004,US Wealth Mgmt,Auto Loan,2025Q1,6995.03,B2025Q1-01
UWM-AUT-2025Q1-0005,US Wealth Mgmt,Auto Loan,2025Q1,4208.59,B2025Q1-01
UWM-AUT-2025Q1-0006,US Wealth Mgmt,Auto Loan,2025Q1,7724.89,B2025Q1-01
UWM-AUT-2025Q1-0007,US Wealth Mgmt,Auto Loan,2025Q1,5427.91,B2025Q1-01
UWM-AUT-2025Q1-0008,US Wealth Mgmt,Auto Loan,2025Q1,12905.29,B2025Q1-01
UWM-AUT-2025Q1-0009,US Wealth Mgmt,Auto Loan,2025Q1,10098.23,B2025Q1-01
UWM-AUT-2025Q1-0010,US Wealth Mgmt,Auto Loan,2025Q1,13933.6,B2025Q1-01
UWM-AUT-2025Q1-0011,US Wealth Mgmt,Auto Loan,2025Q1,9931.67,B2025Q1-01
UWM-AUT-2025Q1-0012,US Wealth Mgmt,Auto Loan,2025Q1,20647.6,B2025Q1-01
UWM-AUT-2025Q1-0013,US Wealth Mgmt,Auto Loan,2025Q1,14115.5,B2025Q1-01
UWM-AUT-2025Q1-0014,US Wealth Mgmt,Auto Loan,2025Q1,9106.83,B2025Q1-01
UWM-AUT-2025Q1-0015,US Wealth Mgmt,Auto Loan,2025Q1,27089.76,B2025Q1-01
UWM-AUT-2025Q1-0016,US Wealth Mgmt,Auto Loan,2025Q1,18765.98,B2025Q1-01
UWM-AUT-2025Q1-0017,US Wealth Mgmt,Auto Loan,2025Q1,5998.93,B2025Q1-01
UWM-AUT-2025Q1-0018,US Wealth Mgmt,Auto Loan,2025Q1,5972.29,B2025Q1-01
UWM-AUT-2025Q1-0019,US Wealth Mgmt,Auto Loan,2025Q1,22097.08,B2025Q1-01
UWM-AUT-2025Q1-0020,US Wealth Mgmt,Auto Loan,2025Q1,11369.39,B2025Q1-01
UWM-AUT-2025Q1-0021,US Wealth Mgmt,Auto Loan,2025Q1,12375.07,B2025Q1-01
UWM-AUT-2025Q1-0022,US Wealth Mgmt,Auto Loan,2025Q1,9832.0,B2025Q1-01
UWM-AUT-2025Q1-0023,US Wealth Mgmt,Auto Loan,2025Q1,6430.73,B2025Q1-01
UWM-AUT-2025Q1-0024,US Wealth Mgmt,Auto Loan,2025Q1,8689.65,B2025Q1-01
UWM-AUT-2025Q1-0025,US Wealth Mgmt,Auto Loan,2025Q1,14971.18,B2025Q1-02
UWM-AUT-2025Q1-0026,US Wealth Mgmt,Auto Loan,2025Q1,9851.22,B2025Q1-02
UWM-AUT-2025Q1-0027,US Wealth Mgmt,Auto Loan,2025Q1,20165.6,B2025Q1-02
UWM-AUT-2025Q1-0028,US Wealth Mgmt,Auto Loan,2025Q1,3781.19,B2025Q1-02
UWM-AUT-2025Q1-0029,US Wealth Mgmt,Auto Loan,2025Q1,11185.35,B2025Q1-02
UWM-AUT-2025Q1-0030,US Wealth Mgmt,Auto Loan,2025Q1,3529.18,B2025Q1-02
UWM-AUT-2025Q1-0031,US Wealth Mgmt,Auto Loan,2025Q1,19437.86,B2025Q1-02
UWM-AUT-2025Q1-0032,US Wealth Mgmt,Auto Loan,2025Q1,14440.73,B2025Q1-02
UWM-AUT-2025Q1-0033,US Wealth Mgmt,Auto Loan,2025Q1,13992.73,B2025Q1-02
UWM-AUT-2025Q1-0034,US Wealth Mgmt,Auto Loan,2025Q1,8058.18,B2025Q1-02
UWM-AUT-2025Q1-0035,US Wealth Mgmt,Auto Loan,2025Q1,8827.73,B2025Q1-02
UWM-AUT-2025Q1-0036,US Wealth Mgmt,Auto Loan,2025Q1,10287.31,B2025Q1-02
UWM-AUT-2025Q1-0037,US Wealth Mgmt,Auto Loan,2025Q1,6051.33,B2025Q1-02
UWM-AUT-2025Q1-0038,US Wealth Mgmt,Auto Loan,2025Q1,26481.85,B2025Q1-02
UWM-AUT-2025Q1-0039,US Wealth Mgmt,Auto Loan,2025Q1,10158.67,B2025Q1-02
UWM-AUT-2025Q1-0040,US Wealth Mgmt,Auto Loan,2025Q1,7616.01,B2025Q1-02
UWM-AUT-2025Q1-0041,US Wealth Mgmt,Auto Loan,2025Q1,18220.71,B2025Q1-02
UWM-AUT-2025Q1-0042,US Wealth Mgmt,Auto Loan,2025Q1,16176.84,B2025Q1-02
UWM-AUT-2025Q1-0043,US Wealth Mgmt,Auto Loan,2025Q1,8607.24,B2025Q1-02
UWM-AUT-2025Q1-0044,US Wealth Mgmt,Auto Loan,2025Q1,13588.88,B2025Q1-02
UWM-AUT-2025Q1-0045,US Wealth Mgmt,Auto Loan,2025Q1,5026.62,B2025Q1-02
UWM-AUT-2025Q1-0046,US Wealth Mgmt,Auto Loan,2025Q1,9545.22,B2025Q1-02
UWM-AUT-2025Q1-0047,US Wealth Mgmt,Auto Loan,2025Q1,11924.17,B2025Q1-02
UWM-AUT-2025Q1-0048,US Wealth Mgmt,Auto Loan,2025Q1,30622.06,B2025Q1-02
UWM-AUT-2025Q1-0049,US Wealth Mgmt,Auto Loan,2025Q1,4648.19,B2025Q1-02
UWM-AUT-2025Q1-0050,US Wealth Mgmt,Auto Loan,2025Q1,18265.48,B2025Q1-03
UWM-AUT-2025Q1-0051,US Wealth Mgmt,Auto Loan,2025Q1,12630.38,B2025Q1-03
UWM-AUT-2025Q1-0052,US Wealth Mgmt,Auto Loan,2025Q1,15010.54,B2025Q1-03
UWM-AUT-2025Q1-0053,US Wealth Mgmt,Auto Loan,2025Q1,11773.61,B2025Q1-03
UWM-AUT-2025Q1-0054,US Wealth Mgmt,Auto Loan,2025Q1,4266.17,B2025Q1-03
UWM-AUT-2025Q1-0055,US Wealth Mgmt,Auto Loan,2025Q1,14891.25,B2025Q1-03
UWM-AUT-2025Q1-0056,US Wealth Mgmt,Auto Loan,2025Q1,12243.2,B2025Q1-03
UWM-AUT-2025Q1-0057,US Wealth Mgmt,Auto Loan,2025Q1,15997.81,B2025Q1-03
UWM-AUT-2025Q1-0058,US Wealth Mgmt,Auto Loan,2025Q1,12157.1,B2025Q1-03
UWM-AUT-2025Q1-0059,US Wealth Mgmt,Auto Loan,2025Q1,4209.19,B2025Q1-03
UWM-AUT-2025Q1-0060,US Wealth Mgmt,Auto Loan,2025Q1,17973.61,B2025Q1-03
UWM-AUT-2025Q1-0061,US Wealth Mgmt,Auto Loan,2025Q1,5464.67,B2025Q1-03
UWM-AUT-2025Q1-0062,US Wealth Mgmt,Auto Loan,2025Q1,18045.74,B2025Q1-03
UWM-AUT-2025Q1-0063,US Wealth Mgmt,Auto Loan,2025Q1,8170.64,B2025Q1-03
UWM-AUT-2025Q1-0064,US Wealth Mgmt,Auto Loan,2025Q1,7625.78,B2025Q1-03
UWM-AUT-2025Q1-0065,US Wealth Mgmt,Auto Loan,2025Q1,17493.61,B2025Q1-03
UWM-AUT-2025Q1-0066,US Wealth Mgmt,Auto Loan,2025Q1,6240.0,B2025Q1-03
UWM-AUT-2025Q1-0067,US Wealth Mgmt,Auto Loan,2025Q1,13141.68,B2025Q1-03
UWM-AUT-2025Q1-0068,US Wealth Mgmt,Auto Loan,2025Q1,9800.69,B2025Q1-03
UWM-AUT-2025Q1-0069,US Wealth Mgmt,Auto Loan,2025Q1,17944.69,B2025Q1-03
UWM-AUT-2025Q1-0070,US Wealth Mgmt,Auto Loan,2025Q1,16558.94,B2025Q1-03
UWM-AUT-2025Q1-0071,US Wealth Mgmt,Auto Loan,2025Q1,14563.18,B2025Q1-03
UWM-AUT-2025Q1-0072,US Wealth Mgmt,Auto Loan,2025Q1,25515.71,B2025Q1-03
UWM-AUT-2025Q1-0073,US Wealth Mgmt,Auto Loan,2025Q1,21556.58,B2025Q1-03
UWM-AUT-2025Q1-0074,US Wealth Mgmt,Auto Loan,2025Q1,5572.59,B2025Q1-03
UWM-AUT-2025Q1-0075,US Wealth Mgmt,Auto Loan,2025Q1,6796.56,B2025Q1-04
UWM-AUT-2025Q1-0076,US Wealth Mgmt,Auto Loan,2025Q1,8362.98,B2025Q1-04
UWM-AUT-2025Q1-0077,US Wealth Mgmt,Auto Loan,2025Q1,16666.65,B2025Q1-04
UWM-AUT-2025Q1-0078,US Wealth Mgmt,Auto Loan,2025Q1,7580.47,B2025Q1-04
UWM-AUT-2025Q1-0079,US Wealth Mgmt,Auto Loan,2025Q1,10422.67,B2025Q1-04
UWM-AUT-2025Q1-0080,US Wealth Mgmt,Auto Loan,2025Q1,9340.71,B2025Q1-04
UWM-AUT-2025Q1-0081,US Wealth Mgmt,Auto Loan,2025Q1,10298.69,B2025Q1-04
UWM-AUT-2025Q1-0082,US Wealth Mgmt,Auto Loan,2025Q1,7570.07,B2025Q1-04
UWM-AUT-2025Q1-0083,US Wealth Mgmt,Auto Loan,2025Q1,7570.68,B2025Q1-04
UWM-AUT-2025Q1-0084,US Wealth Mgmt,Auto Loan,2025Q1,72031.14,B2025Q1-04
UWM-AUT-2025Q1-0085,US Wealth Mgmt,Auto Loan,2025Q1,6053.98,B2025Q1-04
UWM-AUT-2025Q1-0086,US Wealth Mgmt,Auto Loan,2025Q1,10232.59,B2025Q1-04
UWM-AUT-2025Q1-0087,US Wealth Mgmt,Auto Loan,2025Q1,5663.67,B2025Q1-04
UWM-AUT-2025Q1-0088,US Wealth Mgmt,Auto Loan,2025Q1,7110.17,B2025Q1-04
UWM-AUT-2025Q1-0089,US Wealth Mgmt,Auto Loan,2025Q1,9668.61,B2025Q1-04
UWM-AUT-2025Q1-0090,US Wealth Mgmt,Auto Loan,2025Q1,18681.92,B2025Q1-04
UWM-AUT-2025Q1-0091,US Wealth Mgmt,Auto Loan,2025Q1,10771.47,B2025Q1-04
UWM-AUT-2025Q1-0092,US Wealth Mgmt,Auto Loan,2025Q1,6765.23,B2025Q1-04
UWM-AUT-2025Q1-0093,US Wealth Mgmt,Auto Loan,2025Q1,8523.15,B2025Q1-04
UWM-AUT-2025Q1-0094,US Wealth Mgmt,Auto Loan,2025Q1,20648.82,B2025Q1-04
UWM-AUT-2025Q1-0095,US Wealth Mgmt,Auto Loan,2025Q1,20743.2,B2025Q1-04
UWM-AUT-2025Q1-0096,US Wealth Mgmt,Auto Loan,2025Q1,15568.6,B2025Q1-04
UWM-AUT-2025Q1-0097,US Wealth Mgmt,Auto Loan,2025Q1,5039.41,B2025Q1-04
UWM-AUT-2025Q1-0098,US Wealth Mgmt,Auto Loan,2025Q1,14456.19,B2025Q1-04
UWM-AUT-2025Q1-0099,US Wealth Mgmt,Auto Loan,2025Q1,9997.98,B2025Q1-04
UWM-AUT-2025Q1-0100,US Wealth Mgmt,Auto Loan,2025Q1,7656.0,B2025Q1-05
UWM-AUT-2025Q1-0101,US Wealth Mgmt,Auto Loan,2025Q1,8879.15,B2025Q1-05
UWM-AUT-2025Q1-0102,US Wealth Mgmt,Auto Loan,2025Q1,13197.55,B2025Q1-05
UWM-AUT-2025Q1-0103,US Wealth Mgmt,Auto Loan,2025Q1,2739.12,B2025Q1-05
UWM-AUT-2025Q1-0104,US Wealth Mgmt,Auto Loan,2025Q1,6153.48,B2025Q1-05
UWM-AUT-2025Q1-0105,US Wealth Mgmt,Auto Loan,2025Q1,14188.21,B2025Q1-05
UWM-AUT-2025Q1-0106,US Wealth Mgmt,Auto Loan,2025Q1,9246.76,B2025Q1-05
UWM-AUT-2025Q1-0107,US Wealth Mgmt,Auto Loan,2025Q1,7418.97,B2025Q1-05
UWM-AUT-2025Q1-0108,US Wealth Mgmt,Auto Loan,2025Q1,11758.54,B2025Q1-05
UWM-AUT-2025Q1-0109,US Wealth Mgmt,Auto Loan,2025Q1,5645.77,B2025Q1-05
UWM-AUT-2025Q1-0110,US Wealth Mgmt,Auto Loan,2025Q1,14200.76,B2025Q1-05
UWM-AUT-2025Q1-0111,US Wealth Mgmt,Auto Loan,2025Q1,3947.65,B2025Q1-05
UWM-AUT-2025Q1-0112,US Wealth Mgmt,Auto Loan,2025Q1,15388.09,B2025Q1-05
UWM-AUT-2025Q1-0113,US Wealth Mgmt,Auto Loan,2025Q1,16671.22,B2025Q1-05
UWM-AUT-2025Q1-0114,US Wealth Mgmt,Auto Loan,2025Q1,13773.77,B2025Q1-05
UWM-AUT-2025Q1-0115,US Wealth Mgmt,Auto Loan,2025Q1,18829.89,B2025Q1-05
UWM-AUT-2025Q1-0116,US Wealth Mgmt,Auto Loan,2025Q1,4907.93,B2025Q1-05
UWM-AUT-2025Q1-0117,US Wealth Mgmt,Auto Loan,2025Q1,15697.16,B2025Q1-05
UWM-AUT-2025Q1-0118,US Wealth Mgmt,Auto Loan,2025Q1,9012.86,B2025Q1-05
UWM-AUT-2025Q1-0119,US Wealth Mgmt,Auto Loan,2025Q1,12656.35,B2025Q1-05
UWM-AUT-2025Q1-0120,US Wealth Mgmt,Auto Loan,2025Q1,17935.06,B2025Q1-05
UWM-AUT-2025Q1-0121,US Wealth Mgmt,Auto Loan,2025Q1,5097.2,B2025Q1-05
UWM-AUT-2025Q1-0122,US Wealth Mgmt,Auto Loan,2025Q1,9328.08,B2025Q1-05
UWM-AUT-2025Q1-0123,US Wealth Mgmt,Auto Loan,2025Q1,5472.24,B2025Q1-05
UWM-AUT-2025Q1-0124,US Wealth Mgmt,Auto Loan,2025Q1,10786.35,B2025Q1-05
UWM-AUT-2025Q1-0125,US Wealth Mgmt,Auto Loan,2025Q1,4877.1,B2025Q1-06
UWM-AUT-2025Q1-0126,US Wealth Mgmt,Auto Loan,2025Q1,9690.21,B2025Q1-06
UWM-AUT-2025Q1-0127,US Wealth Mgmt,Auto Loan,2025Q1,8303.52,B2025Q1-06
UWM-AUT-2025Q1-0128,US Wealth Mgmt,Auto Loan,2025Q1,11369.71,B2025Q1-06
UWM-AUT-2025Q1-0129,US Wealth Mgmt,Auto Loan,2025Q1,20203.97,B2025Q1-06
UWM-AUT-2025Q1-0130,US Wealth Mgmt,Auto Loan,2025Q1,26895.62,B2025Q1-06
UWM-AUT-2025Q1-0131,US Wealth Mgmt,Auto Loan,2025Q1,10263.63,B2025Q1-06
UWM-AUT-2025Q1-0132,US Wealth Mgmt,Auto Loan,2025Q1,7483.56,B2025Q1-06
UWM-AUT-2025Q1-0133,US Wealth Mgmt,Auto Loan,2025Q1,4656.13,B2025Q1-06
UWM-AUT-2025Q2-0000,US Wealth Mgmt,Auto Loan,2025Q2,4944.02,B2025Q2-01
UWM-AUT-2025Q2-0001,US Wealth Mgmt,Auto Loan,2025Q2,10354.71,B2025Q2-01
UWM-AUT-2025Q2-0002,US Wealth Mgmt,Auto Loan,2025Q2,5681.19,B2025Q2-01
UWM-AUT-2025Q2-0003,US Wealth Mgmt,Auto Loan,2025Q2,19534.92,B2025Q2-01
UWM-AUT-2025Q2-0004,US Wealth Mgmt,Auto Loan,2025Q2,11557.65,B2025Q2-01
UWM-AUT-2025Q2-0005,US Wealth Mgmt,Auto Loan,2025Q2,5660.22,B2025Q2-01
UWM-AUT-2025Q2-0006,US Wealth Mgmt,Auto Loan,2025Q2,3923.99,B2025Q2-01
UWM-AUT-2025Q2-0007,US Wealth Mgmt,Auto Loan,2025Q2,13198.49,B2025Q2-01
UWM-AUT-2025Q2-0008,US Wealth Mgmt,Auto Loan,2025Q2,11278.53,B2025Q2-01
UWM-AUT-2025Q2-0009,US Wealth Mgmt,Auto Loan,2025Q2,5799.79,B2025Q2-01
UWM-AUT-2025Q2-0010,US Wealth Mgmt,Auto Loan,2025Q2,9320.73,B2025Q2-01
UWM-AUT-2025Q2-0011,US Wealth Mgmt,Auto Loan,2025Q2,31814.94,B2025Q2-01
UWM-AUT-2025Q2-0012,US Wealth Mgmt,Auto Loan,2025Q2,21256.05,B2025Q2-01
UWM-AUT-2025Q2-0013,US Wealth Mgmt,Auto Loan,2025Q2,20663.89,B2025Q2-01
UWM-AUT-2025Q2-0014,US Wealth Mgmt,Auto Loan,2025Q2,9323.29,B2025Q2-01
UWM-AUT-2025Q2-0015,US Wealth Mgmt,Auto Loan,2025Q2,11412.77,B2025Q2-01
UWM-AUT-2025Q2-0016,US Wealth Mgmt,Auto Loan,2025Q2,13656.02,B2025Q2-01
UWM-AUT-2025Q2-0017,US Wealth Mgmt,Auto Loan,2025Q2,6833.03,B2025Q2-01
UWM-AUT-2025Q2-0018,US Wealth Mgmt,Auto Loan,2025Q2,12424.04,B2025Q2-01
UWM-AUT-2025Q2-0019,US Wealth Mgmt,Auto Loan,2025Q2,12397.06,B2025Q2-01
UWM-AUT-2025Q2-0020,US Wealth Mgmt,Auto Loan,2025Q2,9793.39,B2025Q2-01
UWM-AUT-2025Q2-0021,US Wealth Mgmt,Auto Loan,2025Q2,6111.88,B2025Q2-01
UWM-AUT-2025Q2-0022,US Wealth Mgmt,Auto Loan,2025Q2,12472.69,B2025Q2-01
UWM-AUT-2025Q2-0023,US Wealth Mgmt,Auto Loan,2025Q2,7978.32,B2025Q2-01
UWM-AUT-2025Q2-0024,US Wealth Mgmt,Auto Loan,2025Q2,24606.68,B2025Q2-01
UWM-AUT-2025Q2-0025,US Wealth Mgmt,Auto Loan,2025Q2,16771.4,B2025Q2-02
UWM-AUT-2025Q2-0026,US Wealth Mgmt,Auto Loan,2025Q2,11860.44,B2025Q2-02
UWM-AUT-2025Q2-0027,US Wealth Mgmt,Auto Loan,2025Q2,22157.22,B2025Q2-02
UWM-AUT-2025Q2-0028,US Wealth Mgmt,Auto Loan,2025Q2,4697.28,B2025Q2-02
UWM-AUT-2025Q2-0029,US Wealth Mgmt,Auto Loan,2025Q2,20452.87,B2025Q2-02
UWM-AUT-2025Q2-0030,US Wealth Mgmt,Auto Loan,2025Q2,27818.81,B2025Q2-02
UWM-AUT-2025Q2-0031,US Wealth Mgmt,Auto Loan,2025Q2,21681.59,B2025Q2-02
UWM-AUT-2025Q2-0032,US Wealth Mgmt,Auto Loan,2025Q2,11828.02,B2025Q2-02
UWM-AUT-2025Q2-0033,US Wealth Mgmt,Auto Loan,2025Q2,7017.68,B2025Q2-02
UWM-AUT-2025Q2-0034,US Wealth Mgmt,Auto Loan,2025Q2,7205.99,B2025Q2-02
UWM-AUT-2025Q2-0035,US Wealth Mgmt,Auto Loan,2025Q2,11444.4,B2025Q2-02
UWM-AUT-2025Q2-0036,US Wealth Mgmt,Auto Loan,2025Q2,8631.9,B2025Q2-02
UWM-AUT-2025Q2-0037,US Wealth Mgmt,Auto Loan,2025Q2,4624.43,B2025Q2-02
UWM-AUT-2025Q2-0038,US Wealth Mgmt,Auto Loan,2025Q2,7107.54,B2025Q2-02
UWM-AUT-2025Q2-0039,US Wealth Mgmt,Auto Loan,2025Q2,14602.39,B2025Q2-02
UWM-AUT-2025Q2-0040,US Wealth Mgmt,Auto Loan,2025Q2,19605.17,B2025Q2-02
UWM-AUT-2025Q2-0041,US Wealth Mgmt,Auto Loan,2025Q2,9791.84,B2025Q2-02
UWM-AUT-2025Q2-0042,US Wealth Mgmt,Auto Loan,2025Q2,14098.99,B2025Q2-02
UWM-AUT-2025Q2-0043,US Wealth Mgmt,Auto Loan,2025Q2,16377.18,B2025Q2-02
UWM-AUT-2025Q2-0044,US Wealth Mgmt,Auto Loan,2025Q2,13770.22,B2025Q2-02
UWM-AUT-2025Q2-0045,US Wealth Mgmt,Auto Loan,2025Q2,21667.51,B2025Q2-02
UWM-AUT-2025Q2-0046,US Wealth Mgmt,Auto Loan,2025Q2,9252.1,B2025Q2-02
UWM-AUT-2025Q2-0047,US Wealth Mgmt,Auto Loan,2025Q2,17900.54,B2025Q2-02
UWM-AUT-2025Q2-0048,US Wealth Mgmt,Auto Loan,2025Q2,11085.03,B2025Q2-02
UWM-AUT-2025Q2-0049,US Wealth Mgmt,Auto Loan,2025Q2,8210.57,B2025Q2-02
UWM-AUT-2025Q2-0050,US Wealth Mgmt,Auto Loan,2025Q2,16110.67,B2025Q2-03
UWM-AUT-2025Q2-0051,US Wealth Mgmt,Auto Loan,2025Q2,18167.47,B2025Q2-03
UWM-AUT-2025Q2-0052,US Wealth Mgmt,Auto Loan,2025Q2,13743.68,B2025Q2-03
UWM-AUT-2025Q2-0053,US Wealth Mgmt,Auto Loan,2025Q2,9337.23,B2025Q2-03
UWM-AUT-2025Q2-0054,US Wealth Mgmt,Auto Loan,2025Q2,14996.57,B2025Q2-03
UWM-AUT-2025Q2-0055,US Wealth Mgmt,Auto Loan,2025Q2,16830.77,B2025Q2-03
UWM-AUT-2025Q2-0056,US Wealth Mgmt,Auto Loan,2025Q2,4166.78,B2025Q2-03
UWM-AUT-2025Q2-0057,US Wealth Mgmt,Auto Loan,2025Q2,12115.45,B2025Q2-03
UWM-AUT-2025Q2-0058,US Wealth Mgmt,Auto Loan,2025Q2,10975.98,B2025Q2-03
UWM-AUT-2025Q2-0059,US Wealth Mgmt,Auto Loan,2025Q2,12761.24,B2025Q2-03
UWM-AUT-2025Q2-0060,US Wealth Mgmt,Auto Loan,2025Q2,9301.34,B2025Q2-03
UWM-AUT-2025Q2-0061,US Wealth Mgmt,Auto Loan,2025Q2,25013.33,B2025Q2-03
UWM-AUT-2025Q2-0062,US Wealth Mgmt,Auto Loan,2025Q2,20709.43,B2025Q2-03
UWM-AUT-2025Q2-0063,US Wealth Mgmt,Auto Loan,2025Q2,17252.17,B2025Q2-03
UWM-AUT-2025Q2-0064,US Wealth Mgmt,Auto Loan,2025Q2,8592.5,B2025Q2-03
UWM-AUT-2025Q2-0065,US Wealth Mgmt,Auto Loan,2025Q2,11324.11,B2025Q2-03
UWM-AUT-2025Q2-0066,US Wealth Mgmt,Auto Loan,2025Q2,6773.42,B2025Q2-03
UWM-AUT-2025Q2-0067,US Wealth Mgmt,Auto Loan,2025Q2,12242.62,B2025Q2-03
UWM-AUT-2025Q2-0068,US Wealth Mgmt,Auto Loan,2025Q2,4998.66,B2025Q2-03
UWM-AUT-2025Q2-0069,US Wealth Mgmt,Auto Loan,2025Q2,19251.7,B2025Q2-03
UWM-AUT-2025Q2-0070,US Wealth Mgmt,Auto Loan,2025Q2,11490.94,B2025Q2-03
UWM-AUT-2025Q2-0071,US Wealth Mgmt,Auto Loan,2025Q2,12074.33,B2025Q2-03
UWM-AUT-2025Q2-0072,US Wealth Mgmt,Auto Loan,2025Q2,26402.87,B2025Q2-03
UWM-AUT-2025Q2-0073,US Wealth Mgmt,Auto Loan,2025Q2,16929.38,B2025Q2-03
UWM-AUT-2025Q2-0074,US Wealth Mgmt,Auto Loan,2025Q2,8534.03,B2025Q2-03
UWM-AUT-2025Q2-0075,US Wealth Mgmt,Auto Loan,2025Q2,5788.6,B2025Q2-04
UWM-AUT-2025Q2-0076,US Wealth Mgmt,Auto Loan,2025Q2,17849.24,B2025Q2-04
UWM-AUT-2025Q2-0077,US Wealth Mgmt,Auto Loan,2025Q2,9672.13,B2025Q2-04
UWM-AUT-2025Q2-0078,US Wealth Mgmt,Auto Loan,2025Q2,8484.45,B2025Q2-04
UWM-AUT-2025Q2-0079,US Wealth Mgmt,Auto Loan,2025Q2,9166.67,B2025Q2-04
UWM-AUT-2025Q2-0080,US Wealth Mgmt,Auto Loan,2025Q2,5480.34,B2025Q2-04
UWM-AUT-2025Q2-0081,US Wealth Mgmt,Auto Loan,2025Q2,13775.66,B2025Q2-04
UWM-AUT-2025Q2-0082,US Wealth Mgmt,Auto Loan,2025Q2,4153.38,B2025Q2-04
UWM-AUT-2025Q2-0083,US Wealth Mgmt,Auto Loan,2025Q2,14671.79,B2025Q2-04
UWM-AUT-2025Q2-0084,US Wealth Mgmt,Auto Loan,2025Q2,6313.93,B2025Q2-04
UWM-AUT-2025Q2-0085,US Wealth Mgmt,Auto Loan,2025Q2,17739.6,B2025Q2-04
UWM-AUT-2025Q2-0086,US Wealth Mgmt,Auto Loan,2025Q2,8155.35,B2025Q2-04
UWM-AUT-2025Q2-0087,US Wealth Mgmt,Auto Loan,2025Q2,8351.14,B2025Q2-04
UWM-AUT-2025Q2-0088,US Wealth Mgmt,Auto Loan,2025Q2,13001.93,B2025Q2-04
UWM-AUT-2025Q2-0089,US Wealth Mgmt,Auto Loan,2025Q2,19014.02,B2025Q2-04
UWM-AUT-2025Q2-0090,US Wealth Mgmt,Auto Loan,2025Q2,17748.49,B2025Q2-04
UWM-AUT-2025Q2-0091,US Wealth Mgmt,Auto Loan,2025Q2,10461.46,B2025Q2-04
UWM-AUT-2025Q2-0092,US Wealth Mgmt,Auto Loan,2025Q2,8593.17,B2025Q2-04
UWM-AUT-2025Q2-0093,US Wealth Mgmt,Auto Loan,2025Q2,4438.32,B2025Q2-04
UWM-AUT-2025Q2-0094,US Wealth Mgmt,Auto Loan,2025Q2,11465.37,B2025Q2-04
UWM-AUT-2025Q2-0095,US Wealth Mgmt,Auto Loan,2025Q2,5573.24,B2025Q2-04
UWM-AUT-2025Q2-0096,US Wealth Mgmt,Auto Loan,2025Q2,22190.11,B2025Q2-04
UWM-AUT-2025Q2-0097,US Wealth Mgmt,Auto Loan,2025Q2,10860.13,B2025Q2-04
UWM-AUT-2025Q2-0098,US Wealth Mgmt,Auto Loan,2025Q2,13054.28,B2025Q2-04
UWM-AUT-2025Q2-0099,US Wealth Mgmt,Auto Loan,2025Q2,5934.02,B2025Q2-04
UWM-AUT-2025Q2-0100,US Wealth Mgmt,Auto Loan,2025Q2,23219.9,B2025Q2-05
UWM-AUT-2025Q2-0101,US Wealth Mgmt,Auto Loan,2025Q2,5381.65,B2025Q2-05
UWM-AUT-2025Q2-0102,US Wealth Mgmt,Auto Loan,2025Q2,9655.81,B2025Q2-05
UWM-AUT-2025Q2-0103,US Wealth Mgmt,Auto Loan,2025Q2,9338.62,B2025Q2-05
UWM-AUT-2025Q2-0104,US Wealth Mgmt,Auto Loan,2025Q2,13567.22,B2025Q2-05
UWM-AUT-2025Q2-0105,US Wealth Mgmt,Auto Loan,2025Q2,9893.26,B2025Q2-05
UWM-AUT-2025Q2-0106,US Wealth Mgmt,Auto Loan,2025Q2,8755.35,B2025Q2-05
UWM-AUT-2025Q2-0107,US Wealth Mgmt,Auto Loan,2025Q2,17252.17,B2025Q2-05
UWM-AUT-2025Q2-0108,US Wealth Mgmt,Auto Loan,2025Q2,12306.14,B2025Q2-05
UWM-AUT-2025Q2-0109,US Wealth Mgmt,Auto Loan,2025Q2,20883.42,B2025Q2-05
UWM-AUT-2025Q2-0110,US Wealth Mgmt,Auto Loan,2025Q2,12608.57,B2025Q2-05
UWM-AUT-2025Q2-0111,US Wealth Mgmt,Auto Loan,2025Q2,10145.12,B2025Q2-05
UWM-AUT-2025Q2-0112,US Wealth Mgmt,Auto Loan,2025Q2,5923.16,B2025Q2-05
UWM-AUT-2025Q2-0113,US Wealth Mgmt,Auto Loan,2025Q2,7885.43,B2025Q2-05
UWM-AUT-2025Q2-0114,US Wealth Mgmt,Auto Loan,2025Q2,8344.22,B2025Q2-05
UWM-AUT-2025Q2-0115,US Wealth Mgmt,Auto Loan,2025Q2,7191.85,B2025Q2-05
UWM-AUT-2025Q2-0116,US Wealth Mgmt,Auto Loan,2025Q2,28514.83,B2025Q2-05
UWM-AUT-2025Q2-0117,US Wealth Mgmt,Auto Loan,2025Q2,13858.27,B2025Q2-05
UWM-AUT-2025Q2-0118,US Wealth Mgmt,Auto Loan,2025Q2,23335.18,B2025Q2-05
UWM-AUT-2025Q2-0119,US Wealth Mgmt,Auto Loan,2025Q2,14845.44,B2025Q2-05
UWM-AUT-2025Q2-0120,US Wealth Mgmt,Auto Loan,2025Q2,9716.54,B2025Q2-05
UWM-AUT-2025Q2-0121,US Wealth Mgmt,Auto Loan,2025Q2,11682.18,B2025Q2-05
UWM-AUT-2025Q2-0122,US Wealth Mgmt,Auto Loan,2025Q2,5241.9,B2025Q2-05
UWM-AUT-2025Q2-0123,US Wealth Mgmt,Auto Loan,2025Q2,30796.97,B2025Q2-05
UWM-AUT-2025Q2-0124,US Wealth Mgmt,Auto Loan,2025Q2,14492.2,B2025Q2-05
UWM-AUT-2025Q2-0125,US Wealth Mgmt,Auto Loan,2025Q2,20847.98,B2025Q2-06
UWM-AUT-2025Q2-0126,US Wealth Mgmt,Auto Loan,2025Q2,9258.7,B2025Q2-06
UWM-AUT-2025Q2-0127,US Wealth Mgmt,Auto Loan,2025Q2,4282.63,B2025Q2-06
UWM-AUT-2025Q2-0128,US Wealth Mgmt,Auto Loan,2025Q2,6323.85,B2025Q2-06
UWM-AUT-2025Q2-0129,US Wealth Mgmt,Auto Loan,2025Q2,11044.18,B2025Q2-06
UWM-AUT-2025Q2-0130,US Wealth Mgmt,Auto Loan,2025Q2,3528.18,B2025Q2-06
UWM-AUT-2025Q2-0131,US Wealth Mgmt,Auto Loan,2025Q2,6912.52,B2025Q2-06
UWM-AUT-2025Q2-0132,US Wealth Mgmt,Auto Loan,2025Q2,14343.67,B2025Q2-06
UWM-AUT-2025Q2-0133,US Wealth Mgmt,Auto Loan,2025Q2,6321.0,B2025Q2-06
UWM-CRE-2025Q1-0000,US Wealth Mgmt,Credit Card,2025Q1,3959.81,B2025Q1-01
UWM-CRE-2025Q1-0001,US Wealth Mgmt,Credit Card,2025Q1,3944.84,B2025Q1-01
UWM-CRE-2025Q1-0002,US Wealth Mgmt,Credit Card,2025Q1,4309.9,B2025Q1-01
UWM-CRE-2025Q1-0003,US Wealth Mgmt,Credit Card,2025Q1,1958.01,B2025Q1-01
UWM-CRE-2025Q1-0004,US Wealth Mgmt,Credit Card,2025Q1,1394.46,B2025Q1-01
UWM-CRE-2025Q1-0005,US Wealth Mgmt,Credit Card,2025Q1,4644.84,B2025Q1-01
UWM-CRE-2025Q1-0006,US Wealth Mgmt,Credit Card,2025Q1,3196.08,B2025Q1-01
UWM-CRE-2025Q1-0007,US Wealth Mgmt,Credit Card,2025Q1,3904.65,B2025Q1-01
UWM-CRE-2025Q1-0008,US Wealth Mgmt,Credit Card,2025Q1,1081.9,B2025Q1-01
UWM-CRE-2025Q1-0009,US Wealth Mgmt,Credit Card,2025Q1,3084.02,B2025Q1-01
UWM-CRE-2025Q1-0010,US Wealth Mgmt,Credit Card,2025Q1,3275.38,B2025Q1-01
UWM-CRE-2025Q1-0011,US Wealth Mgmt,Credit Card,2025Q1,3592.44,B2025Q1-01
UWM-CRE-2025Q1-0012,US Wealth Mgmt,Credit Card,2025Q1,4308.08,B2025Q1-01
UWM-CRE-2025Q1-0013,US Wealth Mgmt,Credit Card,2025Q1,3775.8,B2025Q1-01
UWM-CRE-2025Q1-0014,US Wealth Mgmt,Credit Card,2025Q1,1398.0,B2025Q1-01
UWM-CRE-2025Q1-0015,US Wealth Mgmt,Credit Card,2025Q1,4060.17,B2025Q1-01
UWM-CRE-2025Q1-0016,US Wealth Mgmt,Credit Card,2025Q1,2245.7,B2025Q1-01
UWM-CRE-2025Q1-0017,US Wealth Mgmt,Credit Card,2025Q1,862.3,B2025Q1-01
UWM-CRE-2025Q1-0018,US Wealth Mgmt,Credit Card,2025Q1,1450.2,B2025Q1-01
UWM-CRE-2025Q1-0019,US Wealth Mgmt,Credit Card,2025Q1,6420.65,B2025Q1-01
UWM-CRE-2025Q1-0020,US Wealth Mgmt,Credit Card,2025Q1,1942.88,B2025Q1-01
UWM-CRE-2025Q1-0021,US Wealth Mgmt,Credit Card,2025Q1,6045.78,B2025Q1-01
UWM-CRE-2025Q1-0022,US Wealth Mgmt,Credit Card,2025Q1,1262.39,B2025Q1-01
UWM-CRE-2025Q1-0023,US Wealth Mgmt,Credit Card,2025Q1,1391.55,B2025Q1-01
UWM-CRE-2025Q1-0024,US Wealth Mgmt,Credit Card,2025Q1,2643.33,B2025Q1-01
UWM-CRE-2025Q1-0025,US Wealth Mgmt,Credit Card,2025Q1,1222.71,B2025Q1-02
UWM-CRE-2025Q1-0026,US Wealth Mgmt,Credit Card,2025Q1,1045.09,B2025Q1-02
UWM-CRE-2025Q1-0027,US Wealth Mgmt,Credit Card,2025Q1,2446.41,B2025Q1-02
UWM-CRE-2025Q1-0028,US Wealth Mgmt,Credit Card,2025Q1,798.59,B2025Q1-02
UWM-CRE-2025Q1-0029,US Wealth Mgmt,Credit Card,2025Q1,1220.05,B2025Q1-02
UWM-CRE-2025Q1-0030,US Wealth Mgmt,Credit Card,2025Q1,1338.85,B2025Q1-02
UWM-CRE-2025Q1-0031,US Wealth Mgmt,Credit Card,2025Q1,2292.22,B2025Q1-02
UWM-CRE-2025Q1-0032,US Wealth Mgmt,Credit Card,2025Q1,1665.57,B2025Q1-02
UWM-CRE-2025Q1-0033,US Wealth Mgmt,Credit Card,2025Q1,2600.17,B2025Q1-02
UWM-CRE-2025Q1-0034,US Wealth Mgmt,Credit Card,2025Q1,2546.18,B2025Q1-02
UWM-CRE-2025Q1-0035,US Wealth Mgmt,Credit Card,2025Q1,585.99,B2025Q1-02
UWM-CRE-2025Q1-0036,US Wealth Mgmt,Credit Card,2025Q1,1016.23,B2025Q1-02
UWM-CRE-2025Q1-0037,US Wealth Mgmt,Credit Card,2025Q1,1716.51,B2025Q1-02
UWM-CRE-2025Q1-0038,US Wealth Mgmt,Credit Card,2025Q1,3024.86,B2025Q1-02
UWM-CRE-2025Q1-0039,US Wealth Mgmt,Credit Card,2025Q1,1783.27,B2025Q1-02
UWM-CRE-2025Q1-0040,US Wealth Mgmt,Credit Card,2025Q1,3183.35,B2025Q1-02
UWM-CRE-2025Q1-0041,US Wealth Mgmt,Credit Card,2025Q1,2785.63,B2025Q1-02
UWM-CRE-2025Q1-0042,US Wealth Mgmt,Credit Card,2025Q1,1040.06,B2025Q1-02
UWM-CRE-2025Q1-0043,US Wealth Mgmt,Credit Card,2025Q1,5478.64,B2025Q1-02
UWM-CRE-2025Q1-0044,US Wealth Mgmt,Credit Card,2025Q1,754.86,B2025Q1-02
UWM-CRE-2025Q1-0045,US Wealth Mgmt,Credit Card,2025Q1,1013.95,B2025Q1-02
UWM-CRE-2025Q1-0046,US Wealth Mgmt,Credit Card,2025Q1,2093.18,B2025Q1-02
UWM-CRE-2025Q1-0047,US Wealth Mgmt,Credit Card,2025Q1,2986.09,B2025Q1-02
UWM-CRE-2025Q1-0048,US Wealth Mgmt,Credit Card,2025Q1,922.45,B2025Q1-02
UWM-CRE-2025Q1-0049,US Wealth Mgmt,Credit Card,2025Q1,3000.78,B2025Q1-02
UWM-CRE-2025Q1-0050,US Wealth Mgmt,Credit Card,2025Q1,1725.65,B2025Q1-03
UWM-CRE-2025Q1-0051,US Wealth Mgmt,Credit Card,2025Q1,2233.1,B2025Q1-03
UWM-CRE-2025Q1-0052,US Wealth Mgmt,Credit Card,2025Q1,4376.4,B2025Q1-03
UWM-CRE-2025Q1-0053,US Wealth Mgmt,Credit Card,2025Q1,1488.42,B2025Q1-03
UWM-CRE-2025Q1-0054,US Wealth Mgmt,Credit Card,2025Q1,1284.39,B2025Q1-03
UWM-CRE-2025Q1-0055,US Wealth Mgmt,Credit Card,2025Q1,1538.02,B2025Q1-03
UWM-CRE-2025Q1-0056,US Wealth Mgmt,Credit Card,2025Q1,3619.18,B2025Q1-03
UWM-CRE-2025Q1-0057,US Wealth Mgmt,Credit Card,2025Q1,2849.7,B2025Q1-03
UWM-CRE-2025Q1-0058,US Wealth Mgmt,Credit Card,2025Q1,1912.6,B2025Q1-03
UWM-CRE-2025Q1-0059,US Wealth Mgmt,Credit Card,2025Q1,797.45,B2025Q1-03
UWM-CRE-2025Q1-0060,US Wealth Mgmt,Credit Card,2025Q1,2456.27,B2025Q1-03
UWM-CRE-2025Q1-0061,US Wealth Mgmt,Credit Card,2025Q1,1357.7,B2025Q1-03
UWM-CRE-2025Q1-0062,US Wealth Mgmt,Credit Card,2025Q1,870.07,B2025Q1-03
UWM-CRE-2025Q1-0063,US Wealth Mgmt,Credit Card,2025Q1,3980.75,B2025Q1-03
UWM-CRE-2025Q1-0064,US Wealth Mgmt,Credit Card,2025Q1,1870.3,B2025Q1-03
UWM-CRE-2025Q1-0065,US Wealth Mgmt,Credit Card,2025Q1,1177.37,B2025Q1-03
UWM-CRE-2025Q1-0066,US Wealth Mgmt,Credit Card,2025Q1,1714.9,B2025Q1-03
UWM-CRE-2025Q1-0067,US Wealth Mgmt,Credit Card,2025Q1,3311.95,B2025Q1-03
UWM-CRE-2025Q1-0068,US Wealth Mgmt,Credit Card,2025Q1,1623.72,B2025Q1-03
UWM-CRE-2025Q1-0069,US Wealth Mgmt,Credit Card,2025Q1,4113.85,B2025Q1-03
UWM-CRE-2025Q1-0070,US Wealth Mgmt,Credit Card,2025Q1,5439.37,B2025Q1-03
UWM-CRE-2025Q1-0071,US Wealth Mgmt,Credit Card,2025Q1,1467.63,B2025Q1-03
UWM-CRE-2025Q1-0072,US Wealth Mgmt,Credit Card,2025Q1,3683.2,B2025Q1-03
UWM-CRE-2025Q1-0073,US Wealth Mgmt,Credit Card,2025Q1,3445.1,B2025Q1-03
UWM-CRE-2025Q1-0074,US Wealth Mgmt,Credit Card,2025Q1,4302.48,B2025Q1-03
UWM-CRE-2025Q1-0075,US Wealth Mgmt,Credit Card,2025Q1,2402.05,B2025Q1-04
UWM-CRE-2025Q1-0076,US Wealth Mgmt,Credit Card,2025Q1,3705.82,B2025Q1-04
UWM-CRE-2025Q1-0077,US Wealth Mgmt,Credit Card,2025Q1,1797.5,B2025Q1-04
UWM-CRE-2025Q1-0078,US Wealth Mgmt,Credit Card,2025Q1,7731.95,B2025Q1-04
UWM-CRE-2025Q1-0079,US Wealth Mgmt,Credit Card,2025Q1,4156.15,B2025Q1-04
UWM-CRE-2025Q1-0080,US Wealth Mgmt,Credit Card,2025Q1,2632.65,B2025Q1-04
UWM-CRE-2025Q1-0081,US Wealth Mgmt,Credit Card,2025Q1,2257.98,B2025Q1-04
UWM-CRE-2025Q1-0082,US Wealth Mgmt,Credit Card,2025Q1,1064.69,B2025Q1-04
UWM-CRE-2025Q1-0083,US Wealth Mgmt,Credit Card,2025Q1,3245.88,B2025Q1-04
UWM-CRE-2025Q1-0084,US Wealth Mgmt,Credit Card,2025Q1,1500.4,B2025Q1-04
UWM-CRE-2025Q1-0085,US Wealth Mgmt,Credit Card,2025Q1,722.65,B2025Q1-04
UWM-CRE-2025Q1-0086,US Wealth Mgmt,Credit Card,2025Q1,2135.51,B2025Q1-04
UWM-CRE-2025Q1-0087,US Wealth Mgmt,Credit Card,2025Q1,2056.83,B2025Q1-04
UWM-CRE-2025Q1-0088,US Wealth Mgmt,Credit Card,2025Q1,3385.82,B2025Q1-04
UWM-CRE-2025Q1-0089,US Wealth Mgmt,Credit Card,2025Q1,2665.61,B2025Q1-04
UWM-CRE-2025Q1-0090,US Wealth Mgmt,Credit Card,2025Q1,2064.8,B2025Q1-04
UWM-CRE-2025Q1-0091,US Wealth Mgmt,Credit Card,2025Q1,2801.81,B2025Q1-04
UWM-CRE-2025Q1-0092,US Wealth Mgmt,Credit Card,2025Q1,2161.62,B2025Q1-04
UWM-CRE-2025Q1-0093,US Wealth Mgmt,Credit Card,2025Q1,1611.68,B2025Q1-04
UWM-CRE-2025Q1-0094,US Wealth Mgmt,Credit Card,2025Q1,932.05,B2025Q1-04
UWM-CRE-2025Q1-0095,US Wealth Mgmt,Credit Card,2025Q1,1598.63,B2025Q1-04
UWM-CRE-2025Q1-0096,US Wealth Mgmt,Credit Card,2025Q1,3408.16,B2025Q1-04
UWM-CRE-2025Q1-0097,US Wealth Mgmt,Credit Card,2025Q1,1397.39,B2025Q1-04
UWM-CRE-2025Q1-0098,US Wealth Mgmt,Credit Card,2025Q1,1758.22,B2025Q1-04
UWM-CRE-2025Q1-0099,US Wealth Mgmt,Credit Card,2025Q1,1924.1,B2025Q1-04
UWM-CRE-2025Q1-0100,US Wealth Mgmt,Credit Card,2025Q1,4177.66,B2025Q1-05
UWM-CRE-2025Q1-0101,US Wealth Mgmt,Credit Card,2025Q1,1604.35,B2025Q1-05
UWM-CRE-2025Q1-0102,US Wealth Mgmt,Credit Card,2025Q1,5495.11,B2025Q1-05
UWM-CRE-2025Q1-0103,US Wealth Mgmt,Credit Card,2025Q1,1609.2,B2025Q1-05
UWM-CRE-2025Q1-0104,US Wealth Mgmt,Credit Card,2025Q1,4059.41,B2025Q1-05
UWM-CRE-2025Q1-0105,US Wealth Mgmt,Credit Card,2025Q1,2096.21,B2025Q1-05
UWM-CRE-2025Q1-0106,US Wealth Mgmt,Credit Card,2025Q1,2176.13,B2025Q1-05
UWM-CRE-2025Q1-0107,US Wealth Mgmt,Credit Card,2025Q1,3425.59,B2025Q1-05
UWM-CRE-2025Q1-0108,US Wealth Mgmt,Credit Card,2025Q1,1862.46,B2025Q1-05
UWM-CRE-2025Q1-0109,US Wealth Mgmt,Credit Card,2025Q1,1427.29,B2025Q1-05
UWM-CRE-2025Q1-0110,US Wealth Mgmt,Credit Card,2025Q1,2152.14,B2025Q1-05
UWM-CRE-2025Q1-0111,US Wealth Mgmt,Credit Card,2025Q1,2416.11,B2025Q1-05
UWM-CRE-2025Q1-0112,US Wealth Mgmt,Credit Card,2025Q1,2247.39,B2025Q1-05
UWM-CRE-2025Q1-0113,US Wealth Mgmt,Credit Card,2025Q1,2540.52,B2025Q1-05
UWM-CRE-2025Q1-0114,US Wealth Mgmt,Credit Card,2025Q1,1624.38,B2025Q1-05
UWM-CRE-2025Q1-0115,US Wealth Mgmt,Credit Card,2025Q1,1414.41,B2025Q1-05
UWM-CRE-2025Q1-0116,US Wealth Mgmt,Credit Card,2025Q1,2377.63,B2025Q1-05
UWM-CRE-2025Q1-0117,US Wealth Mgmt,Credit Card,2025Q1,1785.51,B2025Q1-05
UWM-CRE-2025Q1-0118,US Wealth Mgmt,Credit Card,2025Q1,3509.13,B2025Q1-05
UWM-CRE-2025Q2-0000,US Wealth Mgmt,Credit Card,2025Q2,2221.62,B2025Q2-01
UWM-CRE-2025Q2-0001,US Wealth Mgmt,Credit Card,2025Q2,1696.9,B2025Q2-01
UWM-CRE-2025Q2-0002,US Wealth Mgmt,Credit Card,2025Q2,1983.62,B2025Q2-01
UWM-CRE-2025Q2-0003,US Wealth Mgmt,Credit Card,2025Q2,2490.21,B2025Q2-01
UWM-CRE-2025Q2-0004,US Wealth Mgmt,Credit Card,2025Q2,1345.68,B2025Q2-01
UWM-CRE-2025Q2-0005,US Wealth Mgmt,Credit Card,2025Q2,1563.3,B2025Q2-01
UWM-CRE-2025Q2-0006,US Wealth Mgmt,Credit Card,2025Q2,1343.01,B2025Q2-01
UWM-CRE-2025Q2-0007,US Wealth Mgmt,Credit Card,2025Q2,3452.94,B2025Q2-01
UWM-CRE-2025Q2-0008,US Wealth Mgmt,Credit Card,2025Q2,2886.72,B2025Q2-01
UWM-CRE-2025Q2-0009,US Wealth Mgmt,Credit Card,2025Q2,3970.77,B2025Q2-01
UWM-CRE-2025Q2-0010,US Wealth Mgmt,Credit Card,2025Q2,6044.58,B2025Q2-01
UWM-CRE-2025Q2-0011,US Wealth Mgmt,Credit Card,2025Q2,2059.24,B2025Q2-01
UWM-CRE-2025Q2-0012,US Wealth Mgmt,Credit Card,2025Q2,2963.01,B2025Q2-01
UWM-CRE-2025Q2-0013,US Wealth Mgmt,Credit Card,2025Q2,5183.6,B2025Q2-01
UWM-CRE-2025Q2-0014,US Wealth Mgmt,Credit Card,2025Q2,2105.95,B2025Q2-01
UWM-CRE-2025Q2-0015,US Wealth Mgmt,Credit Card,2025Q2,2097.22,B2025Q2-01
UWM-CRE-2025Q2-0016,US Wealth Mgmt,Credit Card,2025Q2,1976.36,B2025Q2-01
UWM-CRE-2025Q2-0017,US Wealth Mgmt,Credit Card,2025Q2,1498.19,B2025Q2-01
UWM-CRE-2025Q2-0018,US Wealth Mgmt,Credit Card,2025Q2,1223.22,B2025Q2-01
UWM-CRE-2025Q2-0019,US Wealth Mgmt,Credit Card,2025Q2,1457.84,B2025Q2-01
UWM-CRE-2025Q2-0020,US Wealth Mgmt,Credit Card,2025Q2,2826.06,B2025Q2-01
UWM-CRE-2025Q2-0021,US Wealth Mgmt,Credit Card,2025Q2,3277.74,B2025Q2-01
UWM-CRE-2025Q2-0022,US Wealth Mgmt,Credit Card,2025Q2,1953.69,B2025Q2-01
UWM-CRE-2025Q2-0023,US Wealth Mgmt,Credit Card,2025Q2,3180.22,B2025Q2-01
UWM-CRE-2025Q2-0024,US Wealth Mgmt,Credit Card,2025Q2,2877.9,B2025Q2-01
UWM-CRE-2025Q2-0025,US Wealth Mgmt,Credit Card,2025Q2,4229.75,B2025Q2-02
UWM-CRE-2025Q2-0026,US Wealth Mgmt,Credit Card,2025Q2,1469.43,B2025Q2-02
UWM-CRE-2025Q2-0027,US Wealth Mgmt,Credit Card,2025Q2,579.82,B2025Q2-02
UWM-CRE-2025Q2-0028,US Wealth Mgmt,Credit Card,2025Q2,9277.62,B2025Q2-02
UWM-CRE-2025Q2-0029,US Wealth Mgmt,Credit Card,2025Q2,1877.09,B2025Q2-02
UWM-CRE-2025Q2-0030,US Wealth Mgmt,Credit Card,2025Q2,1648.08,B2025Q2-02
UWM-CRE-2025Q2-0031,US Wealth Mgmt,Credit Card,2025Q2,3864.4,B2025Q2-02
UWM-CRE-2025Q2-0032,US Wealth Mgmt,Credit Card,2025Q2,1161.56,B2025Q2-02
UWM-CRE-2025Q2-0033,US Wealth Mgmt,Credit Card,2025Q2,3572.53,B2025Q2-02
UWM-CRE-2025Q2-0034,US Wealth Mgmt,Credit Card,2025Q2,3372.26,B2025Q2-02
UWM-CRE-2025Q2-0035,US Wealth Mgmt,Credit Card,2025Q2,1735.37,B2025Q2-02
UWM-CRE-2025Q2-0036,US Wealth Mgmt,Credit Card,2025Q2,1983.2,B2025Q2-02
UWM-CRE-2025Q2-0037,US Wealth Mgmt,Credit Card,2025Q2,2128.12,B2025Q2-02
UWM-CRE-2025Q2-0038,US Wealth Mgmt,Credit Card,2025Q2,1771.91,B2025Q2-02
UWM-CRE-2025Q2-0039,US Wealth Mgmt,Credit Card,2025Q2,932.47,B2025Q2-02
UWM-CRE-2025Q2-0040,US Wealth Mgmt,Credit Card,2025Q2,2896.84,B2025Q2-02
UWM-CRE-2025Q2-0041,US Wealth Mgmt,Credit Card,2025Q2,2481.99,B2025Q2-02
UWM-CRE-2025Q2-0042,US Wealth Mgmt,Credit Card,2025Q2,1975.14,B2025Q2-02
UWM-CRE-2025Q2-0043,US Wealth Mgmt,Credit Card,2025Q2,2332.96,B2025Q2-02
UWM-CRE-2025Q2-0044,US Wealth Mgmt,Credit Card,2025Q2,5123.13,B2025Q2-02
UWM-CRE-2025Q2-0045,US Wealth Mgmt,Credit Card,2025Q2,2244.08,B2025Q2-02
UWM-CRE-2025Q2-0046,US Wealth Mgmt,Credit Card,2025Q2,3955.23,B2025Q2-02
UWM-CRE-2025Q2-0047,US Wealth Mgmt,Credit Card,2025Q2,2242.9,B2025Q2-02
UWM-CRE-2025Q2-0048,US Wealth Mgmt,Credit Card,2025Q2,3332.39,B2025Q2-02
UWM-CRE-2025Q2-0049,US Wealth Mgmt,Credit Card,2025Q2,1953.27,B2025Q2-02
UWM-CRE-2025Q2-0050,US Wealth Mgmt,Credit Card,2025Q2,2026.27,B2025Q2-03
UWM-CRE-2025Q2-0051,US Wealth Mgmt,Credit Card,2025Q2,2110.61,B2025Q2-03
UWM-CRE-2025Q2-0052,US Wealth Mgmt,Credit Card,2025Q2,1587.1,B2025Q2-03
UWM-CRE-2025Q2-0053,US Wealth Mgmt,Credit Card,2025Q2,2832.84,B2025Q2-03
UWM-CRE-2025Q2-0054,US Wealth Mgmt,Credit Card,2025Q2,2429.1,B2025Q2-03
UWM-CRE-2025Q2-0055,US Wealth Mgmt,Credit Card,2025Q2,1850.93,B2025Q2-03
UWM-CRE-2025Q2-0056,US Wealth Mgmt,Credit Card,2025Q2,6519.13,B2025Q2-03
UWM-CRE-2025Q2-0057,US Wealth Mgmt,Credit Card,2025Q2,1091.2,B2025Q2-03
UWM-CRE-2025Q2-0058,US Wealth Mgmt,Credit Card,2025Q2,2522.7,B2025Q2-03
UWM-CRE-2025Q2-0059,US Wealth Mgmt,Credit Card,2025Q2,598.25,B2025Q2-03
UWM-CRE-2025Q2-0060,US Wealth Mgmt,Credit Card,2025Q2,5596.05,B2025Q2-03
UWM-CRE-2025Q2-0061,US Wealth Mgmt,Credit Card,2025Q2,2665.88,B2025Q2-03
UWM-CRE-2025Q2-0062,US Wealth Mgmt,Credit Card,2025Q2,3342.33,B2025Q2-03
UWM-CRE-2025Q2-0063,US Wealth Mgmt,Credit Card,2025Q2,2890.08,B2025Q2-03
UWM-CRE-2025Q2-0064,US Wealth Mgmt,Credit Card,2025Q2,2251.85,B2025Q2-03
UWM-CRE-2025Q2-0065,US Wealth Mgmt,Credit Card,2025Q2,1580.28,B2025Q2-03
UWM-CRE-2025Q2-0066,US Wealth Mgmt,Credit Card,2025Q2,3784.65,B2025Q2-03
UWM-CRE-2025Q2-0067,US Wealth Mgmt,Credit Card,2025Q2,5593.95,B2025Q2-03
UWM-CRE-2025Q2-0068,US Wealth Mgmt,Credit Card,2025Q2,4002.37,B2025Q2-03
UWM-CRE-2025Q2-0069,US Wealth Mgmt,Credit Card,2025Q2,1570.05,B2025Q2-03
UWM-CRE-2025Q2-0070,US Wealth Mgmt,Credit Card,2025Q2,1607.21,B2025Q2-03
UWM-CRE-2025Q2-0071,US Wealth Mgmt,Credit Card,2025Q2,1716.07,B2025Q2-03
UWM-CRE-2025Q2-0072,US Wealth Mgmt,Credit Card,2025Q2,1337.41,B2025Q2-03
UWM-CRE-2025Q2-0073,US Wealth Mgmt,Credit Card,2025Q2,911.52,B2025Q2-03
UWM-CRE-2025Q2-0074,US Wealth Mgmt,Credit Card,2025Q2,1693.93,B2025Q2-03
UWM-CRE-2025Q2-0075,US Wealth Mgmt,Credit Card,2025Q2,1350.81,B2025Q2-04
UWM-CRE-2025Q2-0076,US Wealth Mgmt,Credit Card,2025Q2,3305.42,B2025Q2-04
UWM-CRE-2025Q2-0077,US Wealth Mgmt,Credit Card,2025Q2,1485.91,B2025Q2-04
UWM-CRE-2025Q2-0078,US Wealth Mgmt,Credit Card,2025Q2,3153.56,B2025Q2-04
UWM-CRE-2025Q2-0079,US Wealth Mgmt,Credit Card,2025Q2,682.61,B2025Q2-04
UWM-CRE-2025Q2-0080,US Wealth Mgmt,Credit Card,2025Q2,4866.62,B2025Q2-04
UWM-CRE-2025Q2-0081,US Wealth Mgmt,Credit Card,2025Q2,1385.57,B2025Q2-04
UWM-CRE-2025Q2-0082,US Wealth Mgmt,Credit Card,2025Q2,888.51,B2025Q2-04
UWM-CRE-2025Q2-0083,US Wealth Mgmt,Credit Card,2025Q2,1309.91,B2025Q2-04
UWM-CRE-2025Q2-0084,US Wealth Mgmt,Credit Card,2025Q2,1121.38,B2025Q2-04
UWM-CRE-2025Q2-0085,US Wealth Mgmt,Credit Card,2025Q2,1102.56,B2025Q2-04
UWM-CRE-2025Q2-0086,US Wealth Mgmt,Credit Card,2025Q2,1195.26,B2025Q2-04
UWM-CRE-2025Q2-0087,US Wealth Mgmt,Credit Card,2025Q2,4361.35,B2025Q2-04
UWM-CRE-2025Q2-0088,US Wealth Mgmt,Credit Card,2025Q2,1743.66,B2025Q2-04
UWM-CRE-2025Q2-0089,US Wealth Mgmt,Credit Card,2025Q2,4564.83,B2025Q2-04
UWM-CRE-2025Q2-0090,US Wealth Mgmt,Credit Card,2025Q2,1065.09,B2025Q2-04
UWM-CRE-2025Q2-0091,US Wealth Mgmt,Credit Card,2025Q2,3649.82,B2025Q2-04
UWM-CRE-2025Q2-0092,US Wealth Mgmt,Credit Card,2025Q2,2036.99,B2025Q2-04
UWM-CRE-2025Q2-0093,US Wealth Mgmt,Credit Card,2025Q2,3309.22,B2025Q2-04
UWM-CRE-2025Q2-0094,US Wealth Mgmt,Credit Card,2025Q2,2650.69,B2025Q2-04
UWM-CRE-2025Q2-0095,US Wealth Mgmt,Credit Card,2025Q2,1852.5,B2025Q2-04
UWM-CRE-2025Q2-0096,US Wealth Mgmt,Credit Card,2025Q2,3458.91,B2025Q2-04
UWM-CRE-2025Q2-0097,US Wealth Mgmt,Credit Card,2025Q2,1464.48,B2025Q2-04
UWM-CRE-2025Q2-0098,US Wealth Mgmt,Credit Card,2025Q2,1219.08,B2025Q2-04
UWM-CRE-2025Q2-0099,US Wealth Mgmt,Credit Card,2025Q2,4354.42,B2025Q2-04
UWM-CRE-2025Q2-0100,US Wealth Mgmt,Credit Card,2025Q2,17376.13,B2025Q2-05
UWM-CRE-2025Q2-0101,US Wealth Mgmt,Credit Card,2025Q2,4048.69,B2025Q2-05
UWM-CRE-2025Q2-0102,US Wealth Mgmt,Credit Card,2025Q2,970.62,B2025Q2-05
UWM-CRE-2025Q2-0103,US Wealth Mgmt,Credit Card,2025Q2,1813.68,B2025Q2-05
UWM-CRE-2025Q2-0104,US Wealth Mgmt,Credit Card,2025Q2,1120.04,B2025Q2-05
UWM-CRE-2025Q2-0105,US Wealth Mgmt,Credit Card,2025Q2,2342.33,B2025Q2-05
UWM-CRE-2025Q2-0106,US Wealth Mgmt,Credit Card,2025Q2,827.24,B2025Q2-05
UWM-CRE-2025Q2-0107,US Wealth Mgmt,Credit Card,2025Q2,2416.18,B2025Q2-05
UWM-CRE-2025Q2-0108,US Wealth Mgmt,Credit Card,2025Q2,2428.04,B2025Q2-05
UWM-CRE-2025Q2-0109,US Wealth Mgmt,Credit Card,2025Q2,2274.38,B2025Q2-05
UWM-CRE-2025Q2-0110,US Wealth Mgmt,Credit Card,2025Q2,2813.77,B2025Q2-05
UWM-CRE-2025Q2-0111,US Wealth Mgmt,Credit Card,2025Q2,1043.8,B2025Q2-05
UWM-CRE-2025Q2-0112,US Wealth Mgmt,Credit Card,2025Q2,1184.17,B2025Q2-05
UWM-CRE-2025Q2-0113,US Wealth Mgmt,Credit Card,2025Q2,3178.2,B2025Q2-05
UWM-CRE-2025Q2-0114,US Wealth Mgmt,Credit Card,2025Q2,1140.27,B2025Q2-05
UWM-CRE-2025Q2-0115,US Wealth Mgmt,Credit Card,2025Q2,3447.11,B2025Q2-05
UWM-CRE-2025Q2-0116,US Wealth Mgmt,Credit Card,2025Q2,1611.49,B2025Q2-05
UWM-CRE-2025Q2-0117,US Wealth Mgmt,Credit Card,2025Q2,1380.45,B2025Q2-05
UWM-CRE-2025Q2-0118,US Wealth Mgmt,Credit Card,2025Q2,2516.36,B2025Q2-05
UWM-PER-2025Q1-0000,US Wealth Mgmt,Personal Loan,2025Q1,13039.15,B2025Q1-01
UWM-PER-2025Q1-0001,US Wealth Mgmt,Personal Loan,2025Q1,3586.85,B2025Q1-01
UWM-PER-2025Q1-0002,US Wealth Mgmt,Personal Loan,2025Q1,4566.68,B2025Q1-01
UWM-PER-2025Q1-0003,US Wealth Mgmt,Personal Loan,2025Q1,13904.56,B2025Q1-01
UWM-PER-2025Q1-0004,US Wealth Mgmt,Personal Loan,2025Q1,3104.55,B2025Q1-01
UWM-PER-2025Q1-0005,US Wealth Mgmt,Personal Loan,2025Q1,3317.41,B2025Q1-01
UWM-PER-2025Q1-0006,US Wealth Mgmt,Personal Loan,2025Q1,8242.84,B2025Q1-01
UWM-PER-2025Q1-0007,US Wealth Mgmt,Personal Loan,2025Q1,3031.86,B2025Q1-01
UWM-PER-2025Q1-0008,US Wealth Mgmt,Personal Loan,2025Q1,4861.13,B2025Q1-01
UWM-PER-2025Q1-0009,US Wealth Mgmt,Personal Loan,2025Q1,3289.4,B2025Q1-01
UWM-PER-2025Q1-0010,US Wealth Mgmt,Personal Loan,2025Q1,16304.39,B2025Q1-01
UWM-PER-2025Q1-0011,US Wealth Mgmt,Personal Loan,2025Q1,4731.75,B2025Q1-01
UWM-PER-2025Q1-0012,US Wealth Mgmt,Personal Loan,2025Q1,3537.37,B2025Q1-01
UWM-PER-2025Q1-0013,US Wealth Mgmt,Personal Loan,2025Q1,16139.45,B2025Q1-01
UWM-PER-2025Q1-0014,US Wealth Mgmt,Personal Loan,2025Q1,8529.26,B2025Q1-01
UWM-PER-2025Q1-0015,US Wealth Mgmt,Personal Loan,2025Q1,6978.7,B2025Q1-01
UWM-PER-2025Q1-0016,US Wealth Mgmt,Personal Loan,2025Q1,8565.52,B2025Q1-01
UWM-PER-2025Q1-0017,US Wealth Mgmt,Personal Loan,2025Q1,3947.43,B2025Q1-01
UWM-PER-2025Q1-0018,US Wealth Mgmt,Personal Loan,2025Q1,12535.92,B2025Q1-01
UWM-PER-2025Q1-0019,US Wealth Mgmt,Personal Loan,2025Q1,6936.53,B2025Q1-01
UWM-PER-2025Q1-0020,US Wealth Mgmt,Personal Loan,2025Q1,2632.05,B2025Q1-01
UWM-PER-2025Q1-0021,US Wealth Mgmt,Personal Loan,2025Q1,5587.55,B2025Q1-01
UWM-PER-2025Q1-0022,US Wealth Mgmt,Personal Loan,2025Q1,14665.36,B2025Q1-01
UWM-PER-2025Q1-0023,US Wealth Mgmt,Personal Loan,2025Q1,4278.33,B2025Q1-01
UWM-PER-2025Q1-0024,US Wealth Mgmt,Personal Loan,2025Q1,6145.99,B2025Q1-01
UWM-PER-2025Q1-0025,US Wealth Mgmt,Personal Loan,2025Q1,3111.53,B2025Q1-02
UWM-PER-2025Q1-0026,US Wealth Mgmt,Personal Loan,2025Q1,9435.61,B2025Q1-02
UWM-PER-2025Q1-0027,US Wealth Mgmt,Personal Loan,2025Q1,7770.27,B2025Q1-02
UWM-PER-2025Q1-0028,US Wealth Mgmt,Personal Loan,2025Q1,3365.48,B2025Q1-02
UWM-PER-2025Q1-0029,US Wealth Mgmt,Personal Loan,2025Q1,4965.59,B2025Q1-02
UWM-PER-2025Q1-0030,US Wealth Mgmt,Personal Loan,2025Q1,13776.21,B2025Q1-02
UWM-PER-2025Q1-0031,US Wealth Mgmt,Personal Loan,2025Q1,14871.93,B2025Q1-02
UWM-PER-2025Q1-0032,US Wealth Mgmt,Personal Loan,2025Q1,8665.78,B2025Q1-02
UWM-PER-2025Q1-0033,US Wealth Mgmt,Personal Loan,2025Q1,3968.27,B2025Q1-02
UWM-PER-2025Q1-0034,US Wealth Mgmt,Personal Loan,2025Q1,5244.82,B2025Q1-02
UWM-PER-2025Q1-0035,US Wealth Mgmt,Personal Loan,2025Q1,1525.72,B2025Q1-02
UWM-PER-2025Q1-0036,US Wealth Mgmt,Personal Loan,2025Q1,5163.43,B2025Q1-02
UWM-PER-2025Q1-0037,US Wealth Mgmt,Personal Loan,2025Q1,4927.03,B2025Q1-02
UWM-PER-2025Q1-0038,US Wealth Mgmt,Personal Loan,2025Q1,12286.77,B2025Q1-02
UWM-PER-2025Q1-0039,US Wealth Mgmt,Personal Loan,2025Q1,3893.17,B2025Q1-02
UWM-PER-2025Q1-0040,US Wealth Mgmt,Personal Loan,2025Q1,9236.72,B2025Q1-02
UWM-PER-2025Q1-0041,US Wealth Mgmt,Personal Loan,2025Q1,7167.27,B2025Q1-02
UWM-PER-2025Q1-0042,US Wealth Mgmt,Personal Loan,2025Q1,10387.04,B2025Q1-02
UWM-PER-2025Q1-0043,US Wealth Mgmt,Personal Loan,2025Q1,7151.79,B2025Q1-02
UWM-PER-2025Q1-0044,US Wealth Mgmt,Personal Loan,2025Q1,2981.32,B2025Q1-02
UWM-PER-2025Q1-0045,US Wealth Mgmt,Personal Loan,2025Q1,5344.83,B2025Q1-02
UWM-PER-2025Q1-0046,US Wealth Mgmt,Personal Loan,2025Q1,7457.73,B2025Q1-02
UWM-PER-2025Q1-0047,US Wealth Mgmt,Personal Loan,2025Q1,3529.17,B2025Q1-02
UWM-PER-2025Q1-0048,US Wealth Mgmt,Personal Loan,2025Q1,4081.22,B2025Q1-02
UWM-PER-2025Q1-0049,US Wealth Mgmt,Personal Loan,2025Q1,41226.69,B2025Q1-02
UWM-PER-2025Q1-0050,US Wealth Mgmt,Personal Loan,2025Q1,5844.71,B2025Q1-03
UWM-PER-2025Q1-0051,US Wealth Mgmt,Personal Loan,2025Q1,3084.58,B2025Q1-03
UWM-PER-2025Q1-0052,US Wealth Mgmt,Personal Loan,2025Q1,6924.8,B2025Q1-03
UWM-PER-2025Q1-0053,US Wealth Mgmt,Personal Loan,2025Q1,2250.78,B2025Q1-03
UWM-PER-2025Q1-0054,US Wealth Mgmt,Personal Loan,2025Q1,4690.88,B2025Q1-03
UWM-PER-2025Q1-0055,US Wealth Mgmt,Personal Loan,2025Q1,10875.57,B2025Q1-03
UWM-PER-2025Q1-0056,US Wealth Mgmt,Personal Loan,2025Q1,6845.7,B2025Q1-03
UWM-PER-2025Q1-0057,US Wealth Mgmt,Personal Loan,2025Q1,5238.71,B2025Q1-03
UWM-PER-2025Q1-0058,US Wealth Mgmt,Personal Loan,2025Q1,4554.92,B2025Q1-03
UWM-PER-2025Q1-0059,US Wealth Mgmt,Personal Loan,2025Q1,11374.87,B2025Q1-03
UWM-PER-2025Q1-0060,US Wealth Mgmt,Personal Loan,2025Q1,2866.74,B2025Q1-03
UWM-PER-2025Q1-0061,US Wealth Mgmt,Personal Loan,2025Q1,14878.3,B2025Q1-03
UWM-PER-2025Q1-0062,US Wealth Mgmt,Personal Loan,2025Q1,11702.89,B2025Q1-03
UWM-PER-2025Q1-0063,US Wealth Mgmt,Personal Loan,2025Q1,9090.39,B2025Q1-03
UWM-PER-2025Q1-0064,US Wealth Mgmt,Personal Loan,2025Q1,4870.84,B2025Q1-03
UWM-PER-2025Q1-0065,US Wealth Mgmt,Personal Loan,2025Q1,7234.25,B2025Q1-03
UWM-PER-2025Q1-0066,US Wealth Mgmt,Personal Loan,2025Q1,9018.05,B2025Q1-03
UWM-PER-2025Q1-0067,US Wealth Mgmt,Personal Loan,2025Q1,7396.58,B2025Q1-03
UWM-PER-2025Q1-0068,US Wealth Mgmt,Personal Loan,2025Q1,2907.67,B2025Q1-03
UWM-PER-2025Q1-0069,US Wealth Mgmt,Personal Loan,2025Q1,11000.23,B2025Q1-03
UWM-PER-2025Q1-0070,US Wealth Mgmt,Personal Loan,2025Q1,3107.04,B2025Q1-03
UWM-PER-2025Q1-0071,US Wealth Mgmt,Personal Loan,2025Q1,9015.04,B2025Q1-03
UWM-PER-2025Q1-0072,US Wealth Mgmt,Personal Loan,2025Q1,8465.13,B2025Q1-03
UWM-PER-2025Q1-0073,US Wealth Mgmt,Personal Loan,2025Q1,6992.87,B2025Q1-03
UWM-PER-2025Q1-0074,US Wealth Mgmt,Personal Loan,2025Q1,7333.67,B2025Q1-03
UWM-PER-2025Q1-0075,US Wealth Mgmt,Personal Loan,2025Q1,2454.94,B2025Q1-04
UWM-PER-2025Q1-0076,US Wealth Mgmt,Personal Loan,2025Q1,4066.21,B2025Q1-04
UWM-PER-2025Q1-0077,US Wealth Mgmt,Personal Loan,2025Q1,3292.72,B2025Q1-04
UWM-PER-2025Q1-0078,US Wealth Mgmt,Personal Loan,2025Q1,7773.86,B2025Q1-04
UWM-PER-2025Q1-0079,US Wealth Mgmt,Personal Loan,2025Q1,3214.91,B2025Q1-04
UWM-PER-2025Q1-0080,US Wealth Mgmt,Personal Loan,2025Q1,3285.06,B2025Q1-04
UWM-PER-2025Q1-0081,US Wealth Mgmt,Personal Loan,2025Q1,9606.81,B2025Q1-04
UWM-PER-2025Q1-0082,US Wealth Mgmt,Personal Loan,2025Q1,9765.86,B2025Q1-04
UWM-PER-2025Q2-0000,US Wealth Mgmt,Personal Loan,2025Q2,5525.46,B2025Q2-01
UWM-PER-2025Q2-0001,US Wealth Mgmt,Personal Loan,2025Q2,8210.28,B2025Q2-01
UWM-PER-2025Q2-0002,US Wealth Mgmt,Personal Loan,2025Q2,4188.17,B2025Q2-01
UWM-PER-2025Q2-0003,US Wealth Mgmt,Personal Loan,2025Q2,7991.89,B2025Q2-01
UWM-PER-2025Q2-0004,US Wealth Mgmt,Personal Loan,2025Q2,8778.08,B2025Q2-01
UWM-PER-2025Q2-0005,US Wealth Mgmt,Personal Loan,2025Q2,3501.29,B2025Q2-01
UWM-PER-2025Q2-0006,US Wealth Mgmt,Personal Loan,2025Q2,7556.43,B2025Q2-01
UWM-PER-2025Q2-0007,US Wealth Mgmt,Personal Loan,2025Q2,36024.13,B2025Q2-01
UWM-PER-2025Q2-0008,US Wealth Mgmt,Personal Loan,2025Q2,2379.73,B2025Q2-01
UWM-PER-2025Q2-0009,US Wealth Mgmt,Personal Loan,2025Q2,16640.37,B2025Q2-01
UWM-PER-2025Q2-0010,US Wealth Mgmt,Personal Loan,2025Q2,10931.57,B2025Q2-01
UWM-PER-2025Q2-0011,US Wealth Mgmt,Personal Loan,2025Q2,11102.04,B2025Q2-01
UWM-PER-2025Q2-0012,US Wealth Mgmt,Personal Loan,2025Q2,5718.64,B2025Q2-01
UWM-PER-2025Q2-0013,US Wealth Mgmt,Personal Loan,2025Q2,9868.81,B2025Q2-01
UWM-PER-2025Q2-0014,US Wealth Mgmt,Personal Loan,2025Q2,5490.92,B2025Q2-01
UWM-PER-2025Q2-0015,US Wealth Mgmt,Personal Loan,2025Q2,8427.68,B2025Q2-01
UWM-PER-2025Q2-0016,US Wealth Mgmt,Personal Loan,2025Q2,5059.18,B2025Q2-01
UWM-PER-2025Q2-0017,US Wealth Mgmt,Personal Loan,2025Q2,6462.48,B2025Q2-01
UWM-PER-2025Q2-0018,US Wealth Mgmt,Personal Loan,2025Q2,5194.94,B2025Q2-01
UWM-PER-2025Q2-0019,US Wealth Mgmt,Personal Loan,2025Q2,4605.38,B2025Q2-01
UWM-PER-2025Q2-0020,US Wealth Mgmt,Personal Loan,2025Q2,14405.78,B2025Q2-01
UWM-PER-2025Q2-0021,US Wealth Mgmt,Personal Loan,2025Q2,6440.44,B2025Q2-01
UWM-PER-2025Q2-0022,US Wealth Mgmt,Personal Loan,2025Q2,4401.17,B2025Q2-01
UWM-PER-2025Q2-0023,US Wealth Mgmt,Personal Loan,2025Q2,14174.83,B2025Q2-01
UWM-PER-2025Q2-0024,US Wealth Mgmt,Personal Loan,2025Q2,12567.69,B2025Q2-01
UWM-PER-2025Q2-0025,US Wealth Mgmt,Personal Loan,2025Q2,4384.57,B2025Q2-02
UWM-PER-2025Q2-0026,US Wealth Mgmt,Personal Loan,2025Q2,5636.07,B2025Q2-02
UWM-PER-2025Q2-0027,US Wealth Mgmt,Personal Loan,2025Q2,6777.75,B2025Q2-02
UWM-PER-2025Q2-0028,US Wealth Mgmt,Personal Loan,2025Q2,3959.0,B2025Q2-02
UWM-PER-2025Q2-0029,US Wealth Mgmt,Personal Loan,2025Q2,5439.2,B2025Q2-02
UWM-PER-2025Q2-0030,US Wealth Mgmt,Personal Loan,2025Q2,3786.71,B2025Q2-02
UWM-PER-2025Q2-0031,US Wealth Mgmt,Personal Loan,2025Q2,11647.36,B2025Q2-02
UWM-PER-2025Q2-0032,US Wealth Mgmt,Personal Loan,2025Q2,12109.33,B2025Q2-02
UWM-PER-2025Q2-0033,US Wealth Mgmt,Personal Loan,2025Q2,5607.84,B2025Q2-02
UWM-PER-2025Q2-0034,US Wealth Mgmt,Personal Loan,2025Q2,4517.74,B2025Q2-02
UWM-PER-2025Q2-0035,US Wealth Mgmt,Personal Loan,2025Q2,10389.38,B2025Q2-02
UWM-PER-2025Q2-0036,US Wealth Mgmt,Personal Loan,2025Q2,9348.74,B2025Q2-02
UWM-PER-2025Q2-0037,US Wealth Mgmt,Personal Loan,2025Q2,2629.26,B2025Q2-02
UWM-PER-2025Q2-0038,US Wealth Mgmt,Personal Loan,2025Q2,5239.01,B2025Q2-02
UWM-PER-2025Q2-0039,US Wealth Mgmt,Personal Loan,2025Q2,7989.44,B2025Q2-02
UWM-PER-2025Q2-0040,US Wealth Mgmt,Personal Loan,2025Q2,9515.45,B2025Q2-02
UWM-PER-2025Q2-0041,US Wealth Mgmt,Personal Loan,2025Q2,4612.66,B2025Q2-02
UWM-PER-2025Q2-0042,US Wealth Mgmt,Personal Loan,2025Q2,9415.32,B2025Q2-02
UWM-PER-2025Q2-0043,US Wealth Mgmt,Personal Loan,2025Q2,6092.79,B2025Q2-02
UWM-PER-2025Q2-0044,US Wealth Mgmt,Personal Loan,2025Q2,3566.99,B2025Q2-02
UWM-PER-2025Q2-0045,US Wealth Mgmt,Personal Loan,2025Q2,4718.0,B2025Q2-02
UWM-PER-2025Q2-0046,US Wealth Mgmt,Personal Loan,2025Q2,3072.97,B2025Q2-02
UWM-PER-2025Q2-0047,US Wealth Mgmt,Personal Loan,2025Q2,8998.95,B2025Q2-02
UWM-PER-2025Q2-0048,US Wealth Mgmt,Personal Loan,2025Q2,9649.08,B2025Q2-02
UWM-PER-2025Q2-0049,US Wealth Mgmt,Personal Loan,2025Q2,5508.41,B2025Q2-02
UWM-PER-2025Q2-0050,US Wealth Mgmt,Personal Loan,2025Q2,5260.64,B2025Q2-03
UWM-PER-2025Q2-0051,US Wealth Mgmt,Personal Loan,2025Q2,3766.82,B2025Q2-03
UWM-PER-2025Q2-0052,US Wealth Mgmt,Personal Loan,2025Q2,8656.78,B2025Q2-03
UWM-PER-2025Q2-0053,US Wealth Mgmt,Personal Loan,2025Q2,3347.25,B2025Q2-03
UWM-PER-2025Q2-0054,US Wealth Mgmt,Personal Loan,2025Q2,3094.31,B2025Q2-03
UWM-PER-2025Q2-0055,US Wealth Mgmt,Personal Loan,2025Q2,5975.05,B2025Q2-03
UWM-PER-2025Q2-0056,US Wealth Mgmt,Personal Loan,2025Q2,7766.35,B2025Q2-03
UWM-PER-2025Q2-0057,US Wealth Mgmt,Personal Loan,2025Q2,7200.66,B2025Q2-03
UWM-PER-2025Q2-0058,US Wealth Mgmt,Personal Loan,2025Q2,3089.66,B2025Q2-03
UWM-PER-2025Q2-0059,US Wealth Mgmt,Personal Loan,2025Q2,9676.98,B2025Q2-03
UWM-PER-2025Q2-0060,US Wealth Mgmt,Personal Loan,2025Q2,6051.15,B2025Q2-03
UWM-PER-2025Q2-0061,US Wealth Mgmt,Personal Loan,2025Q2,5596.96,B2025Q2-03
UWM-PER-2025Q2-0062,US Wealth Mgmt,Personal Loan,2025Q2,4796.11,B2025Q2-03
UWM-PER-2025Q2-0063,US Wealth Mgmt,Personal Loan,2025Q2,7603.48,B2025Q2-03
UWM-PER-2025Q2-0064,US Wealth Mgmt,Personal Loan,2025Q2,5728.95,B2025Q2-03
UWM-PER-2025Q2-0065,US Wealth Mgmt,Personal Loan,2025Q2,10680.66,B2025Q2-03
UWM-PER-2025Q2-0066,US Wealth Mgmt,Personal Loan,2025Q2,3243.52,B2025Q2-03
UWM-PER-2025Q2-0067,US Wealth Mgmt,Personal Loan,2025Q2,12626.8,B2025Q2-03
UWM-PER-2025Q2-0068,US Wealth Mgmt,Personal Loan,2025Q2,18089.03,B2025Q2-03
UWM-PER-2025Q2-0069,US Wealth Mgmt,Personal Loan,2025Q2,4781.59,B2025Q2-03
UWM-PER-2025Q2-0070,US Wealth Mgmt,Personal Loan,2025Q2,5739.34,B2025Q2-03
UWM-PER-2025Q2-0071,US Wealth Mgmt,Personal Loan,2025Q2,8900.29,B2025Q2-03
UWM-PER-2025Q2-0072,US Wealth Mgmt,Personal Loan,2025Q2,7310.43,B2025Q2-03
UWM-PER-2025Q2-0073,US Wealth Mgmt,Personal Loan,2025Q2,9914.18,B2025Q2-03
UWM-PER-2025Q2-0074,US Wealth Mgmt,Personal Loan,2025Q2,6917.24,B2025Q2-03
UWM-PER-2025Q2-0075,US Wealth Mgmt,Personal Loan,2025Q2,8121.84,B2025Q2-04
UWM-PER-2025Q2-0076,US Wealth Mgmt,Personal Loan,2025Q2,6405.8,B2025Q2-04
UWM-PER-2025Q2-0077,US Wealth Mgmt,Personal Loan,2025Q2,2029.57,B2025Q2-04
UWM-PER-2025Q2-0078,US Wealth Mgmt,Personal Loan,2025Q2,7046.47,B2025Q2-04
UWM-PER-2025Q2-0079,US Wealth Mgmt,Personal Loan,2025Q2,8296.49,B2025Q2-04
UWM-PER-2025Q2-0080,US Wealth Mgmt,Personal Loan,2025Q2,2014.56,B2025Q2-04
UWM-PER-2025Q2-0081,US Wealth Mgmt,Personal Loan,2025Q2,13150.94,B2025Q2-04
UWM-PER-2025Q2-0082,US Wealth Mgmt,Personal Loan,2025Q2,14267.7,B2025Q2-04
UWM-HEL-2025Q1-0000,US Wealth Mgmt,HELOC,2025Q1,30159.17,B2025Q1-01
UWM-HEL-2025Q1-0001,US Wealth Mgmt,HELOC,2025Q1,29598.52,B2025Q1-01
UWM-HEL-2025Q1-0002,US Wealth Mgmt,HELOC,2025Q1,45478.57,B2025Q1-01
UWM-HEL-2025Q1-0003,US Wealth Mgmt,HELOC,2025Q1,44626.61,B2025Q1-01
UWM-HEL-2025Q1-0004,US Wealth Mgmt,HELOC,2025Q1,38745.45,B2025Q1-01
UWM-HEL-2025Q1-0005,US Wealth Mgmt,HELOC,2025Q1,31807.93,B2025Q1-01
UWM-HEL-2025Q1-0006,US Wealth Mgmt,HELOC,2025Q1,31386.9,B2025Q1-01
UWM-HEL-2025Q1-0007,US Wealth Mgmt,HELOC,2025Q1,69492.7,B2025Q1-01
UWM-HEL-2025Q1-0008,US Wealth Mgmt,HELOC,2025Q1,76156.52,B2025Q1-01
UWM-HEL-2025Q1-0009,US Wealth Mgmt,HELOC,2025Q1,39661.72,B2025Q1-01
UWM-HEL-2025Q1-0010,US Wealth Mgmt,HELOC,2025Q1,22349.72,B2025Q1-01
UWM-HEL-2025Q1-0011,US Wealth Mgmt,HELOC,2025Q1,39616.51,B2025Q1-01
UWM-HEL-2025Q1-0012,US Wealth Mgmt,HELOC,2025Q1,37611.51,B2025Q1-01
UWM-HEL-2025Q1-0013,US Wealth Mgmt,HELOC,2025Q1,26216.32,B2025Q1-01
UWM-HEL-2025Q1-0014,US Wealth Mgmt,HELOC,2025Q1,29022.26,B2025Q1-01
UWM-HEL-2025Q1-0015,US Wealth Mgmt,HELOC,2025Q1,58968.29,B2025Q1-01
UWM-HEL-2025Q1-0016,US Wealth Mgmt,HELOC,2025Q1,42463.54,B2025Q1-01
UWM-HEL-2025Q1-0017,US Wealth Mgmt,HELOC,2025Q1,19729.07,B2025Q1-01
UWM-HEL-2025Q1-0018,US Wealth Mgmt,HELOC,2025Q1,35839.46,B2025Q1-01
UWM-HEL-2025Q1-0019,US Wealth Mgmt,HELOC,2025Q1,37011.58,B2025Q1-01
UWM-HEL-2025Q1-0020,US Wealth Mgmt,HELOC,2025Q1,29716.55,B2025Q1-01
UWM-HEL-2025Q1-0021,US Wealth Mgmt,HELOC,2025Q1,29956.52,B2025Q1-01
UWM-HEL-2025Q1-0022,US Wealth Mgmt,HELOC,2025Q1,31487.92,B2025Q1-01
UWM-HEL-2025Q1-0023,US Wealth Mgmt,HELOC,2025Q1,26090.33,B2025Q1-01
UWM-HEL-2025Q1-0024,US Wealth Mgmt,HELOC,2025Q1,38718.69,B2025Q1-01
UWM-HEL-2025Q1-0025,US Wealth Mgmt,HELOC,2025Q1,34229.84,B2025Q1-02
UWM-HEL-2025Q1-0026,US Wealth Mgmt,HELOC,2025Q1,21393.29,B2025Q1-02
UWM-HEL-2025Q1-0027,US Wealth Mgmt,HELOC,2025Q1,31089.03,B2025Q1-02
UWM-HEL-2025Q1-0028,US Wealth Mgmt,HELOC,2025Q1,16452.36,B2025Q1-02
UWM-HEL-2025Q1-0029,US Wealth Mgmt,HELOC,2025Q1,63541.96,B2025Q1-02
UWM-HEL-2025Q1-0030,US Wealth Mgmt,HELOC,2025Q1,51352.21,B2025Q1-02
UWM-HEL-2025Q1-0031,US Wealth Mgmt,HELOC,2025Q1,24985.72,B2025Q1-02
UWM-HEL-2025Q1-0032,US Wealth Mgmt,HELOC,2025Q1,49573.63,B2025Q1-02
UWM-HEL-2025Q1-0033,US Wealth Mgmt,HELOC,2025Q1,19153.23,B2025Q1-02
UWM-HEL-2025Q1-0034,US Wealth Mgmt,HELOC,2025Q1,57514.08,B2025Q1-02
UWM-HEL-2025Q1-0035,US Wealth Mgmt,HELOC,2025Q1,37489.24,B2025Q1-02
UWM-HEL-2025Q1-0036,US Wealth Mgmt,HELOC,2025Q1,30415.29,B2025Q1-02
UWM-HEL-2025Q1-0037,US Wealth Mgmt,HELOC,2025Q1,73670.29,B2025Q1-02
UWM-HEL-2025Q1-0038,US Wealth Mgmt,HELOC,2025Q1,23924.25,B2025Q1-02
UWM-HEL-2025Q1-0039,US Wealth Mgmt,HELOC,2025Q1,28429.28,B2025Q1-02
UWM-HEL-2025Q1-0040,US Wealth Mgmt,HELOC,2025Q1,13467.92,B2025Q1-02
UWM-HEL-2025Q1-0041,US Wealth Mgmt,HELOC,2025Q1,55534.15,B2025Q1-02
UWM-HEL-2025Q1-0042,US Wealth Mgmt,HELOC,2025Q1,23489.51,B2025Q1-02
UWM-HEL-2025Q1-0043,US Wealth Mgmt,HELOC,2025Q1,15499.27,B2025Q1-02
UWM-HEL-2025Q1-0044,US Wealth Mgmt,HELOC,2025Q1,24809.88,B2025Q1-02
UWM-HEL-2025Q1-0045,US Wealth Mgmt,HELOC,2025Q1,55676.13,B2025Q1-02
UWM-HEL-2025Q1-0046,US Wealth Mgmt,HELOC,2025Q1,21222.26,B2025Q1-02
UWM-HEL-2025Q1-0047,US Wealth Mgmt,HELOC,2025Q1,49207.26,B2025Q1-02
UWM-HEL-2025Q1-0048,US Wealth Mgmt,HELOC,2025Q1,41040.15,B2025Q1-02
UWM-HEL-2025Q1-0049,US Wealth Mgmt,HELOC,2025Q1,12019.36,B2025Q1-02
UWM-HEL-2025Q1-0050,US Wealth Mgmt,HELOC,2025Q1,86790.88,B2025Q1-03
UWM-HEL-2025Q1-0051,US Wealth Mgmt,HELOC,2025Q1,44849.9,B2025Q1-03
UWM-HEL-2025Q1-0052,US Wealth Mgmt,HELOC,2025Q1,23988.59,B2025Q1-03
UWM-HEL-2025Q1-0053,US Wealth Mgmt,HELOC,2025Q1,30405.64,B2025Q1-03
UWM-HEL-2025Q1-0054,US Wealth Mgmt,HELOC,2025Q1,14530.36,B2025Q1-03
UWM-HEL-2025Q1-0055,US Wealth Mgmt,HELOC,2025Q1,24196.24,B2025Q1-03
UWM-HEL-2025Q1-0056,US Wealth Mgmt,HELOC,2025Q1,54308.34,B2025Q1-03
UWM-HEL-2025Q1-0057,US Wealth Mgmt,HELOC,2025Q1,11457.3,B2025Q1-03
UWM-HEL-2025Q1-0058,US Wealth Mgmt,HELOC,2025Q1,59413.41,B2025Q1-03
UWM-HEL-2025Q1-0059,US Wealth Mgmt,HELOC,2025Q1,33875.08,B2025Q1-03
UWM-HEL-2025Q1-0060,US Wealth Mgmt,HELOC,2025Q1,78363.01,B2025Q1-03
UWM-HEL-2025Q1-0061,US Wealth Mgmt,HELOC,2025Q1,45627.93,B2025Q1-03
UWM-HEL-2025Q1-0062,US Wealth Mgmt,HELOC,2025Q1,18252.65,B2025Q1-03
UWM-HEL-2025Q1-0063,US Wealth Mgmt,HELOC,2025Q1,23154.26,B2025Q1-03
UWM-HEL-2025Q1-0064,US Wealth Mgmt,HELOC,2025Q1,28494.19,B2025Q1-03
UWM-HEL-2025Q1-0065,US Wealth Mgmt,HELOC,2025Q1,28539.64,B2025Q1-03
UWM-HEL-2025Q1-0066,US Wealth Mgmt,HELOC,2025Q1,35302.51,B2025Q1-03
UWM-HEL-2025Q1-0067,US Wealth Mgmt,HELOC,2025Q1,25550.58,B2025Q1-03
UWM-HEL-2025Q1-0068,US Wealth Mgmt,HELOC,2025Q1,12199.7,B2025Q1-03
UWM-HEL-2025Q1-0069,US Wealth Mgmt,HELOC,2025Q1,19884.55,B2025Q1-03
UWM-HEL-2025Q1-0070,US Wealth Mgmt,HELOC,2025Q1,59270.17,B2025Q1-03
UWM-HEL-2025Q1-0071,US Wealth Mgmt,HELOC,2025Q1,15564.75,B2025Q1-03
UWM-HEL-2025Q1-0072,US Wealth Mgmt,HELOC,2025Q1,14015.49,B2025Q1-03
UWM-HEL-2025Q1-0073,US Wealth Mgmt,HELOC,2025Q1,58152.37,B2025Q1-03
UWM-HEL-2025Q1-0074,US Wealth Mgmt,HELOC,2025Q1,22827.16,B2025Q1-03
UWM-HEL-2025Q1-0075,US Wealth Mgmt,HELOC,2025Q1,67629.52,B2025Q1-04
UWM-HEL-2025Q1-0076,US Wealth Mgmt,HELOC,2025Q1,8955.04,B2025Q1-04
UWM-HEL-2025Q1-0077,US Wealth Mgmt,HELOC,2025Q1,13116.43,B2025Q1-04
UWM-HEL-2025Q1-0078,US Wealth Mgmt,HELOC,2025Q1,9272.79,B2025Q1-04
UWM-HEL-2025Q1-0079,US Wealth Mgmt,HELOC,2025Q1,39584.24,B2025Q1-04
UWM-HEL-2025Q1-0080,US Wealth Mgmt,HELOC,2025Q1,25134.96,B2025Q1-04
UWM-HEL-2025Q1-0081,US Wealth Mgmt,HELOC,2025Q1,61786.21,B2025Q1-04
UWM-HEL-2025Q1-0082,US Wealth Mgmt,HELOC,2025Q1,19426.05,B2025Q1-04
UWM-HEL-2025Q1-0083,US Wealth Mgmt,HELOC,2025Q1,61203.02,B2025Q1-04
UWM-HEL-2025Q1-0084,US Wealth Mgmt,HELOC,2025Q1,92747.7,B2025Q1-04
UWM-HEL-2025Q1-0085,US Wealth Mgmt,HELOC,2025Q1,9937.3,B2025Q1-04
UWM-HEL-2025Q1-0086,US Wealth Mgmt,HELOC,2025Q1,37472.72,B2025Q1-04
UWM-HEL-2025Q1-0087,US Wealth Mgmt,HELOC,2025Q1,30217.65,B2025Q1-04
UWM-HEL-2025Q1-0088,US Wealth Mgmt,HELOC,2025Q1,35257.39,B2025Q1-04
UWM-HEL-2025Q1-0089,US Wealth Mgmt,HELOC,2025Q1,31061.74,B2025Q1-04
UWM-HEL-2025Q1-0090,US Wealth Mgmt,HELOC,2025Q1,54081.95,B2025Q1-04
UWM-HEL-2025Q1-0091,US Wealth Mgmt,HELOC,2025Q1,28805.19,B2025Q1-04
UWM-HEL-2025Q1-0092,US Wealth Mgmt,HELOC,2025Q1,88966.9,B2025Q1-04
UWM-HEL-2025Q1-0093,US Wealth Mgmt,HELOC,2025Q1,89352.11,B2025Q1-04
UWM-HEL-2025Q1-0094,US Wealth Mgmt,HELOC,2025Q1,62197.08,B2025Q1-04
UWM-HEL-2025Q1-0095,US Wealth Mgmt,HELOC,2025Q1,202229.0,B2025Q1-04
UWM-HEL-2025Q1-0096,US Wealth Mgmt,HELOC,2025Q1,7919.45,B2025Q1-04
UWM-HEL-2025Q1-0097,US Wealth Mgmt,HELOC,2025Q1,49002.92,B2025Q1-04
UWM-HEL-2025Q1-0098,US Wealth Mgmt,HELOC,2025Q1,36896.58,B2025Q1-04
UWM-HEL-2025Q1-0099,US Wealth Mgmt,HELOC,2025Q1,60941.89,B2025Q1-04
UWM-HEL-2025Q1-0100,US Wealth Mgmt,HELOC,2025Q1,40441.29,B2025Q1-05
UWM-HEL-2025Q2-0000,US Wealth Mgmt,HELOC,2025Q2,10144.85,B2025Q2-01
UWM-HEL-2025Q2-0001,US Wealth Mgmt,HELOC,2025Q2,53819.07,B2025Q2-01
UWM-HEL-2025Q2-0002,US Wealth Mgmt,HELOC,2025Q2,30665.34,B2025Q2-01
UWM-HEL-2025Q2-0003,US Wealth Mgmt,HELOC,2025Q2,8885.63,B2025Q2-01
UWM-HEL-2025Q2-0004,US Wealth Mgmt,HELOC,2025Q2,9927.69,B2025Q2-01
UWM-HEL-2025Q2-0005,US Wealth Mgmt,HELOC,2025Q2,33037.81,B2025Q2-01
UWM-HEL-2025Q2-0006,US Wealth Mgmt,HELOC,2025Q2,21775.66,B2025Q2-01
UWM-HEL-2025Q2-0007,US Wealth Mgmt,HELOC,2025Q2,18217.33,B2025Q2-01
UWM-HEL-2025Q2-0008,US Wealth Mgmt,HELOC,2025Q2,22707.4,B2025Q2-01
UWM-HEL-2025Q2-0009,US Wealth Mgmt,HELOC,2025Q2,43222.59,B2025Q2-01
UWM-HEL-2025Q2-0010,US Wealth Mgmt,HELOC,2025Q2,44975.98,B2025Q2-01
UWM-HEL-2025Q2-0011,US Wealth Mgmt,HELOC,2025Q2,77650.36,B2025Q2-01
UWM-HEL-2025Q2-0012,US Wealth Mgmt,HELOC,2025Q2,26855.18,B2025Q2-01
UWM-HEL-2025Q2-0013,US Wealth Mgmt,HELOC,2025Q2,92517.76,B2025Q2-01
UWM-HEL-2025Q2-0014,US Wealth Mgmt,HELOC,2025Q2,84931.01,B2025Q2-01
UWM-HEL-2025Q2-0015,US Wealth Mgmt,HELOC,2025Q2,40698.16,B2025Q2-01
UWM-HEL-2025Q2-0016,US Wealth Mgmt,HELOC,2025Q2,34296.83,B2025Q2-01
UWM-HEL-2025Q2-0017,US Wealth Mgmt,HELOC,2025Q2,17822.56,B2025Q2-01
UWM-HEL-2025Q2-0018,US Wealth Mgmt,HELOC,2025Q2,24867.9,B2025Q2-01
UWM-HEL-2025Q2-0019,US Wealth Mgmt,HELOC,2025Q2,21905.5,B2025Q2-01
UWM-HEL-2025Q2-0020,US Wealth Mgmt,HELOC,2025Q2,30412.24,B2025Q2-01
UWM-HEL-2025Q2-0021,US Wealth Mgmt,HELOC,2025Q2,26215.15,B2025Q2-01
UWM-HEL-2025Q2-0022,US Wealth Mgmt,HELOC,2025Q2,24667.64,B2025Q2-01
UWM-HEL-2025Q2-0023,US Wealth Mgmt,HELOC,2025Q2,38601.4,B2025Q2-01
UWM-HEL-2025Q2-0024,US Wealth Mgmt,HELOC,2025Q2,12252.11,B2025Q2-01
UWM-HEL-2025Q2-0025,US Wealth Mgmt,HELOC,2025Q2,22839.8,B2025Q2-02
UWM-HEL-2025Q2-0026,US Wealth Mgmt,HELOC,2025Q2,48078.86,B2025Q2-02
UWM-HEL-2025Q2-0027,US Wealth Mgmt,HELOC,2025Q2,49339.95,B2025Q2-02
UWM-HEL-2025Q2-0028,US Wealth Mgmt,HELOC,2025Q2,34226.49,B2025Q2-02
UWM-HEL-2025Q2-0029,US Wealth Mgmt,HELOC,2025Q2,33677.21,B2025Q2-02
UWM-HEL-2025Q2-0030,US Wealth Mgmt,HELOC,2025Q2,29497.74,B2025Q2-02
UWM-HEL-2025Q2-0031,US Wealth Mgmt,HELOC,2025Q2,44941.35,B2025Q2-02
UWM-HEL-2025Q2-0032,US Wealth Mgmt,HELOC,2025Q2,49165.72,B2025Q2-02
UWM-HEL-2025Q2-0033,US Wealth Mgmt,HELOC,2025Q2,28544.0,B2025Q2-02
UWM-HEL-2025Q2-0034,US Wealth Mgmt,HELOC,2025Q2,52153.32,B2025Q2-02
UWM-HEL-2025Q2-0035,US Wealth Mgmt,HELOC,2025Q2,33103.99,B2025Q2-02
UWM-HEL-2025Q2-0036,US Wealth Mgmt,HELOC,2025Q2,25537.45,B2025Q2-02
UWM-HEL-2025Q2-0037,US Wealth Mgmt,HELOC,2025Q2,29349.55,B2025Q2-02
UWM-HEL-2025Q2-0038,US Wealth Mgmt,HELOC,2025Q2,30783.08,B2025Q2-02
UWM-HEL-2025Q2-0039,US Wealth Mgmt,HELOC,2025Q2,28254.58,B2025Q2-02
UWM-HEL-2025Q2-0040,US Wealth Mgmt,HELOC,2025Q2,23636.6,B2025Q2-02
UWM-HEL-2025Q2-0041,US Wealth Mgmt,HELOC,2025Q2,17347.69,B2025Q2-02
UWM-HEL-2025Q2-0042,US Wealth Mgmt,HELOC,2025Q2,32493.26,B2025Q2-02
UWM-HEL-2025Q2-0043,US Wealth Mgmt,HELOC,2025Q2,57408.0,B2025Q2-02
UWM-HEL-2025Q2-0044,US Wealth Mgmt,HELOC,2025Q2,42725.23,B2025Q2-02
UWM-HEL-2025Q2-0045,US Wealth Mgmt,HELOC,2025Q2,30579.94,B2025Q2-02
UWM-HEL-2025Q2-0046,US Wealth Mgmt,HELOC,2025Q2,70206.81,B2025Q2-02
UWM-HEL-2025Q2-0047,US Wealth Mgmt,HELOC,2025Q2,25543.98,B2025Q2-02
UWM-HEL-2025Q2-0048,US Wealth Mgmt,HELOC,2025Q2,38966.69,B2025Q2-02
UWM-HEL-2025Q2-0049,US Wealth Mgmt,HELOC,2025Q2,29716.03,B2025Q2-02
UWM-HEL-2025Q2-0050,US Wealth Mgmt,HELOC,2025Q2,23013.11,B2025Q2-03
UWM-HEL-2025Q2-0051,US Wealth Mgmt,HELOC,2025Q2,26229.83,B2025Q2-03
UWM-HEL-2025Q2-0052,US Wealth Mgmt,HELOC,2025Q2,23217.14,B2025Q2-03
UWM-HEL-2025Q2-0053,US Wealth Mgmt,HELOC,2025Q2,12061.94,B2025Q2-03
UWM-HEL-2025Q2-0054,US Wealth Mgmt,HELOC,2025Q2,111435.67,B2025Q2-03
UWM-HEL-2025Q2-0055,US Wealth Mgmt,HELOC,2025Q2,23505.71,B2025Q2-03
UWM-HEL-2025Q2-0056,US Wealth Mgmt,HELOC,2025Q2,28645.85,B2025Q2-03
UWM-HEL-2025Q2-0057,US Wealth Mgmt,HELOC,2025Q2,64774.23,B2025Q2-03
UWM-HEL-2025Q2-0058,US Wealth Mgmt,HELOC,2025Q2,57390.91,B2025Q2-03
UWM-HEL-2025Q2-0059,US Wealth Mgmt,HELOC,2025Q2,35354.33,B2025Q2-03
UWM-HEL-2025Q2-0060,US Wealth Mgmt,HELOC,2025Q2,14048.48,B2025Q2-03
UWM-HEL-2025Q2-0061,US Wealth Mgmt,HELOC,2025Q2,42748.07,B2025Q2-03
UWM-HEL-2025Q2-0062,US Wealth Mgmt,HELOC,2025Q2,23202.67,B2025Q2-03
UWM-HEL-2025Q2-0063,US Wealth Mgmt,HELOC,2025Q2,21275.7,B2025Q2-03
UWM-HEL-2025Q2-0064,US Wealth Mgmt,HELOC,2025Q2,42981.79,B2025Q2-03
UWM-HEL-2025Q2-0065,US Wealth Mgmt,HELOC,2025Q2,39705.16,B2025Q2-03
UWM-HEL-2025Q2-0066,US Wealth Mgmt,HELOC,2025Q2,26044.44,B2025Q2-03
UWM-HEL-2025Q2-0067,US Wealth Mgmt,HELOC,2025Q2,27276.81,B2025Q2-03
UWM-HEL-2025Q2-0068,US Wealth Mgmt,HELOC,2025Q2,34819.79,B2025Q2-03
UWM-HEL-2025Q2-0069,US Wealth Mgmt,HELOC,2025Q2,20802.35,B2025Q2-03
UWM-HEL-2025Q2-0070,US Wealth Mgmt,HELOC,2025Q2,39422.47,B2025Q2-03
UWM-HEL-2025Q2-0071,US Wealth Mgmt,HELOC,2025Q2,31979.37,B2025Q2-03
UWM-HEL-2025Q2-0072,US Wealth Mgmt,HELOC,2025Q2,27718.48,B2025Q2-03
UWM-HEL-2025Q2-0073,US Wealth Mgmt,HELOC,2025Q2,24843.58,B2025Q2-03
UWM-HEL-2025Q2-0074,US Wealth Mgmt,HELOC,2025Q2,68302.15,B2025Q2-03
UWM-HEL-2025Q2-0075,US Wealth Mgmt,HELOC,2025Q2,55573.46,B2025Q2-04
UWM-HEL-2025Q2-0076,US Wealth Mgmt,HELOC,2025Q2,12583.96,B2025Q2-04
UWM-HEL-2025Q2-0077,US Wealth Mgmt,HELOC,2025Q2,32462.05,B2025Q2-04
UWM-HEL-2025Q2-0078,US Wealth Mgmt,HELOC,2025Q2,22989.48,B2025Q2-04
UWM-HEL-2025Q2-0079,US Wealth Mgmt,HELOC,2025Q2,70076.45,B2025Q2-04
UWM-HEL-2025Q2-0080,US Wealth Mgmt,HELOC,2025Q2,37545.49,B2025Q2-04
UWM-HEL-2025Q2-0081,US Wealth Mgmt,HELOC,2025Q2,17555.6,B2025Q2-04
UWM-HEL-2025Q2-0082,US Wealth Mgmt,HELOC,2025Q2,44145.3,B2025Q2-04
UWM-HEL-2025Q2-0083,US Wealth Mgmt,HELOC,2025Q2,55910.92,B2025Q2-04
UWM-HEL-2025Q2-0084,US Wealth Mgmt,HELOC,2025Q2,27845.09,B2025Q2-04
UWM-HEL-2025Q2-0085,US Wealth Mgmt,HELOC,2025Q2,14073.7,B2025Q2-04
UWM-HEL-2025Q2-0086,US Wealth Mgmt,HELOC,2025Q2,30200.09,B2025Q2-04
UWM-HEL-2025Q2-0087,US Wealth Mgmt,HELOC,2025Q2,22892.04,B2025Q2-04
UWM-HEL-2025Q2-0088,US Wealth Mgmt,HELOC,2025Q2,41660.24,B2025Q2-04
UWM-HEL-2025Q2-0089,US Wealth Mgmt,HELOC,2025Q2,88212.83,B2025Q2-04
UWM-HEL-2025Q2-0090,US Wealth Mgmt,HELOC,2025Q2,51571.38,B2025Q2-04
UWM-HEL-2025Q2-0091,US Wealth Mgmt,HELOC,2025Q2,57466.3,B2025Q2-04
UWM-HEL-2025Q2-0092,US Wealth Mgmt,HELOC,2025Q2,59826.07,B2025Q2-04
UWM-HEL-2025Q2-0093,US Wealth Mgmt,HELOC,2025Q2,121838.6,B2025Q2-04
UWM-HEL-2025Q2-0094,US Wealth Mgmt,HELOC,2025Q2,27268.22,B2025Q2-04
UWM-HEL-2025Q2-0095,US Wealth Mgmt,HELOC,2025Q2,79336.84,B2025Q2-04
UWM-HEL-2025Q2-0096,US Wealth Mgmt,HELOC,2025Q2,47578.42,B2025Q2-04
UWM-HEL-2025Q2-0097,US Wealth Mgmt,HELOC,2025Q2,103336.21,B2025Q2-04
UWM-HEL-2025Q2-0098,US Wealth Mgmt,HELOC,2025Q2,37351.71,B2025Q2-04
UWM-HEL-2025Q2-0099,US Wealth Mgmt,HELOC,2025Q2,44711.36,B2025Q2-04
UWM-HEL-2025Q2-0100,US Wealth Mgmt,HELOC,2025Q2,24405.49,B2025Q2-05
UWM-HEL-2025Q2-0101,US Wealth Mgmt,HELOC,2025Q2,71332.46,B2025Q2-05
UWM-SMA-2025Q1-0000,US Wealth Mgmt,Small Business Loan,2025Q1,59124.25,B2025Q1-01
UWM-SMA-2025Q1-0001,US Wealth Mgmt,Small Business Loan,2025Q1,80667.28,B2025Q1-01
UWM-SMA-2025Q1-0002,US Wealth Mgmt,Small Business Loan,2025Q1,34975.23,B2025Q1-01
UWM-SMA-2025Q1-0003,US Wealth Mgmt,Small Business Loan,2025Q1,38791.86,B2025Q1-01
UWM-SMA-2025Q1-0004,US Wealth Mgmt,Small Business Loan,2025Q1,12497.21,B2025Q1-01
UWM-SMA-2025Q1-0005,US Wealth Mgmt,Small Business Loan,2025Q1,91792.04,B2025Q1-01
UWM-SMA-2025Q1-0006,US Wealth Mgmt,Small Business Loan,2025Q1,24303.65,B2025Q1-01
UWM-SMA-2025Q1-0007,US Wealth Mgmt,Small Business Loan,2025Q1,12052.56,B2025Q1-01
UWM-SMA-2025Q1-0008,US Wealth Mgmt,Small Business Loan,2025Q1,47291.76,B2025Q1-01
UWM-SMA-2025Q1-0009,US Wealth Mgmt,Small Business Loan,2025Q1,115714.89,B2025Q1-01
UWM-SMA-2025Q1-0010,US Wealth Mgmt,Small Business Loan,2025Q1,50400.9,B2025Q1-01
UWM-SMA-2025Q1-0011,US Wealth Mgmt,Small Business Loan,2025Q1,25942.43,B2025Q1-01
UWM-SMA-2025Q1-0012,US Wealth Mgmt,Small Business Loan,2025Q1,33229.08,B2025Q1-01
UWM-SMA-2025Q1-0013,US Wealth Mgmt,Small Business Loan,2025Q1,31558.72,B2025Q1-01
UWM-SMA-2025Q1-0014,US Wealth Mgmt,Small Business Loan,2025Q1,73026.17,B2025Q1-01
UWM-SMA-2025Q1-0015,US Wealth Mgmt,Small Business Loan,2025Q1,123274.4,B2025Q1-01
UWM-SMA-2025Q1-0016,US Wealth Mgmt,Small Business Loan,2025Q1,29435.51,B2025Q1-01
UWM-SMA-2025Q1-0017,US Wealth Mgmt,Small Business Loan,2025Q1,38585.74,B2025Q1-01
UWM-SMA-2025Q1-0018,US Wealth Mgmt,Small Business Loan,2025Q1,37798.56,B2025Q1-01
UWM-SMA-2025Q1-0019,US Wealth Mgmt,Small Business Loan,2025Q1,58696.53,B2025Q1-01
UWM-SMA-2025Q1-0020,US Wealth Mgmt,Small Business Loan,2025Q1,58924.95,B2025Q1-01
UWM-SMA-2025Q1-0021,US Wealth Mgmt,Small Business Loan,2025Q1,62883.4,B2025Q1-01
UWM-SMA-2025Q1-0022,US Wealth Mgmt,Small Business Loan,2025Q1,51462.36,B2025Q1-01
UWM-SMA-2025Q1-0023,US Wealth Mgmt,Small Business Loan,2025Q1,59373.44,B2025Q1-01
UWM-SMA-2025Q1-0024,US Wealth Mgmt,Small Business Loan,2025Q1,78221.84,B2025Q1-01
UWM-SMA-2025Q1-0025,US Wealth Mgmt,Small Business Loan,2025Q1,39150.23,B2025Q1-02
UWM-SMA-2025Q1-0026,US Wealth Mgmt,Small Business Loan,2025Q1,35649.82,B2025Q1-02
UWM-SMA-2025Q1-0027,US Wealth Mgmt,Small Business Loan,2025Q1,48615.34,B2025Q1-02
UWM-SMA-2025Q1-0028,US Wealth Mgmt,Small Business Loan,2025Q1,40348.97,B2025Q1-02
UWM-SMA-2025Q1-0029,US Wealth Mgmt,Small Business Loan,2025Q1,89431.81,B2025Q1-02
UWM-SMA-2025Q1-0030,US Wealth Mgmt,Small Business Loan,2025Q1,37204.21,B2025Q1-02
UWM-SMA-2025Q1-0031,US Wealth Mgmt,Small Business Loan,2025Q1,86533.7,B2025Q1-02
UWM-SMA-2025Q1-0032,US Wealth Mgmt,Small Business Loan,2025Q1,49228.96,B2025Q1-02
UWM-SMA-2025Q1-0033,US Wealth Mgmt,Small Business Loan,2025Q1,87357.28,B2025Q1-02
UWM-SMA-2025Q1-0034,US Wealth Mgmt,Small Business Loan,2025Q1,22368.3,B2025Q1-02
UWM-SMA-2025Q1-0035,US Wealth Mgmt,Small Business Loan,2025Q1,94723.16,B2025Q1-02
UWM-SMA-2025Q1-0036,US Wealth Mgmt,Small Business Loan,2025Q1,119606.14,B2025Q1-02
UWM-SMA-2025Q1-0037,US Wealth Mgmt,Small Business Loan,2025Q1,26931.71,B2025Q1-02
UWM-SMA-2025Q1-0038,US Wealth Mgmt,Small Business Loan,2025Q1,55872.96,B2025Q1-02
UWM-SMA-2025Q1-0039,US Wealth Mgmt,Small Business Loan,2025Q1,44969.11,B2025Q1-02
UWM-SMA-2025Q1-0040,US Wealth Mgmt,Small Business Loan,2025Q1,40574.36,B2025Q1-02
UWM-SMA-2025Q1-0041,US Wealth Mgmt,Small Business Loan,2025Q1,66648.54,B2025Q1-02
UWM-SMA-2025Q1-0042,US Wealth Mgmt,Small Business Loan,2025Q1,88674.41,B2025Q1-02
UWM-SMA-2025Q1-0043,US Wealth Mgmt,Small Business Loan,2025Q1,49242.27,B2025Q1-02
UWM-SMA-2025Q1-0044,US Wealth Mgmt,Small Business Loan,2025Q1,26570.54,B2025Q1-02
UWM-SMA-2025Q1-0045,US Wealth Mgmt,Small Business Loan,2025Q1,64672.48,B2025Q1-02
UWM-SMA-2025Q1-0046,US Wealth Mgmt,Small Business Loan,2025Q1,47060.09,B2025Q1-02
UWM-SMA-2025Q1-0047,US Wealth Mgmt,Small Business Loan,2025Q1,89991.39,B2025Q1-02
UWM-SMA-2025Q1-0048,US Wealth Mgmt,Small Business Loan,2025Q1,50291.34,B2025Q1-02
UWM-SMA-2025Q1-0049,US Wealth Mgmt,Small Business Loan,2025Q1,55490.38,B2025Q1-02
UWM-SMA-2025Q1-0050,US Wealth Mgmt,Small Business Loan,2025Q1,39371.08,B2025Q1-03
UWM-SMA-2025Q1-0051,US Wealth Mgmt,Small Business Loan,2025Q1,26425.58,B2025Q1-03
UWM-SMA-2025Q1-0052,US Wealth Mgmt,Small Business Loan,2025Q1,46232.45,B2025Q1-03
UWM-SMA-2025Q1-0053,US Wealth Mgmt,Small Business Loan,2025Q1,32992.71,B2025Q1-03
UWM-SMA-2025Q1-0054,US Wealth Mgmt,Small Business Loan,2025Q1,164177.02,B2025Q1-03
UWM-SMA-2025Q1-0055,US Wealth Mgmt,Small Business Loan,2025Q1,20917.9,B2025Q1-03
UWM-SMA-2025Q2-0000,US Wealth Mgmt,Small Business Loan,2025Q2,40024.99,B2025Q2-01
UWM-SMA-2025Q2-0001,US Wealth Mgmt,Small Business Loan,2025Q2,33615.82,B2025Q2-01
UWM-SMA-2025Q2-0002,US Wealth Mgmt,Small Business Loan,2025Q2,31611.65,B2025Q2-01
UWM-SMA-2025Q2-0003,US Wealth Mgmt,Small Business Loan,2025Q2,35200.3,B2025Q2-01
UWM-SMA-2025Q2-0004,US Wealth Mgmt,Small Business Loan,2025Q2,21705.43,B2025Q2-01
UWM-SMA-2025Q2-0005,US Wealth Mgmt,Small Business Loan,2025Q2,115662.12,B2025Q2-01
UWM-SMA-2025Q2-0006,US Wealth Mgmt,Small Business Loan,2025Q2,77777.39,B2025Q2-01
UWM-SMA-2025Q2-0007,US Wealth Mgmt,Small Business Loan,2025Q2,38905.57,B2025Q2-01
UWM-SMA-2025Q2-0008,US Wealth Mgmt,Small Business Loan,2025Q2,79867.99,B2025Q2-01
UWM-SMA-2025Q2-0009,US Wealth Mgmt,Small Business Loan,2025Q2,61436.71,B2025Q2-01
UWM-SMA-2025Q2-0010,US Wealth Mgmt,Small Business Loan,2025Q2,54792.29,B2025Q2-01
UWM-SMA-2025Q2-0011,US Wealth Mgmt,Small Business Loan,2025Q2,53417.4,B2025Q2-01
UWM-SMA-2025Q2-0012,US Wealth Mgmt,Small Business Loan,2025Q2,96228.46,B2025Q2-01
UWM-SMA-2025Q2-0013,US Wealth Mgmt,Small Business Loan,2025Q2,61739.99,B2025Q2-01
UWM-SMA-2025Q2-0014,US Wealth Mgmt,Small Business Loan,2025Q2,40378.15,B2025Q2-01
UWM-SMA-2025Q2-0015,US Wealth Mgmt,Small Business Loan,2025Q2,54675.58,B2025Q2-01
UWM-SMA-2025Q2-0016,US Wealth Mgmt,Small Business Loan,2025Q2,18138.39,B2025Q2-01
UWM-SMA-2025Q2-0017,US Wealth Mgmt,Small Business Loan,2025Q2,106982.46,B2025Q2-01
UWM-SMA-2025Q2-0018,US Wealth Mgmt,Small Business Loan,2025Q2,154937.34,B2025Q2-01
UWM-SMA-2025Q2-0019,US Wealth Mgmt,Small Business Loan,2025Q2,127782.78,B2025Q2-01
UWM-SMA-2025Q2-0020,US Wealth Mgmt,Small Business Loan,2025Q2,54805.02,B2025Q2-01
UWM-SMA-2025Q2-0021,US Wealth Mgmt,Small Business Loan,2025Q2,33983.45,B2025Q2-01
UWM-SMA-2025Q2-0022,US Wealth Mgmt,Small Business Loan,2025Q2,77983.89,B2025Q2-01
UWM-SMA-2025Q2-0023,US Wealth Mgmt,Small Business Loan,2025Q2,42627.92,B2025Q2-01
UWM-SMA-2025Q2-0024,US Wealth Mgmt,Small Business Loan,2025Q2,62334.19,B2025Q2-01
UWM-SMA-2025Q2-0025,US Wealth Mgmt,Small Business Loan,2025Q2,45605.47,B2025Q2-02
UWM-SMA-2025Q2-0026,US Wealth Mgmt,Small Business Loan,2025Q2,17208.37,B2025Q2-02
UWM-SMA-2025Q2-0027,US Wealth Mgmt,Small Business Loan,2025Q2,88390.79,B2025Q2-02
UWM-SMA-2025Q2-0028,US Wealth Mgmt,Small Business Loan,2025Q2,59500.85,B2025Q2-02
UWM-SMA-2025Q2-0029,US Wealth Mgmt,Small Business Loan,2025Q2,48130.28,B2025Q2-02
UWM-SMA-2025Q2-0030,US Wealth Mgmt,Small Business Loan,2025Q2,30864.76,B2025Q2-02
UWM-SMA-2025Q2-0031,US Wealth Mgmt,Small Business Loan,2025Q2,45172.97,B2025Q2-02
UWM-SMA-2025Q2-0032,US Wealth Mgmt,Small Business Loan,2025Q2,31632.11,B2025Q2-02
UWM-SMA-2025Q2-0033,US Wealth Mgmt,Small Business Loan,2025Q2,24167.86,B2025Q2-02
UWM-SMA-2025Q2-0034,US Wealth Mgmt,Small Business Loan,2025Q2,22605.67,B2025Q2-02
UWM-SMA-2025Q2-0035,US Wealth Mgmt,Small Business Loan,2025Q2,107169.65,B2025Q2-02
UWM-SMA-2025Q2-0036,US Wealth Mgmt,Small Business Loan,2025Q2,62394.92,B2025Q2-02
UWM-SMA-2025Q2-0037,US Wealth Mgmt,Small Business Loan,2025Q2,27346.66,B2025Q2-02
UWM-SMA-2025Q2-0038,US Wealth Mgmt,Small Business Loan,2025Q2,74275.27,B2025Q2-02
UWM-SMA-2025Q2-0039,US Wealth Mgmt,Small Business Loan,2025Q2,86194.83,B2025Q2-02
UWM-SMA-2025Q2-0040,US Wealth Mgmt,Small Business Loan,2025Q2,41436.97,B2025Q2-02
UWM-SMA-2025Q2-0041,US Wealth Mgmt,Small Business Loan,2025Q2,30063.01,B2025Q2-02
UWM-SMA-2025Q2-0042,US Wealth Mgmt,Small Business Loan,2025Q2,40943.29,B2025Q2-02
UWM-SMA-2025Q2-0043,US Wealth Mgmt,Small Business Loan,2025Q2,62584.0,B2025Q2-02
UWM-SMA-2025Q2-0044,US Wealth Mgmt,Small Business Loan,2025Q2,58122.23,B2025Q2-02
UWM-SMA-2025Q2-0045,US Wealth Mgmt,Small Business Loan,2025Q2,20103.06,B2025Q2-02
UWM-SMA-2025Q2-0046,US Wealth Mgmt,Small Business Loan,2025Q2,31949.46,B2025Q2-02
UWM-SMA-2025Q2-0047,US Wealth Mgmt,Small Business Loan,2025Q2,41355.56,B2025Q2-02
UWM-SMA-2025Q2-0048,US Wealth Mgmt,Small Business Loan,2025Q2,70997.01,B2025Q2-02
UWM-SMA-2025Q2-0049,US Wealth Mgmt,Small Business Loan,2025Q2,25518.7,B2025Q2-02
UWM-SMA-2025Q2-0050,US Wealth Mgmt,Small Business Loan,2025Q2,188140.99,B2025Q2-03
UWM-SMA-2025Q2-0051,US Wealth Mgmt,Small Business Loan,2025Q2,59451.17,B2025Q2-03
UWM-SMA-2025Q2-0052,US Wealth Mgmt,Small Business Loan,2025Q2,65746.19,B2025Q2-03
UWM-SMA-2025Q2-0053,US Wealth Mgmt,Small Business Loan,2025Q2,28809.36,B2025Q2-03
UWM-SMA-2025Q2-0054,US Wealth Mgmt,Small Business Loan,2025Q2,13156.06,B2025Q2-03
UWM-SMA-2025Q2-0055,US Wealth Mgmt,Small Business Loan,2025Q2,107038.2,B2025Q2-03
UCS-MOR-2025Q1-0000,US Card Services,Mortgage,2025Q1,371425.27,B2025Q1-01
UCS-MOR-2025Q1-0001,US Card Services,Mortgage,2025Q1,226182.62,B2025Q1-01
UCS-MOR-2025Q1-0002,US Card Services,Mortgage,2025Q1,313502.96,B2025Q1-01
UCS-MOR-2025Q1-0003,US Card Services,Mortgage,2025Q1,945544.18,B2025Q1-01
UCS-MOR-2025Q1-0004,US Card Services,Mortgage,2025Q1,136700.95,B2025Q1-01
UCS-MOR-2025Q1-0005,US Card Services,Mortgage,2025Q1,205302.87,B2025Q1-01
UCS-MOR-2025Q1-0006,US Card Services,Mortgage,2025Q1,690965.06,B2025Q1-01
UCS-MOR-2025Q1-0007,US Card Services,Mortgage,2025Q1,364178.75,B2025Q1-01
UCS-MOR-2025Q1-0008,US Card Services,Mortgage,2025Q1,248204.36,B2025Q1-01
UCS-MOR-2025Q1-0009,US Card Services,Mortgage,2025Q1,231955.91,B2025Q1-01
UCS-MOR-2025Q1-0010,US Card Services,Mortgage,2025Q1,58045.09,B2025Q1-01
UCS-MOR-2025Q1-0011,US Card Services,Mortgage,2025Q1,157527.72,B2025Q1-01
UCS-MOR-2025Q1-0012,US Card Services,Mortgage,2025Q1,176835.2,B2025Q1-01
UCS-MOR-2025Q1-0013,US Card Services,Mortgage,2025Q1,75940.52,B2025Q1-01
UCS-MOR-2025Q1-0014,US Card Services,Mortgage,2025Q1,251411.18,B2025Q1-01
UCS-MOR-2025Q1-0015,US Card Services,Mortgage,2025Q1,479409.58,B2025Q1-01
UCS-MOR-2025Q1-0016,US Card Services,Mortgage,2025Q1,191884.54,B2025Q1-01
UCS-MOR-2025Q1-0017,US Card Services,Mortgage,2025Q1,77217.89,B2025Q1-01
UCS-MOR-2025Q1-0018,US Card Services,Mortgage,2025Q1,858109.09,B2025Q1-01
UCS-MOR-2025Q1-0019,US Card Services,Mortgage,2025Q1,79491.34,B2025Q1-01
UCS-MOR-2025Q1-0020,US Card Services,Mortgage,2025Q1,294656.53,B2025Q1-01
UCS-MOR-2025Q1-0021,US Card Services,Mortgage,2025Q1,320832.44,B2025Q1-01
UCS-MOR-2025Q1-0022,US Card Services,Mortgage,2025Q1,161071.98,B2025Q1-01
UCS-MOR-2025Q1-0023,US Card Services,Mortgage,2025Q1,188334.54,B2025Q1-01
UCS-MOR-2025Q1-0024,US Card Services,Mortgage,2025Q1,143413.62,B2025Q1-01
UCS-MOR-2025Q1-0025,US Card Services,Mortgage,2025Q1,70283.63,B2025Q1-02
UCS-MOR-2025Q1-0026,US Card Services,Mortgage,2025Q1,277854.0,B2025Q1-02
UCS-MOR-2025Q1-0027,US Card Services,Mortgage,2025Q1,273464.62,B2025Q1-02
UCS-MOR-2025Q1-0028,US Card Services,Mortgage,2025Q1,176512.61,B2025Q1-02
UCS-MOR-2025Q1-0029,US Card Services,Mortgage,2025Q1,255596.42,B2025Q1-02
UCS-MOR-2025Q1-0030,US Card Services,Mortgage,2025Q1,181047.99,B2025Q1-02
UCS-MOR-2025Q1-0031,US Card Services,Mortgage,2025Q1,294624.83,B2025Q1-02
UCS-MOR-2025Q1-0032,US Card Services,Mortgage,2025Q1,129554.54,B2025Q1-02
UCS-MOR-2025Q1-0033,US Card Services,Mortgage,2025Q1,75690.03,B2025Q1-02
UCS-MOR-2025Q1-0034,US Card Services,Mortgage,2025Q1,179934.62,B2025Q1-02
UCS-MOR-2025Q1-0035,US Card Services,Mortgage,2025Q1,251373.96,B2025Q1-02
UCS-MOR-2025Q1-0036,US Card Services,Mortgage,2025Q1,230495.52,B2025Q1-02
UCS-MOR-2025Q1-0037,US Card Services,Mortgage,2025Q1,108790.9,B2025Q1-02
UCS-MOR-2025Q1-0038,US Card Services,Mortgage,2025Q1,180633.65,B2025Q1-02
UCS-MOR-2025Q1-0039,US Card Services,Mortgage,2025Q1,232886.74,B2025Q1-02
UCS-MOR-2025Q1-0040,US Card Services,Mortgage,2025Q1,844204.52,B2025Q1-02
UCS-MOR-2025Q1-0041,US Card Services,Mortgage,2025Q1,204560.75,B2025Q1-02
UCS-MOR-2025Q1-0042,US Card Services,Mortgage,2025Q1,702234.43,B2025Q1-02
UCS-MOR-2025Q1-0043,US Card Services,Mortgage,2025Q1,96842.31,B2025Q1-02
UCS-MOR-2025Q1-0044,US Card Services,Mortgage,2025Q1,69958.14,B2025Q1-02
UCS-MOR-2025Q1-0045,US Card Services,Mortgage,2025Q1,217362.86,B2025Q1-02
UCS-MOR-2025Q1-0046,US Card Services,Mortgage,2025Q1,199280.43,B2025Q1-02
UCS-MOR-2025Q1-0047,US Card Services,Mortgage,2025Q1,333843.18,B2025Q1-02
UCS-MOR-2025Q1-0048,US Card Services,Mortgage,2025Q1,175005.95,B2025Q1-02
UCS-MOR-2025Q1-0049,US Card Services,Mortgage,2025Q1,208050.99,B2025Q1-02
UCS-MOR-2025Q1-0050,US Card Services,Mortgage,2025Q1,152315.41,B2025Q1-03
UCS-MOR-2025Q1-0051,US Card Services,Mortgage,2025Q1,510376.76,B2025Q1-03
UCS-MOR-2025Q1-0052,US Card Services,Mortgage,2025Q1,419503.53,B2025Q1-03
UCS-MOR-2025Q1-0053,US Card Services,Mortgage,2025Q1,209972.06,B2025Q1-03
UCS-MOR-2025Q1-0054,US Card Services,Mortgage,2025Q1,178790.05,B2025Q1-03
UCS-MOR-2025Q1-0055,US Card Services,Mortgage,2025Q1,152563.59,B2025Q1-03
UCS-MOR-2025Q1-0056,US Card Services,Mortgage,2025Q1,1024900.92,B2025Q1-03
UCS-MOR-2025Q1-0057,US Card Services,Mortgage,2025Q1,512773.06,B2025Q1-03
UCS-MOR-2025Q1-0058,US Card Services,Mortgage,2025Q1,192376.64,B2025Q1-03
UCS-MOR-2025Q1-0059,US Card Services,Mortgage,2025Q1,257790.96,B2025Q1-03
UCS-MOR-2025Q1-0060,US Card Services,Mortgage,2025Q1,319710.47,B2025Q1-03
UCS-MOR-2025Q1-0061,US Card Services,Mortgage,2025Q1,162529.38,B2025Q1-03
UCS-MOR-2025Q1-0062,US Card Services,Mortgage,2025Q1,318995.31,B2025Q1-03
UCS-MOR-2025Q1-0063,US Card Services,Mortgage,2025Q1,274350.85,B2025Q1-03
UCS-MOR-2025Q1-0064,US Card Services,Mortgage,2025Q1,170073.39,B2025Q1-03
UCS-MOR-2025Q1-0065,US Card Services,Mortgage,2025Q1,328950.64,B2025Q1-03
UCS-MOR-2025Q1-0066,US Card Services,Mortgage,2025Q1,395699.79,B2025Q1-03
UCS-MOR-2025Q1-0067,US Card Services,Mortgage,2025Q1,115092.62,B2025Q1-03
UCS-MOR-2025Q1-0068,US Card Services,Mortgage,2025Q1,314041.37,B2025Q1-03
UCS-MOR-2025Q1-0069,US Card Services,Mortgage,2025Q1,140272.41,B2025Q1-03
UCS-MOR-2025Q1-0070,US Card Services,Mortgage,2025Q1,172555.67,B2025Q1-03
UCS-MOR-2025Q1-0071,US Card Services,Mortgage,2025Q1,659064.98,B2025Q1-03
UCS-MOR-2025Q1-0072,US Card Services,Mortgage,2025Q1,127080.59,B2025Q1-03
UCS-MOR-2025Q1-0073,US Card Services,Mortgage,2025Q1,273762.85,B2025Q1-03
UCS-MOR-2025Q1-0074,US Card Services,Mortgage,2025Q1,678468.49,B2025Q1-03
UCS-MOR-2025Q1-0075,US Card Services,Mortgage,2025Q1,195325.31,B2025Q1-04
UCS-MOR-2025Q1-0076,US Card Services,Mortgage,2025Q1,109412.95,B2025Q1-04
UCS-MOR-2025Q1-0077,US Card Services,Mortgage,2025Q1,280481.88,B2025Q1-04
UCS-MOR-2025Q1-0078,US Card Services,Mortgage,2025Q1,173702.12,B2025Q1-04
UCS-MOR-2025Q1-0079,US Card Services,Mortgage,2025Q1,172843.75,B2025Q1-04
UCS-MOR-2025Q1-0080,US Card Services,Mortgage,2025Q1,193832.59,B2025Q1-04
UCS-MOR-2025Q1-0081,US Card Services,Mortgage,2025Q1,481183.15,B2025Q1-04
UCS-MOR-2025Q1-0082,US Card Services,Mortgage,2025Q1,156655.88,B2025Q1-04
UCS-MOR-2025Q1-0083,US Card Services,Mortgage,2025Q1,404156.36,B2025Q1-04
UCS-MOR-2025Q1-0084,US Card Services,Mortgage,2025Q1,279446.18,B2025Q1-04
UCS-MOR-2025Q1-0085,US Card Services,Mortgage,2025Q1,441013.2,B2025Q1-04
UCS-MOR-2025Q1-0086,US Card Services,Mortgage,2025Q1,422478.04,B2025Q1-04
UCS-MOR-2025Q1-0087,US Card Services,Mortgage,2025Q1,392005.1,B2025Q1-04
UCS-MOR-2025Q1-0088,US Card Services,Mortgage,2025Q1,564336.41,B2025Q1-04
UCS-MOR-2025Q1-0089,US Card Services,Mortgage,2025Q1,118532.06,B2025Q1-04
UCS-MOR-2025Q1-0090,US Card Services,Mortgage,2025Q1,132044.98,B2025Q1-04
UCS-MOR-2025Q1-0091,US Card Services,Mortgage,2025Q1,110221.23,B2025Q1-04
UCS-MOR-2025Q1-0092,US Card Services,Mortgage,2025Q1,151498.29,B2025Q1-04
UCS-MOR-2025Q1-0093,US Card Services,Mortgage,2025Q1,180542.27,B2025Q1-04
UCS-MOR-2025Q1-0094,US Card Services,Mortgage,2025Q1,208853.72,B2025Q1-04
UCS-MOR-2025Q1-0095,US Card Services,Mortgage,2025Q1,349050.86,B2025Q1-04
UCS-MOR-2025Q1-0096,US Card Services,Mortgage,2025Q1,233060.37,B2025Q1-04
UCS-MOR-2025Q1-0097,US Card Services,Mortgage,2025Q1,459877.35,B2025Q1-04
UCS-MOR-2025Q1-0098,US Card Services,Mortgage,2025Q1,75344.11,B2025Q1-04
UCS-MOR-2025Q1-0099,US Card Services,Mortgage,2025Q1,81042.23,B2025Q1-04
UCS-MOR-2025Q1-0100,US Card Services,Mortgage,2025Q1,161386.28,B2025Q1-05
UCS-MOR-2025Q1-0101,US Card Services,Mortgage,2025Q1,168093.93,B2025Q1-05
UCS-MOR-2025Q1-0102,US Card Services,Mortgage,2025Q1,103019.8,B2025Q1-05
UCS-MOR-2025Q2-0000,US Card Services,Mortgage,2025Q2,209329.94,B2025Q2-01
UCS-MOR-2025Q2-0001,US Card Services,Mortgage,2025Q2,156780.31,B2025Q2-01
UCS-MOR-2025Q2-0002,US Card Services,Mortgage,2025Q2,291798.71,B2025Q2-01
UCS-MOR-2025Q2-0003,US Card Services,Mortgage,2025Q2,502889.12,B2025Q2-01
UCS-MOR-2025Q2-0004,US Card Services,Mortgage,2025Q2,227579.96,B2025Q2-01
UCS-MOR-2025Q2-0005,US Card Services,Mortgage,2025Q2,250216.25,B2025Q2-01
UCS-MOR-2025Q2-0006,US Card Services,Mortgage,2025Q2,541663.25,B2025Q2-01
UCS-MOR-2025Q2-0007,US Card Services,Mortgage,2025Q2,110933.02,B2025Q2-01
UCS-MOR-2025Q2-0008,US Card Services,Mortgage,2025Q2,287367.27,B2025Q2-01
UCS-MOR-2025Q2-0009,US Card Services,Mortgage,2025Q2,116131.39,B2025Q2-01
UCS-MOR-2025Q2-0010,US Card Services,Mortgage,2025Q2,180902.44,B2025Q2-01
UCS-MOR-2025Q2-0011,US Card Services,Mortgage,2025Q2,381450.4,B2025Q2-01
UCS-MOR-2025Q2-0012,US Card Services,Mortgage,2025Q2,182770.53,B2025Q2-01
UCS-MOR-2025Q2-0013,US Card Services,Mortgage,2025Q2,252704.6,B2025Q2-01
UCS-MOR-2025Q2-0014,US Card Services,Mortgage,2025Q2,274715.7,B2025Q2-01
UCS-MOR-2025Q2-0015,US Card Services,Mortgage,2025Q2,180808.2,B2025Q2-01
UCS-MOR-2025Q2-0016,US Card Services,Mortgage,2025Q2,303038.87,B2025Q2-01
UCS-MOR-2025Q2-0017,US Card Services,Mortgage,2025Q2,479385.0,B2025Q2-01
UCS-MOR-2025Q2-0018,US Card Services,Mortgage,2025Q2,372887.22,B2025Q2-01
UCS-MOR-2025Q2-0019,US Card Services,Mortgage,2025Q2,159602.84,B2025Q2-01
UCS-MOR-2025Q2-0020,US Card Services,Mortgage,2025Q2,131447.84,B2025Q2-01
UCS-MOR-2025Q2-0021,US Card Services,Mortgage,2025Q2,616299.57,B2025Q2-01
UCS-MOR-2025Q2-0022,US Card Services,Mortgage,2025Q2,153029.4,B2025Q2-01
UCS-MOR-2025Q2-0023,US Card Services,Mortgage,2025Q2,390524.95,B2025Q2-01
UCS-MOR-2025Q2-0024,US Card Services,Mortgage,2025Q2,168229.33,B2025Q2-01
UCS-MOR-2025Q2-0025,US Card Services,Mortgage,2025Q2,109963.59,B2025Q2-02
UCS-MOR-2025Q2-0026,US Card Services,Mortgage,2025Q2,314408.82,B2025Q2-02
UCS-MOR-2025Q2-0027,US Card Services,Mortgage,2025Q2,649781.12,B2025Q2-02
UCS-MOR-2025Q2-0028,US Card Services,Mortgage,2025Q2,491645.84,B2025Q2-02
UCS-MOR-2025Q2-0029,US Card Services,Mortgage,2025Q2,272630.96,B2025Q2-02
UCS-MOR-2025Q2-0030,US Card Services,Mortgage,2025Q2,234923.98,B2025Q2-02
UCS-MOR-2025Q2-0031,US Card Services,Mortgage,2025Q2,97801.7,B2025Q2-02
UCS-MOR-2025Q2-0032,US Card Services,Mortgage,2025Q2,185662.7,B2025Q2-02
UCS-MOR-2025Q2-0033,US Card Services,Mortgage,2025Q2,425026.95,B2025Q2-02
UCS-MOR-2025Q2-0034,US Card Services,Mortgage,2025Q2,312628.14,B2025Q2-02
UCS-MOR-2025Q2-0035,US Card Services,Mortgage,2025Q2,93661.41,B2025Q2-02
UCS-MOR-2025Q2-0036,US Card Services,Mortgage,2025Q2,170323.93,B2025Q2-02
UCS-MOR-2025Q2-0037,US Card Services,Mortgage,2025Q2,384294.33,B2025Q2-02
UCS-MOR-2025Q2-0038,US Card Services,Mortgage,2025Q2,351937.49,B2025Q2-02
UCS-MOR-2025Q2-0039,US Card Services,Mortgage,2025Q2,350109.28,B2025Q2-02
UCS-MOR-2025Q2-0040,US Card Services,Mortgage,2025Q2,64952.54,B2025Q2-02
UCS-MOR-2025Q2-0041,US Card Services,Mortgage,2025Q2,348754.39,B2025Q2-02
UCS-MOR-2025Q2-0042,US Card Services,Mortgage,2025Q2,334682.85,B2025Q2-02
UCS-MOR-2025Q2-0043,US Card Services,Mortgage,2025Q2,268375.73,B2025Q2-02
UCS-MOR-2025Q2-0044,US Card Services,Mortgage,2025Q2,292680.66,B2025Q2-02
UCS-MOR-2025Q2-0045,US Card Services,Mortgage,2025Q2,650987.47,B2025Q2-02
UCS-MOR-2025Q2-0046,US Card Services,Mortgage,2025Q2,80629.19,B2025Q2-02
UCS-MOR-2025Q2-0047,US Card Services,Mortgage,2025Q2,225981.38,B2025Q2-02
UCS-MOR-2025Q2-0048,US Card Services,Mortgage,2025Q2,185519.3,B2025Q2-02
UCS-MOR-2025Q2-0049,US Card Services,Mortgage,2025Q2,494931.85,B2025Q2-02
UCS-MOR-2025Q2-0050,US Card Services,Mortgage,2025Q2,868158.36,B2025Q2-03
UCS-MOR-2025Q2-0051,US Card Services,Mortgage,2025Q2,200292.48,B2025Q2-03
UCS-MOR-2025Q2-0052,US Card Services,Mortgage,2025Q2,262025.74,B2025Q2-03
UCS-MOR-2025Q2-0053,US Card Services,Mortgage,2025Q2,244128.86,B2025Q2-03
UCS-MOR-2025Q2-0054,US Card Services,Mortgage,2025Q2,140959.06,B2025Q2-03
UCS-MOR-2025Q2-0055,US Card Services,Mortgage,2025Q2,88371.44,B2025Q2-03
UCS-MOR-2025Q2-0056,US Card Services,Mortgage,2025Q2,308573.4,B2025Q2-03
UCS-MOR-2025Q2-0057,US Card Services,Mortgage,2025Q2,290189.89,B2025Q2-03
UCS-MOR-2025Q2-0058,US Card Services,Mortgage,2025Q2,235410.79,B2025Q2-03
UCS-MOR-2025Q2-0059,US Card Services,Mortgage,2025Q2,440686.62,B2025Q2-03
UCS-MOR-2025Q2-0060,US Card Services,Mortgage,2025Q2,351753.52,B2025Q2-03
UCS-MOR-2025Q2-0061,US Card Services,Mortgage,2025Q2,176375.45,B2025Q2-03
UCS-MOR-2025Q2-0062,US Card Services,Mortgage,2025Q2,333456.58,B2025Q2-03
UCS-MOR-2025Q2-0063,US Card Services,Mortgage,2025Q2,381250.12,B2025Q2-03
UCS-MOR-2025Q2-0064,US Card Services,Mortgage,2025Q2,158032.05,B2025Q2-03
UCS-MOR-2025Q2-0065,US Card Services,Mortgage,2025Q2,230029.73,B2025Q2-03
UCS-MOR-2025Q2-0066,US Card Services,Mortgage,2025Q2,479410.75,B2025Q2-03
UCS-MOR-2025Q2-0067,US Card Services,Mortgage,2025Q2,283621.06,B2025Q2-03
UCS-MOR-2025Q2-0068,US Card Services,Mortgage,2025Q2,157372.68,B2025Q2-03
UCS-MOR-2025Q2-0069,US Card Services,Mortgage,2025Q2,120353.71,B2025Q2-03
UCS-MOR-2025Q2-0070,US Card Services,Mortgage,2025Q2,443521.18,B2025Q2-03
UCS-MOR-2025Q2-0071,US Card Services,Mortgage,2025Q2,138364.84,B2025Q2-03
UCS-MOR-2025Q2-0072,US Card Services,Mortgage,2025Q2,171352.62,B2025Q2-03
UCS-MOR-2025Q2-0073,US Card Services,Mortgage,2025Q2,372475.61,B2025Q2-03
UCS-MOR-2025Q2-0074,US Card Services,Mortgage,2025Q2,143757.26,B2025Q2-03
UCS-MOR-2025Q2-0075,US Card Services,Mortgage,2025Q2,242283.44,B2025Q2-04
UCS-MOR-2025Q2-0076,US Card Services,Mortgage,2025Q2,182519.65,B2025Q2-04
UCS-MOR-2025Q2-0077,US Card Services,Mortgage,2025Q2,177647.48,B2025Q2-04
UCS-MOR-2025Q2-0078,US Card Services,Mortgage,2025Q2,74293.26,B2025Q2-04
UCS-MOR-2025Q2-0079,US Card Services,Mortgage,2025Q2,264564.27,B2025Q2-04
UCS-MOR-2025Q2-0080,US Card Services,Mortgage,2025Q2,285179.03,B2025Q2-04
UCS-MOR-2025Q2-0081,US Card Services,Mortgage,2025Q2,136790.55,B2025Q2-04
UCS-MOR-2025Q2-0082,US Card Services,Mortgage,2025Q2,190953.65,B2025Q2-04
UCS-MOR-2025Q2-0083,US Card Services,Mortgage,2025Q2,431263.52,B2025Q2-04
UCS-MOR-2025Q2-0084,US Card Services,Mortgage,2025Q2,173585.36,B2025Q2-04
UCS-MOR-2025Q2-0085,US Card Services,Mortgage,2025Q2,177481.13,B2025Q2-04
UCS-MOR-2025Q2-0086,US Card Services,Mortgage,2025Q2,178435.68,B2025Q2-04
UCS-MOR-2025Q2-0087,US Card Services,Mortgage,2025Q2,410427.71,B2025Q2-04
UCS-MOR-2025Q2-0088,US Card Services,Mortgage,2025Q2,205670.0,B2025Q2-04
UCS-MOR-2025Q2-0089,US Card Services,Mortgage,2025Q2,182067.5,B2025Q2-04
UCS-MOR-2025Q2-0090,US Card Services,Mortgage,2025Q2,437160.83,B2025Q2-04
UCS-MOR-2025Q2-0091,US Card Services,Mortgage,2025Q2,233383.58,B2025Q2-04
UCS-MOR-2025Q2-0092,US Card Services,Mortgage,2025Q2,328731.19,B2025Q2-04
UCS-MOR-2025Q2-0093,US Card Services,Mortgage,2025Q2,235412.11,B2025Q2-04
UCS-MOR-2025Q2-0094,US Card Services,Mortgage,2025Q2,216833.24,B2025Q2-04
UCS-MOR-2025Q2-0095,US Card Services,Mortgage,2025Q2,792180.74,B2025Q2-04
UCS-MOR-2025Q2-0096,US Card Services,Mortgage,2025Q2,414603.0,B2025Q2-04
UCS-MOR-2025Q2-0097,US Card Services,Mortgage,2025Q2,135241.21,B2025Q2-04
UCS-MOR-2025Q2-0098,US Card Services,Mortgage,2025Q2,165907.26,B2025Q2-04
UCS-MOR-2025Q2-0099,US Card Services,Mortgage,2025Q2,791981.6,B2025Q2-04
UCS-MOR-2025Q2-0100,US Card Services,Mortgage,2025Q2,330550.93,B2025Q2-05
UCS-MOR-2025Q2-0101,US Card Services,Mortgage,2025Q2,56914.14,B2025Q2-05
UCS-MOR-2025Q2-0102,US Card Services,Mortgage,2025Q2,331864.43,B2025Q2-05
UCS-AUT-2025Q1-0000,US Card Services,Auto Loan,2025Q1,28866.39,B2025Q1-01
UCS-AUT-2025Q1-0001,US Card Services,Auto Loan,2025Q1,22023.21,B2025Q1-01
UCS-AUT-2025Q1-0002,US Card Services,Auto Loan,2025Q1,7907.25,B2025Q1-01
UCS-AUT-2025Q1-0003,US Card Services,Auto Loan,2025Q1,21617.23,B2025Q1-01
UCS-AUT-2025Q1-0004,US Card Services,Auto Loan,2025Q1,17135.16,B2025Q1-01
UCS-AUT-2025Q1-0005,US Card Services,Auto Loan,2025Q1,34640.71,B2025Q1-01
UCS-AUT-2025Q1-0006,US Card Services,Auto Loan,2025Q1,19133.06,B2025Q1-01
UCS-AUT-2025Q1-0007,US Card Services,Auto Loan,2025Q1,14408.89,B2025Q1-01
UCS-AUT-2025Q1-0008,US Card Services,Auto Loan,2025Q1,13768.93,B2025Q1-01
UCS-AUT-2025Q1-0009,US Card Services,Auto Loan,2025Q1,21087.78,B2025Q1-01
UCS-AUT-2025Q1-0010,US Card Services,Auto Loan,2025Q1,22365.88,B2025Q1-01
UCS-AUT-2025Q1-0011,US Card Services,Auto Loan,2025Q1,18118.02,B2025Q1-01
UCS-AUT-2025Q1-0012,US Card Services,Auto Loan,2025Q1,11155.23,B2025Q1-01
UCS-AUT-2025Q1-0013,US Card Services,Auto Loan,2025Q1,26744.14,B2025Q1-01
UCS-AUT-2025Q1-0014,US Card Services,Auto Loan,2025Q1,14760.6,B2025Q1-01
UCS-AUT-2025Q1-0015,US Card Services,Auto Loan,2025Q1,26576.19,B2025Q1-01
UCS-AUT-2025Q1-0016,US Card Services,Auto Loan,2025Q1,26291.61,B2025Q1-01
UCS-AUT-2025Q1-0017,US Card Services,Auto Loan,2025Q1,25742.12,B2025Q1-01
UCS-AUT-2025Q1-0018,US Card Services,Auto Loan,2025Q1,11010.08,B2025Q1-01
UCS-AUT-2025Q1-0019,US Card Services,Auto Loan,2025Q1,22036.02,B2025Q1-01
UCS-AUT-2025Q1-0020,US Card Services,Auto Loan,2025Q1,13163.93,B2025Q1-01
UCS-AUT-2025Q1-0021,US Card Services,Auto Loan,2025Q1,18063.3,B2025Q1-01
UCS-AUT-2025Q1-0022,US Card Services,Auto Loan,2025Q1,15806.87,B2025Q1-01
UCS-AUT-2025Q1-0023,US Card Services,Auto Loan,2025Q1,10943.24,B2025Q1-01
UCS-AUT-2025Q1-0024,US Card Services,Auto Loan,2025Q1,22342.4,B2025Q1-01
UCS-AUT-2025Q1-0025,US Card Services,Auto Loan,2025Q1,33818.86,B2025Q1-02
UCS-AUT-2025Q1-0026,US Card Services,Auto Loan,2025Q1,12616.74,B2025Q1-02
UCS-AUT-2025Q1-0027,US Card Services,Auto Loan,2025Q1,20556.27,B2025Q1-02
UCS-AUT-2025Q1-0028,US Card Services,Auto Loan,2025Q1,27592.61,B2025Q1-02
UCS-AUT-2025Q1-0029,US Card Services,Auto Loan,2025Q1,13813.79,B2025Q1-02
UCS-AUT-2025Q1-0030,US Card Services,Auto Loan,2025Q1,10635.28,B2025Q1-02
UCS-AUT-2025Q1-0031,US Card Services,Auto Loan,2025Q1,18162.85,B2025Q1-02
UCS-AUT-2025Q1-0032,US Card Services,Auto Loan,2025Q1,19120.96,B2025Q1-02
UCS-AUT-2025Q1-0033,US Card Services,Auto Loan,2025Q1,20848.69,B2025Q1-02
UCS-AUT-2025Q1-0034,US Card Services,Auto Loan,2025Q1,33299.87,B2025Q1-02
UCS-AUT-2025Q1-0035,US Card Services,Auto Loan,2025Q1,29978.09,B2025Q1-02
UCS-AUT-2025Q1-0036,US Card Services,Auto Loan,2025Q1,22634.43,B2025Q1-02
UCS-AUT-2025Q1-0037,US Card Services,Auto Loan,2025Q1,16356.57,B2025Q1-02
UCS-AUT-2025Q1-0038,US Card Services,Auto Loan,2025Q1,40491.8,B2025Q1-02
UCS-AUT-2025Q1-0039,US Card Services,Auto Loan,2025Q1,34803.71,B2025Q1-02
UCS-AUT-2025Q1-0040,US Card Services,Auto Loan,2025Q1,25810.79,B2025Q1-02
UCS-AUT-2025Q1-0041,US Card Services,Auto Loan,2025Q1,37690.09,B2025Q1-02
UCS-AUT-2025Q1-0042,US Card Services,Auto Loan,2025Q1,10151.69,B2025Q1-02
UCS-AUT-2025Q1-0043,US Card Services,Auto Loan,2025Q1,18919.43,B2025Q1-02
UCS-AUT-2025Q1-0044,US Card Services,Auto Loan,2025Q1,19998.41,B2025Q1-02
UCS-AUT-2025Q1-0045,US Card Services,Auto Loan,2025Q1,9202.6,B2025Q1-02
UCS-AUT-2025Q1-0046,US Card Services,Auto Loan,2025Q1,27156.99,B2025Q1-02
UCS-AUT-2025Q1-0047,US Card Services,Auto Loan,2025Q1,16697.85,B2025Q1-02
UCS-AUT-2025Q1-0048,US Card Services,Auto Loan,2025Q1,19473.57,B2025Q1-02
UCS-AUT-2025Q1-0049,US Card Services,Auto Loan,2025Q1,17656.07,B2025Q1-02
UCS-AUT-2025Q1-0050,US Card Services,Auto Loan,2025Q1,29269.69,B2025Q1-03
UCS-AUT-2025Q1-0051,US Card Services,Auto Loan,2025Q1,26072.47,B2025Q1-03
UCS-AUT-2025Q1-0052,US Card Services,Auto Loan,2025Q1,9274.76,B2025Q1-03
UCS-AUT-2025Q1-0053,US Card Services,Auto Loan,2025Q1,33442.85,B2025Q1-03
UCS-AUT-2025Q1-0054,US Card Services,Auto Loan,2025Q1,31223.62,B2025Q1-03
UCS-AUT-2025Q1-0055,US Card Services,Auto Loan,2025Q1,27198.06,B2025Q1-03
UCS-AUT-2025Q1-0056,US Card Services,Auto Loan,2025Q1,15786.44,B2025Q1-03
UCS-AUT-2025Q1-0057,US Card Services,Auto Loan,2025Q1,33708.94,B2025Q1-03
UCS-AUT-2025Q1-0058,US Card Services,Auto Loan,2025Q1,25757.95,B2025Q1-03
UCS-AUT-2025Q1-0059,US Card Services,Auto Loan,2025Q1,29701.81,B2025Q1-03
UCS-AUT-2025Q1-0060,US Card Services,Auto Loan,2025Q1,28217.81,B2025Q1-03
UCS-AUT-2025Q1-0061,US Card Services,Auto Loan,2025Q1,11601.17,B2025Q1-03
UCS-AUT-2025Q1-0062,US Card Services,Auto Loan,2025Q1,16538.87,B2025Q1-03
UCS-AUT-2025Q1-0063,US Card Services,Auto Loan,2025Q1,23545.77,B2025Q1-03
UCS-AUT-2025Q1-0064,US Card Services,Auto Loan,2025Q1,33327.28,B2025Q1-03
UCS-AUT-2025Q1-0065,US Card Services,Auto Loan,2025Q1,5243.19,B2025Q1-03
UCS-AUT-2025Q1-0066,US Card Services,Auto Loan,2025Q1,13517.08,B2025Q1-03
UCS-AUT-2025Q1-0067,US Card Services,Auto Loan,2025Q1,22182.84,B2025Q1-03
UCS-AUT-2025Q1-0068,US Card Services,Auto Loan,2025Q1,8541.32,B2025Q1-03
UCS-AUT-2025Q1-0069,US Card Services,Auto Loan,2025Q1,33710.18,B2025Q1-03
UCS-AUT-2025Q1-0070,US Card Services,Auto Loan,2025Q1,17474.32,B2025Q1-03
UCS-AUT-2025Q1-0071,US Card Services,Auto Loan,2025Q1,10824.73,B2025Q1-03
UCS-AUT-2025Q1-0072,US Card Services,Auto Loan,2025Q1,17323.98,B2025Q1-03
UCS-AUT-2025Q1-0073,US Card Services,Auto Loan,2025Q1,27430.63,B2025Q1-03
UCS-AUT-2025Q1-0074,US Card Services,Auto Loan,2025Q1,14846.12,B2025Q1-03
UCS-AUT-2025Q1-0075,US Card Services,Auto Loan,2025Q1,9323.64,B2025Q1-04
UCS-AUT-2025Q1-0076,US Card Services,Auto Loan,2025Q1,17023.19,B2025Q1-04
UCS-AUT-2025Q1-0077,US Card Services,Auto Loan,2025Q1,12333.16,B2025Q1-04
UCS-AUT-2025Q1-0078,US Card Services,Auto Loan,2025Q1,11205.9,B2025Q1-04
UCS-AUT-2025Q1-0079,US Card Services,Auto Loan,2025Q1,28681.95,B2025Q1-04
UCS-AUT-2025Q1-0080,US Card Services,Auto Loan,2025Q1,33126.35,B2025Q1-04
UCS-AUT-2025Q1-0081,US Card Services,Auto Loan,2025Q1,25857.62,B2025Q1-04
UCS-AUT-2025Q1-0082,US Card Services,Auto Loan,2025Q1,14397.74,B2025Q1-04
UCS-AUT-2025Q1-0083,US Card Services,Auto Loan,2025Q1,18492.75,B2025Q1-04
UCS-AUT-2025Q1-0084,US Card Services,Auto Loan,2025Q1,17736.51,B2025Q1-04
UCS-AUT-2025Q1-0085,US Card Services,Auto Loan,2025Q1,15130.67,B2025Q1-04
UCS-AUT-2025Q1-0086,US Card Services,Auto Loan,2025Q1,13843.51,B2025Q1-04
UCS-AUT-2025Q1-0087,US Card Services,Auto Loan,2025Q1,60681.65,B2025Q1-04
UCS-AUT-2025Q1-0088,US Card Services,Auto Loan,2025Q1,16758.27,B2025Q1-04
UCS-AUT-2025Q1-0089,US Card Services,Auto Loan,2025Q1,11371.76,B2025Q1-04
UCS-AUT-2025Q1-0090,US Card Services,Auto Loan,2025Q1,35353.68,B2025Q1-04
UCS-AUT-2025Q1-0091,US Card Services,Auto Loan,2025Q1,32029.83,B2025Q1-04
UCS-AUT-2025Q1-0092,US Card Services,Auto Loan,2025Q1,19647.8,B2025Q1-04
UCS-AUT-2025Q1-0093,US Card Services,Auto Loan,2025Q1,51772.97,B2025Q1-04
UCS-AUT-2025Q1-0094,US Card Services,Auto Loan,2025Q1,20997.35,B2025Q1-04
UCS-AUT-2025Q1-0095,US Card Services,Auto Loan,2025Q1,12558.93,B2025Q1-04
UCS-AUT-2025Q1-0096,US Card Services,Auto Loan,2025Q1,17645.19,B2025Q1-04
UCS-AUT-2025Q1-0097,US Card Services,Auto Loan,2025Q1,28475.85,B2025Q1-04
UCS-AUT-2025Q1-0098,US Card Services,Auto Loan,2025Q1,26528.69,B2025Q1-04
UCS-AUT-2025Q1-0099,US Card Services,Auto Loan,2025Q1,34282.31,B2025Q1-04
UCS-AUT-2025Q1-0100,US Card Services,Auto Loan,2025Q1,5718.9,B2025Q1-05
UCS-AUT-2025Q1-0101,US Card Services,Auto Loan,2025Q1,34305.24,B2025Q1-05
UCS-AUT-2025Q1-0102,US Card Services,Auto Loan,2025Q1,33611.02,B2025Q1-05
UCS-AUT-2025Q1-0103,US Card Services,Auto Loan,2025Q1,18106.64,B2025Q1-05
UCS-AUT-2025Q1-0104,US Card Services,Auto Loan,2025Q1,28618.23,B2025Q1-05
UCS-AUT-2025Q1-0105,US Card Services,Auto Loan,2025Q1,44679.72,B2025Q1-05
UCS-AUT-2025Q1-0106,US Card Services,Auto Loan,2025Q1,16545.81,B2025Q1-05
UCS-AUT-2025Q1-0107,US Card Services,Auto Loan,2025Q1,16334.61,B2025Q1-05
UCS-AUT-2025Q1-0108,US Card Services,Auto Loan,2025Q1,40134.26,B2025Q1-05
UCS-AUT-2025Q1-0109,US Card Services,Auto Loan,2025Q1,14295.77,B2025Q1-05
UCS-AUT-2025Q1-0110,US Card Services,Auto Loan,2025Q1,26150.53,B2025Q1-05
UCS-AUT-2025Q1-0111,US Card Services,Auto Loan,2025Q1,20072.01,B2025Q1-05
UCS-AUT-2025Q1-0112,US Card Services,Auto Loan,2025Q1,12200.73,B2025Q1-05
UCS-AUT-2025Q1-0113,US Card Services,Auto Loan,2025Q1,10750.23,B2025Q1-05
UCS-AUT-2025Q1-0114,US Card Services,Auto Loan,2025Q1,16848.97,B2025Q1-05
UCS-AUT-2025Q1-0115,US Card Services,Auto Loan,2025Q1,11312.29,B2025Q1-05
UCS-AUT-2025Q1-0116,US Card Services,Auto Loan,2025Q1,23175.18,B2025Q1-05
UCS-AUT-2025Q1-0117,US Card Services,Auto Loan,2025Q1,8722.28,B2025Q1-05
UCS-AUT-2025Q1-0118,US Card Services,Auto Loan,2025Q1,11724.3,B2025Q1-05
UCS-AUT-2025Q1-0119,US Card Services,Auto Loan,2025Q1,36395.37,B2025Q1-05
UCS-AUT-2025Q1-0120,US Card Services,Auto Loan,2025Q1,25441.29,B2025Q1-05
UCS-AUT-2025Q1-0121,US Card Services,Auto Loan,2025Q1,23053.7,B2025Q1-05
UCS-AUT-2025Q1-0122,US Card Services,Auto Loan,2025Q1,31306.91,B2025Q1-05
UCS-AUT-2025Q1-0123,US Card Services,Auto Loan,2025Q1,14521.88,B2025Q1-05
UCS-AUT-2025Q1-0124,US Card Services,Auto Loan,2025Q1,26840.38,B2025Q1-05
UCS-AUT-2025Q1-0125,US Card Services,Auto Loan,2025Q1,8624.86,B2025Q1-06
UCS-AUT-2025Q1-0126,US Card Services,Auto Loan,2025Q1,10892.49,B2025Q1-06
UCS-AUT-2025Q2-0000,US Card Services,Auto Loan,2025Q2,39856.69,B2025Q2-01
UCS-AUT-2025Q2-0001,US Card Services,Auto Loan,2025Q2,21235.65,B2025Q2-01
UCS-AUT-2025Q2-0002,US Card Services,Auto Loan,2025Q2,13372.33,B2025Q2-01
UCS-AUT-2025Q2-0003,US Card Services,Auto Loan,2025Q2,30899.77,B2025Q2-01
UCS-AUT-2025Q2-0004,US Card Services,Auto Loan,2025Q2,45275.82,B2025Q2-01
UCS-AUT-2025Q2-0005,US Card Services,Auto Loan,2025Q2,22726.63,B2025Q2-01
UCS-AUT-2025Q2-0006,US Card Services,Auto Loan,2025Q2,42733.05,B2025Q2-01
UCS-AUT-2025Q2-0007,US Card Services,Auto Loan,2025Q2,13568.73,B2025Q2-01
UCS-AUT-2025Q2-0008,US Card Services,Auto Loan,2025Q2,5552.97,B2025Q2-01
UCS-AUT-2025Q2-0009,US Card Services,Auto Loan,2025Q2,15750.57,B2025Q2-01
UCS-AUT-2025Q2-0010,US Card Services,Auto Loan,2025Q2,23438.71,B2025Q2-01
UCS-AUT-2025Q2-0011,US Card Services,Auto Loan,2025Q2,28066.27,B2025Q2-01
UCS-AUT-2025Q2-0012,US Card Services,Auto Loan,2025Q2,10250.84,B2025Q2-01
UCS-AUT-2025Q2-0013,US Card Services,Auto Loan,2025Q2,17855.37,B2025Q2-01
UCS-AUT-2025Q2-0014,US Card Services,Auto Loan,2025Q2,15119.01,B2025Q2-01
UCS-AUT-2025Q2-0015,US Card Services,Auto Loan,2025Q2,40997.59,B2025Q2-01
UCS-AUT-2025Q2-0016,US Card Services,Auto Loan,2025Q2,12585.61,B2025Q2-01
UCS-AUT-2025Q2-0017,US Card Services,Auto Loan,2025Q2,13594.38,B2025Q2-01
UCS-AUT-2025Q2-0018,US Card Services,Auto Loan,2025Q2,30623.55,B2025Q2-01
UCS-AUT-2025Q2-0019,US Card Services,Auto Loan,2025Q2,6050.41,B2025Q2-01
UCS-AUT-2025Q2-0020,US Card Services,Auto Loan,2025Q2,45710.48,B2025Q2-01
UCS-AUT-2025Q2-0021,US Card Services,Auto Loan,2025Q2,17854.74,B2025Q2-01
UCS-AUT-2025Q2-0022,US Card Services,Auto Loan,2025Q2,10319.49,B2025Q2-01
UCS-AUT-2025Q2-0023,US Card Services,Auto Loan,2025Q2,67714.91,B2025Q2-01
UCS-AUT-2025Q2-0024,US Card Services,Auto Loan,2025Q2,37475.03,B2025Q2-01
UCS-AUT-2025Q2-0025,US Card Services,Auto Loan,2025Q2,29999.87,B2025Q2-02
UCS-AUT-2025Q2-0026,US Card Services,Auto Loan,2025Q2,15232.91,B2025Q2-02
UCS-AUT-2025Q2-0027,US Card Services,Auto Loan,2025Q2,25445.13,B2025Q2-02
UCS-AUT-2025Q2-0028,US Card Services,Auto Loan,2025Q2,33405.93,B2025Q2-02
UCS-AUT-2025Q2-0029,US Card Services,Auto Loan,2025Q2,10147.66,B2025Q2-02
UCS-AUT-2025Q2-0030,US Card Services,Auto Loan,2025Q2,9436.69,B2025Q2-02
UCS-AUT-2025Q2-0031,US Card Services,Auto Loan,2025Q2,15496.88,B2025Q2-02
UCS-AUT-2025Q2-0032,US Card Services,Auto Loan,2025Q2,21584.95,B2025Q2-02
UCS-AUT-2025Q2-0033,US Card Services,Auto Loan,2025Q2,18248.37,B2025Q2-02
UCS-AUT-2025Q2-0034,US Card Services,Auto Loan,2025Q2,4738.38,B2025Q2-02
UCS-AUT-2025Q2-0035,US Card Services,Auto Loan,2025Q2,26815.68,B2025Q2-02
UCS-AUT-2025Q2-0036,US Card Services,Auto Loan,2025Q2,29031.16,B2025Q2-02
UCS-AUT-2025Q2-0037,US Card Services,Auto Loan,2025Q2,13241.78,B2025Q2-02
UCS-AUT-2025Q2-0038,US Card Services,Auto Loan,2025Q2,10883.64,B2025Q2-02
UCS-AUT-2025Q2-0039,US Card Services,Auto Loan,2025Q2,11696.15,B2025Q2-02
UCS-AUT-2025Q2-0040,US Card Services,Auto Loan,2025Q2,11782.59,B2025Q2-02
UCS-AUT-2025Q2-0041,US Card Services,Auto Loan,2025Q2,14302.02,B2025Q2-02
UCS-AUT-2025Q2-0042,US Card Services,Auto Loan,2025Q2,19196.4,B2025Q2-02
UCS-AUT-2025Q2-0043,US Card Services,Auto Loan,2025Q2,25008.93,B2025Q2-02
UCS-AUT-2025Q2-0044,US Card Services,Auto Loan,2025Q2,16137.93,B2025Q2-02
UCS-AUT-2025Q2-0045,US Card Services,Auto Loan,2025Q2,24991.43,B2025Q2-02
UCS-AUT-2025Q2-0046,US Card Services,Auto Loan,2025Q2,36320.48,B2025Q2-02
UCS-AUT-2025Q2-0047,US Card Services,Auto Loan,2025Q2,25097.16,B2025Q2-02
UCS-AUT-2025Q2-0048,US Card Services,Auto Loan,2025Q2,4182.36,B2025Q2-02
UCS-AUT-2025Q2-0049,US Card Services,Auto Loan,2025Q2,7868.22,B2025Q2-02
UCS-AUT-2025Q2-0050,US Card Services,Auto Loan,2025Q2,22883.71,B2025Q2-03
UCS-AUT-2025Q2-0051,US Card Services,Auto Loan,2025Q2,14239.99,B2025Q2-03
UCS-AUT-2025Q2-0052,US Card Services,Auto Loan,2025Q2,11569.67,B2025Q2-03
UCS-AUT-2025Q2-0053,US Card Services,Auto Loan,2025Q2,17392.39,B2025Q2-03
UCS-AUT-2025Q2-0054,US Card Services,Auto Loan,2025Q2,12282.3,B2025Q2-03
UCS-AUT-2025Q2-0055,US Card Services,Auto Loan,2025Q2,25409.68,B2025Q2-03
UCS-AUT-2025Q2-0056,US Card Services,Auto Loan,2025Q2,21574.53,B2025Q2-03
UCS-AUT-2025Q2-0057,US Card Services,Auto Loan,2025Q2,28315.27,B2025Q2-03
UCS-AUT-2025Q2-0058,US Card Services,Auto Loan,2025Q2,19367.23,B2025Q2-03
UCS-AUT-2025Q2-0059,US Card Services,Auto Loan,2025Q2,35357.95,B2025Q2-03
UCS-AUT-2025Q2-0060,US Card Services,Auto Loan,2025Q2,15854.82,B2025Q2-03
UCS-AUT-2025Q2-0061,US Card Services,Auto Loan,2025Q2,18157.74,B2025Q2-03
UCS-AUT-2025Q2-0062,US Card Services,Auto Loan,2025Q2,34896.26,B2025Q2-03
UCS-AUT-2025Q2-0063,US Card Services,Auto Loan,2025Q2,14617.4,B2025Q2-03
UCS-AUT-2025Q2-0064,US Card Services,Auto Loan,2025Q2,14341.84,B2025Q2-03
UCS-AUT-2025Q2-0065,US Card Services,Auto Loan,2025Q2,9437.89,B2025Q2-03
UCS-AUT-2025Q2-0066,US Card Services,Auto Loan,2025Q2,21382.62,B2025Q2-03
UCS-AUT-2025Q2-0067,US Card Services,Auto Loan,2025Q2,30485.54,B2025Q2-03
UCS-AUT-2025Q2-0068,US Card Services,Auto Loan,2025Q2,6662.48,B2025Q2-03
UCS-AUT-2025Q2-0069,US Card Services,Auto Loan,2025Q2,21477.75,B2025Q2-03
UCS-AUT-2025Q2-0070,US Card Services,Auto Loan,2025Q2,14632.95,B2025Q2-03
UCS-AUT-2025Q2-0071,US Card Services,Auto Loan,2025Q2,21445.8,B2025Q2-03
UCS-AUT-2025Q2-0072,US Card Services,Auto Loan,2025Q2,14671.06,B2025Q2-03
UCS-AUT-2025Q2-0073,US Card Services,Auto Loan,2025Q2,52975.45,B2025Q2-03
UCS-AUT-2025Q2-0074,US Card Services,Auto Loan,2025Q2,18935.96,B2025Q2-03
UCS-AUT-2025Q2-0075,US Card Services,Auto Loan,2025Q2,10796.03,B2025Q2-04
UCS-AUT-2025Q2-0076,US Card Services,Auto Loan,2025Q2,38088.37,B2025Q2-04
UCS-AUT-2025Q2-0077,US Card Services,Auto Loan,2025Q2,20212.69,B2025Q2-04
UCS-AUT-2025Q2-0078,US Card Services,Auto Loan,2025Q2,15202.43,B2025Q2-04
UCS-AUT-2025Q2-0079,US Card Services,Auto Loan,2025Q2,23654.89,B2025Q2-04
UCS-AUT-2025Q2-0080,US Card Services,Auto Loan,2025Q2,33020.52,B2025Q2-04
UCS-AUT-2025Q2-0081,US Card Services,Auto Loan,2025Q2,14877.68,B2025Q2-04
UCS-AUT-2025Q2-0082,US Card Services,Auto Loan,2025Q2,16312.62,B2025Q2-04
UCS-AUT-2025Q2-0083,US Card Services,Auto Loan,2025Q2,33531.33,B2025Q2-04
UCS-AUT-2025Q2-0084,US Card Services,Auto Loan,2025Q2,8421.39,B2025Q2-04
UCS-AUT-2025Q2-0085,US Card Services,Auto Loan,2025Q2,21099.65,B2025Q2-04
UCS-AUT-2025Q2-0086,US Card Services,Auto Loan,2025Q2,24681.34,B2025Q2-04
UCS-AUT-2025Q2-0087,US Card Services,Auto Loan,2025Q2,9048.38,B2025Q2-04
UCS-AUT-2025Q2-0088,US Card Services,Auto Loan,2025Q2,30341.76,B2025Q2-04
UCS-AUT-2025Q2-0089,US Card Services,Auto Loan,2025Q2,31868.4,B2025Q2-04
UCS-AUT-2025Q2-0090,US Card Services,Auto Loan,2025Q2,15264.92,B2025Q2-04
UCS-AUT-2025Q2-0091,US Card Services,Auto Loan,2025Q2,22703.32,B2025Q2-04
UCS-AUT-2025Q2-0092,US Card Services,Auto Loan,2025Q2,14993.44,B2025Q2-04
UCS-AUT-2025Q2-0093,US Card Services,Auto Loan,2025Q2,21521.41,B2025Q2-04
UCS-AUT-2025Q2-0094,US Card Services,Auto Loan,2025Q2,22251.64,B2025Q2-04
UCS-AUT-2025Q2-0095,US Card Services,Auto Loan,2025Q2,30555.21,B2025Q2-04
UCS-AUT-2025Q2-0096,US Card Services,Auto Loan,2025Q2,40689.52,B2025Q2-04
UCS-AUT-2025Q2-0097,US Card Services,Auto Loan,2025Q2,32285.92,B2025Q2-04
UCS-AUT-2025Q2-0098,US Card Services,Auto Loan,2025Q2,39957.97,B2025Q2-04
UCS-AUT-2025Q2-0099,US Card Services,Auto Loan,2025Q2,9186.4,B2025Q2-04
UCS-AUT-2025Q2-0100,US Card Services,Auto Loan,2025Q2,9483.38,B2025Q2-05
UCS-AUT-2025Q2-0101,US Card Services,Auto Loan,2025Q2,17816.18,B2025Q2-05
UCS-AUT-2025Q2-0102,US Card Services,Auto Loan,2025Q2,13562.38,B2025Q2-05
UCS-AUT-2025Q2-0103,US Card Services,Auto Loan,2025Q2,17279.3,B2025Q2-05
UCS-AUT-2025Q2-0104,US Card Services,Auto Loan,2025Q2,42021.93,B2025Q2-05
UCS-AUT-2025Q2-0105,US Card Services,Auto Loan,2025Q2,30205.58,B2025Q2-05
UCS-AUT-2025Q2-0106,US Card Services,Auto Loan,2025Q2,24555.28,B2025Q2-05
UCS-AUT-2025Q2-0107,US Card Services,Auto Loan,2025Q2,27834.29,B2025Q2-05
UCS-AUT-2025Q2-0108,US Card Services,Auto Loan,2025Q2,14873.35,B2025Q2-05
UCS-AUT-2025Q2-0109,US Card Services,Auto Loan,2025Q2,34368.54,B2025Q2-05
UCS-AUT-2025Q2-0110,US Card Services,Auto Loan,2025Q2,50302.13,B2025Q2-05
UCS-AUT-2025Q2-0111,US Card Services,Auto Loan,2025Q2,39477.01,B2025Q2-05
UCS-AUT-2025Q2-0112,US Card Services,Auto Loan,2025Q2,28806.32,B2025Q2-05
UCS-AUT-2025Q2-0113,US Card Services,Auto Loan,2025Q2,22941.65,B2025Q2-05
UCS-AUT-2025Q2-0114,US Card Services,Auto Loan,2025Q2,28432.36,B2025Q2-05
UCS-AUT-2025Q2-0115,US Card Services,Auto Loan,2025Q2,15174.92,B2025Q2-05
UCS-AUT-2025Q2-0116,US Card Services,Auto Loan,2025Q2,10049.77,B2025Q2-05
UCS-AUT-2025Q2-0117,US Card Services,Auto Loan,2025Q2,27748.0,B2025Q2-05
UCS-AUT-2025Q2-0118,US Card Services,Auto Loan,2025Q2,22241.02,B2025Q2-05
UCS-AUT-2025Q2-0119,US Card Services,Auto Loan,2025Q2,9366.46,B2025Q2-05
UCS-AUT-2025Q2-0120,US Card Services,Auto Loan,2025Q2,23780.82,B2025Q2-05
UCS-AUT-2025Q2-0121,US Card Services,Auto Loan,2025Q2,9916.97,B2025Q2-05
UCS-AUT-2025Q2-0122,US Card Services,Auto Loan,2025Q2,15772.04,B2025Q2-05
UCS-AUT-2025Q2-0123,US Card Services,Auto Loan,2025Q2,4820.93,B2025Q2-05
UCS-AUT-2025Q2-0124,US Card Services,Auto Loan,2025Q2,27317.89,B2025Q2-05
UCS-AUT-2025Q2-0125,US Card Services,Auto Loan,2025Q2,72002.94,B2025Q2-06
UCS-AUT-2025Q2-0126,US Card Services,Auto Loan,2025Q2,18140.75,B2025Q2-06
UCS-CRE-2025Q1-0000,US Card Services,Credit Card,2025Q1,6025.38,B2025Q1-01
UCS-CRE-2025Q1-0001,US Card Services,Credit Card,2025Q1,3076.33,B2025Q1-01
UCS-CRE-2025Q1-0002,US Card Services,Credit Card,2025Q1,5733.57,B2025Q1-01
UCS-CRE-2025Q1-0003,US Card Services,Credit Card,2025Q1,2789.42,B2025Q1-01
UCS-CRE-2025Q1-0004,US Card Services,Credit Card,2025Q1,6091.09,B2025Q1-01
UCS-CRE-2025Q1-0005,US Card Services,Credit Card,2025Q1,5255.94,B2025Q1-01
UCS-CRE-2025Q1-0006,US Card Services,Credit Card,2025Q1,5151.77,B2025Q1-01
UCS-CRE-2025Q1-0007,US Card Services,Credit Card,2025Q1,9436.34,B2025Q1-01
UCS-CRE-2025Q1-0008,US Card Services,Credit Card,2025Q1,2682.62,B2025Q1-01
UCS-CRE-2025Q1-0009,US Card Services,Credit Card,2025Q1,3662.67,B2025Q1-01
UCS-CRE-2025Q1-0010,US Card Services,Credit Card,2025Q1,3474.04,B2025Q1-01
UCS-CRE-2025Q1-0011,US Card Services,Credit Card,2025Q1,1806.92,B2025Q1-01
UCS-CRE-2025Q1-0012,US Card Services,Credit Card,2025Q1,4765.09,B2025Q1-01
UCS-CRE-2025Q1-0013,US Card Services,Credit Card,2025Q1,1915.19,B2025Q1-01
UCS-CRE-2025Q1-0014,US Card Services,Credit Card,2025Q1,2827.46,B2025Q1-01
UCS-CRE-2025Q1-0015,US Card Services,Credit Card,2025Q1,2021.67,B2025Q1-01
UCS-CRE-2025Q1-0016,US Card Services,Credit Card,2025Q1,4155.55,B2025Q1-01
UCS-CRE-2025Q1-0017,US Card Services,Credit Card,2025Q1,2402.02,B2025Q1-01
UCS-CRE-2025Q1-0018,US Card Services,Credit Card,2025Q1,1675.45,B2025Q1-01
UCS-CRE-2025Q1-0019,US Card Services,Credit Card,2025Q1,3578.31,B2025Q1-01
UCS-CRE-2025Q1-0020,US Card Services,Credit Card,2025Q1,3083.57,B2025Q1-01
UCS-CRE-2025Q1-0021,US Card Services,Credit Card,2025Q1,3070.02,B2025Q1-01
UCS-CRE-2025Q1-0022,US Card Services,Credit Card,2025Q1,4666.77,B2025Q1-01
UCS-CRE-2025Q1-0023,US Card Services,Credit Card,2025Q1,1316.14,B2025Q1-01
UCS-CRE-2025Q1-0024,US Card Services,Credit Card,2025Q1,4445.73,B2025Q1-01
UCS-CRE-2025Q1-0025,US Card Services,Credit Card,2025Q1,4263.68,B2025Q1-02
UCS-CRE-2025Q1-0026,US Card Services,Credit Card,2025Q1,7869.59,B2025Q1-02
UCS-CRE-2025Q1-0027,US Card Services,Credit Card,2025Q1,3323.98,B2025Q1-02
UCS-CRE-2025Q1-0028,US Card Services,Credit Card,2025Q1,3226.4,B2025Q1-02
UCS-CRE-2025Q1-0029,US Card Services,Credit Card,2025Q1,2139.43,B2025Q1-02
UCS-CRE-2025Q1-0030,US Card Services,Credit Card,2025Q1,9822.83,B2025Q1-02
UCS-CRE-2025Q1-0031,US Card Services,Credit Card,2025Q1,3528.49,B2025Q1-02
UCS-CRE-2025Q1-0032,US Card Services,Credit Card,2025Q1,2384.47,B2025Q1-02
UCS-CRE-2025Q1-0033,US Card Services,Credit Card,2025Q1,3528.75,B2025Q1-02
UCS-CRE-2025Q1-0034,US Card Services,Credit Card,2025Q1,5021.1,B2025Q1-02
UCS-CRE-2025Q1-0035,US Card Services,Credit Card,2025Q1,4672.0,B2025Q1-02
UCS-CRE-2025Q1-0036,US Card Services,Credit Card,2025Q1,4540.13,B2025Q1-02
UCS-CRE-2025Q1-0037,US Card Services,Credit Card,2025Q1,13329.25,B2025Q1-02
UCS-CRE-2025Q1-0038,US Card Services,Credit Card,2025Q1,1190.19,B2025Q1-02
UCS-CRE-2025Q1-0039,US Card Services,Credit Card,2025Q1,2331.24,B2025Q1-02
UCS-CRE-2025Q1-0040,US Card Services,Credit Card,2025Q1,4550.67,B2025Q1-02
UCS-CRE-2025Q1-0041,US Card Services,Credit Card,2025Q1,2649.45,B2025Q1-02
UCS-CRE-2025Q1-0042,US Card Services,Credit Card,2025Q1,7601.69,B2025Q1-02
UCS-CRE-2025Q1-0043,US Card Services,Credit Card,2025Q1,4134.82,B2025Q1-02
UCS-CRE-2025Q1-0044,US Card Services,Credit Card,2025Q1,5927.98,B2025Q1-02
UCS-CRE-2025Q1-0045,US Card Services,Credit Card,2025Q1,3683.32,B2025Q1-02
UCS-CRE-2025Q1-0046,US Card Services,Credit Card,2025Q1,5035.75,B2025Q1-02
UCS-CRE-2025Q1-0047,US Card Services,Credit Card,2025Q1,7402.46,B2025Q1-02
UCS-CRE-2025Q1-0048,US Card Services,Credit Card,2025Q1,10233.02,B2025Q1-02
UCS-CRE-2025Q1-0049,US Card Services,Credit Card,2025Q1,3181.84,B2025Q1-02
UCS-CRE-2025Q1-0050,US Card Services,Credit Card,2025Q1,3328.43,B2025Q1-03
UCS-CRE-2025Q1-0051,US Card Services,Credit Card,2025Q1,4351.15,B2025Q1-03
UCS-CRE-2025Q1-0052,US Card Services,Credit Card,2025Q1,5801.16,B2025Q1-03
UCS-CRE-2025Q1-0053,US Card Services,Credit Card,2025Q1,4073.02,B2025Q1-03
UCS-CRE-2025Q1-0054,US Card Services,Credit Card,2025Q1,9877.62,B2025Q1-03
UCS-CRE-2025Q1-0055,US Card Services,Credit Card,2025Q1,6994.95,B2025Q1-03
UCS-CRE-2025Q1-0056,US Card Services,Credit Card,2025Q1,14686.72,B2025Q1-03
UCS-CRE-2025Q1-0057,US Card Services,Credit Card,2025Q1,7670.3,B2025Q1-03
UCS-CRE-2025Q1-0058,US Card Services,Credit Card,2025Q1,5123.82,B2025Q1-03
UCS-CRE-2025Q1-0059,US Card Services,Credit Card,2025Q1,3348.97,B2025Q1-03
UCS-CRE-2025Q1-0060,US Card Services,Credit Card,2025Q1,2332.62,B2025Q1-03
UCS-CRE-2025Q1-0061,US Card Services,Credit Card,2025Q1,3282.01,B2025Q1-03
UCS-CRE-2025Q1-0062,US Card Services,Credit Card,2025Q1,7709.59,B2025Q1-03
UCS-CRE-2025Q1-0063,US Card Services,Credit Card,2025Q1,2633.86,B2025Q1-03
UCS-CRE-2025Q1-0064,US Card Services,Credit Card,2025Q1,2772.56,B2025Q1-03
UCS-CRE-2025Q1-0065,US Card Services,Credit Card,2025Q1,7778.13,B2025Q1-03
UCS-CRE-2025Q1-0066,US Card Services,Credit Card,2025Q1,4404.0,B2025Q1-03
UCS-CRE-2025Q1-0067,US Card Services,Credit Card,2025Q1,1861.01,B2025Q1-03
UCS-CRE-2025Q1-0068,US Card Services,Credit Card,2025Q1,2312.48,B2025Q1-03
UCS-CRE-2025Q1-0069,US Card Services,Credit Card,2025Q1,3243.71,B2025Q1-03
UCS-CRE-2025Q1-0070,US Card Services,Credit Card,2025Q1,1620.72,B2025Q1-03
UCS-CRE-2025Q1-0071,US Card Services,Credit Card,2025Q1,1538.72,B2025Q1-03
UCS-CRE-2025Q1-0072,US Card Services,Credit Card,2025Q1,3672.48,B2025Q1-03
UCS-CRE-2025Q1-0073,US Card Services,Credit Card,2025Q1,3607.83,B2025Q1-03
UCS-CRE-2025Q1-0074,US Card Services,Credit Card,2025Q1,3442.16,B2025Q1-03
UCS-CRE-2025Q1-0075,US Card Services,Credit Card,2025Q1,3696.24,B2025Q1-04
UCS-CRE-2025Q1-0076,US Card Services,Credit Card,2025Q1,3159.37,B2025Q1-04
UCS-CRE-2025Q1-0077,US Card Services,Credit Card,2025Q1,2595.22,B2025Q1-04
UCS-CRE-2025Q1-0078,US Card Services,Credit Card,2025Q1,2465.44,B2025Q1-04
UCS-CRE-2025Q1-0079,US Card Services,Credit Card,2025Q1,1870.29,B2025Q1-04
UCS-CRE-2025Q1-0080,US Card Services,Credit Card,2025Q1,1956.91,B2025Q1-04
UCS-CRE-2025Q1-0081,US Card Services,Credit Card,2025Q1,4119.51,B2025Q1-04
UCS-CRE-2025Q1-0082,US Card Services,Credit Card,2025Q1,1657.91,B2025Q1-04
UCS-CRE-2025Q1-0083,US Card Services,Credit Card,2025Q1,4147.19,B2025Q1-04
UCS-CRE-2025Q1-0084,US Card Services,Credit Card,2025Q1,2886.83,B2025Q1-04
UCS-CRE-2025Q1-0085,US Card Services,Credit Card,2025Q1,5772.63,B2025Q1-04
UCS-CRE-2025Q1-0086,US Card Services,Credit Card,2025Q1,3590.99,B2025Q1-04
UCS-CRE-2025Q1-0087,US Card Services,Credit Card,2025Q1,2983.7,B2025Q1-04
UCS-CRE-2025Q1-0088,US Card Services,Credit Card,2025Q1,4546.71,B2025Q1-04
UCS-CRE-2025Q1-0089,US Card Services,Credit Card,2025Q1,5253.1,B2025Q1-04
UCS-CRE-2025Q1-0090,US Card Services,Credit Card,2025Q1,14105.38,B2025Q1-04
UCS-CRE-2025Q1-0091,US Card Services,Credit Card,2025Q1,2547.62,B2025Q1-04
UCS-CRE-2025Q1-0092,US Card Services,Credit Card,2025Q1,14727.13,B2025Q1-04
UCS-CRE-2025Q1-0093,US Card Services,Credit Card,2025Q1,5958.7,B2025Q1-04
UCS-CRE-2025Q1-0094,US Card Services,Credit Card,2025Q1,7599.24,B2025Q1-04
UCS-CRE-2025Q1-0095,US Card Services,Credit Card,2025Q1,2739.71,B2025Q1-04
UCS-CRE-2025Q1-0096,US Card Services,Credit Card,2025Q1,4506.37,B2025Q1-04
UCS-CRE-2025Q1-0097,US Card Services,Credit Card,2025Q1,5842.94,B2025Q1-04
UCS-CRE-2025Q1-0098,US Card Services,Credit Card,2025Q1,3351.37,B2025Q1-04
UCS-CRE-2025Q1-0099,US Card Services,Credit Card,2025Q1,9900.04,B2025Q1-04
UCS-CRE-2025Q1-0100,US Card Services,Credit Card,2025Q1,6303.26,B2025Q1-05
UCS-CRE-2025Q1-0101,US Card Services,Credit Card,2025Q1,5257.31,B2025Q1-05
UCS-CRE-2025Q1-0102,US Card Services,Credit Card,2025Q1,13991.61,B2025Q1-05
UCS-CRE-2025Q1-0103,US Card Services,Credit Card,2025Q1,1760.41,B2025Q1-05
UCS-CRE-2025Q1-0104,US Card Services,Credit Card,2025Q1,4232.14,B2025Q1-05
UCS-CRE-2025Q1-0105,US Card Services,Credit Card,2025Q1,2232.49,B2025Q1-05
UCS-CRE-2025Q1-0106,US Card Services,Credit Card,2025Q1,1829.0,B2025Q1-05
UCS-CRE-2025Q1-0107,US Card Services,Credit Card,2025Q1,4012.68,B2025Q1-05
UCS-CRE-2025Q1-0108,US Card Services,Credit Card,2025Q1,4529.8,B2025Q1-05
UCS-CRE-2025Q1-0109,US Card Services,Credit Card,2025Q1,4966.69,B2025Q1-05
UCS-CRE-2025Q1-0110,US Card Services,Credit Card,2025Q1,2534.89,B2025Q1-05
UCS-CRE-2025Q1-0111,US Card Services,Credit Card,2025Q1,2635.96,B2025Q1-05
UCS-CRE-2025Q1-0112,US Card Services,Credit Card,2025Q1,2271.45,B2025Q1-05
UCS-CRE-2025Q1-0113,US Card Services,Credit Card,2025Q1,5404.57,B2025Q1-05
UCS-CRE-2025Q1-0114,US Card Services,Credit Card,2025Q1,2022.54,B2025Q1-05
UCS-CRE-2025Q1-0115,US Card Services,Credit Card,2025Q1,2302.67,B2025Q1-05
UCS-CRE-2025Q1-0116,US Card Services,Credit Card,2025Q1,1658.52,B2025Q1-05
UCS-CRE-2025Q1-0117,US Card Services,Credit Card,2025Q1,2705.64,B2025Q1-05
UCS-CRE-2025Q1-0118,US Card Services,Credit Card,2025Q1,8605.55,B2025Q1-05
UCS-CRE-2025Q1-0119,US Card Services,Credit Card,2025Q1,7224.07,B2025Q1-05
UCS-CRE-2025Q1-0120,US Card Services,Credit Card,2025Q1,2130.95,B2025Q1-05
UCS-CRE-2025Q1-0121,US Card Services,Credit Card,2025Q1,2696.87,B2025Q1-05
UCS-CRE-2025Q1-0122,US Card Services,Credit Card,2025Q1,4075.18,B2025Q1-05
UCS-CRE-2025Q1-0123,US Card Services,Credit Card,2025Q1,7796.08,B2025Q1-05
UCS-CRE-2025Q1-0124,US Card Services,Credit Card,2025Q1,2013.28,B2025Q1-05
UCS-CRE-2025Q1-0125,US Card Services,Credit Card,2025Q1,3880.95,B2025Q1-06
UCS-CRE-2025Q1-0126,US Card Services,Credit Card,2025Q1,1763.6,B2025Q1-06
UCS-CRE-2025Q1-0127,US Card Services,Credit Card,2025Q1,3085.36,B2025Q1-06
UCS-CRE-2025Q1-0128,US Card Services,Credit Card,2025Q1,10945.43,B2025Q1-06
UCS-CRE-2025Q1-0129,US Card Services,Credit Card,2025Q1,5033.65,B2025Q1-06
UCS-CRE-2025Q1-0130,US Card Services,Credit Card,2025Q1,9037.86,B2025Q1-06
UCS-CRE-2025Q1-0131,US Card Services,Credit Card,2025Q1,6404.25,B2025Q1-06
UCS-CRE-2025Q1-0132,US Card Services,Credit Card,2025Q1,5566.64,B2025Q1-06
UCS-CRE-2025Q1-0133,US Card Services,Credit Card,2025Q1,2408.74,B2025Q1-06
UCS-CRE-2025Q1-0134,US Card Services,Credit Card,2025Q1,5737.28,B2025Q1-06
UCS-CRE-2025Q1-0135,US Card Services,Credit Card,2025Q1,5446.33,B2025Q1-06
UCS-CRE-2025Q1-0136,US Card Services,Credit Card,2025Q1,2229.84,B2025Q1-06
UCS-CRE-2025Q1-0137,US Card Services,Credit Card,2025Q1,6935.58,B2025Q1-06
UCS-CRE-2025Q1-0138,US Card Services,Credit Card,2025Q1,7000.23,B2025Q1-06
UCS-CRE-2025Q1-0139,US Card Services,Credit Card,2025Q1,7446.5,B2025Q1-06
UCS-CRE-2025Q1-0140,US Card Services,Credit Card,2025Q1,1543.32,B2025Q1-06
UCS-CRE-2025Q1-0141,US Card Services,Credit Card,2025Q1,2326.72,B2025Q1-06
UCS-CRE-2025Q1-0142,US Card Services,Credit Card,2025Q1,4337.58,B2025Q1-06
UCS-CRE-2025Q1-0143,US Card Services,Credit Card,2025Q1,5217.74,B2025Q1-06
UCS-CRE-2025Q1-0144,US Card Services,Credit Card,2025Q1,1567.98,B2025Q1-06
UCS-CRE-2025Q1-0145,US Card Services,Credit Card,2025Q1,3756.63,B2025Q1-06
UCS-CRE-2025Q1-0146,US Card Services,Credit Card,2025Q1,1684.07,B2025Q1-06
UCS-CRE-2025Q1-0147,US Card Services,Credit Card,2025Q1,2198.14,B2025Q1-06
UCS-CRE-2025Q1-0148,US Card Services,Credit Card,2025Q1,3290.53,B2025Q1-06
UCS-CRE-2025Q1-0149,US Card Services,Credit Card,2025Q1,2502.29,B2025Q1-06
UCS-CRE-2025Q2-0000,US Card Services,Credit Card,2025Q2,9576.47,B2025Q2-01
UCS-CRE-2025Q2-0001,US Card Services,Credit Card,2025Q2,3442.29,B2025Q2-01
UCS-CRE-2025Q2-0002,US Card Services,Credit Card,2025Q2,14703.64,B2025Q2-01
UCS-CRE-2025Q2-0003,US Card Services,Credit Card,2025Q2,5518.67,B2025Q2-01
UCS-CRE-2025Q2-0004,US Card Services,Credit Card,2025Q2,4344.69,B2025Q2-01
UCS-CRE-2025Q2-0005,US Card Services,Credit Card,2025Q2,2376.42,B2025Q2-01
UCS-CRE-2025Q2-0006,US Card Services,Credit Card,2025Q2,10047.93,B2025Q2-01
UCS-CRE-2025Q2-0007,US Card Services,Credit Card,2025Q2,1771.52,B2025Q2-01
UCS-CRE-2025Q2-0008,US Card Services,Credit Card,2025Q2,5564.69,B2025Q2-01
UCS-CRE-2025Q2-0009,US Card Services,Credit Card,2025Q2,5215.89,B2025Q2-01
UCS-CRE-2025Q2-0010,US Card Services,Credit Card,2025Q2,5029.05,B2025Q2-01
UCS-CRE-2025Q2-0011,US Card Services,Credit Card,2025Q2,3146.74,B2025Q2-01
UCS-CRE-2025Q2-0012,US Card Services,Credit Card,2025Q2,2425.35,B2025Q2-01
UCS-CRE-2025Q2-0013,US Card Services,Credit Card,2025Q2,3540.02,B2025Q2-01
UCS-CRE-2025Q2-0014,US Card Services,Credit Card,2025Q2,1923.02,B2025Q2-01
UCS-CRE-2025Q2-0015,US Card Services,Credit Card,2025Q2,3785.25,B2025Q2-01
UCS-CRE-2025Q2-0016,US Card Services,Credit Card,2025Q2,2370.51,B2025Q2-01
UCS-CRE-2025Q2-0017,US Card Services,Credit Card,2025Q2,2386.25,B2025Q2-01
UCS-CRE-2025Q2-0018,US Card Services,Credit Card,2025Q2,3196.11,B2025Q2-01
UCS-CRE-2025Q2-0019,US Card Services,Credit Card,2025Q2,8947.06,B2025Q2-01
UCS-CRE-2025Q2-0020,US Card Services,Credit Card,2025Q2,5902.17,B2025Q2-01
UCS-CRE-2025Q2-0021,US Card Services,Credit Card,2025Q2,3464.16,B2025Q2-01
UCS-CRE-2025Q2-0022,US Card Services,Credit Card,2025Q2,3292.06,B2025Q2-01
UCS-CRE-2025Q2-0023,US Card Services,Credit Card,2025Q2,3431.82,B2025Q2-01
UCS-CRE-2025Q2-0024,US Card Services,Credit Card,2025Q2,3090.88,B2025Q2-01
UCS-CRE-2025Q2-0025,US Card Services,Credit Card,2025Q2,7371.4,B2025Q2-02
UCS-CRE-2025Q2-0026,US Card Services,Credit Card,2025Q2,5352.37,B2025Q2-02
UCS-CRE-2025Q2-0027,US Card Services,Credit Card,2025Q2,8130.03,B2025Q2-02
UCS-CRE-2025Q2-0028,US Card Services,Credit Card,2025Q2,3616.27,B2025Q2-02
UCS-CRE-2025Q2-0029,US Card Services,Credit Card,2025Q2,5722.21,B2025Q2-02
UCS-CRE-2025Q2-0030,US Card Services,Credit Card,2025Q2,3390.44,B2025Q2-02
UCS-CRE-2025Q2-0031,US Card Services,Credit Card,2025Q2,5297.69,B2025Q2-02
UCS-CRE-2025Q2-0032,US Card Services,Credit Card,2025Q2,3195.64,B2025Q2-02
UCS-CRE-2025Q2-0033,US Card Services,Credit Card,2025Q2,3920.5,B2025Q2-02
UCS-CRE-2025Q2-0034,US Card Services,Credit Card,2025Q2,7245.33,B2025Q2-02
UCS-CRE-2025Q2-0035,US Card Services,Credit Card,2025Q2,4144.17,B2025Q2-02
UCS-CRE-2025Q2-0036,US Card Services,Credit Card,2025Q2,3802.87,B2025Q2-02
UCS-CRE-2025Q2-0037,US Card Services,Credit Card,2025Q2,5898.97,B2025Q2-02
UCS-CRE-2025Q2-0038,US Card Services,Credit Card,2025Q2,2674.78,B2025Q2-02
UCS-CRE-2025Q2-0039,US Card Services,Credit Card,2025Q2,2327.73,B2025Q2-02
UCS-CRE-2025Q2-0040,US Card Services,Credit Card,2025Q2,2374.11,B2025Q2-02
UCS-CRE-2025Q2-0041,US Card Services,Credit Card,2025Q2,3521.55,B2025Q2-02
UCS-CRE-2025Q2-0042,US Card Services,Credit Card,2025Q2,2177.02,B2025Q2-02
UCS-CRE-2025Q2-0043,US Card Services,Credit Card,2025Q2,2125.46,B2025Q2-02
UCS-CRE-2025Q2-0044,US Card Services,Credit Card,2025Q2,6334.77,B2025Q2-02
UCS-CRE-2025Q2-0045,US Card Services,Credit Card,2025Q2,7591.07,B2025Q2-02
UCS-CRE-2025Q2-0046,US Card Services,Credit Card,2025Q2,6359.73,B2025Q2-02
UCS-CRE-2025Q2-0047,US Card Services,Credit Card,2025Q2,6828.01,B2025Q2-02
UCS-CRE-2025Q2-0048,US Card Services,Credit Card,2025Q2,3387.61,B2025Q2-02
UCS-CRE-2025Q2-0049,US Card Services,Credit Card,2025Q2,3060.37,B2025Q2-02
UCS-CRE-2025Q2-0050,US Card Services,Credit Card,2025Q2,1096.81,B2025Q2-03
UCS-CRE-2025Q2-0051,US Card Services,Credit Card,2025Q2,3732.01,B2025Q2-03
UCS-CRE-2025Q2-0052,US Card Services,Credit Card,2025Q2,6493.71,B2025Q2-03
UCS-CRE-2025Q2-0053,US Card Services,Credit Card,2025Q2,8604.9,B2025Q2-03
UCS-CRE-2025Q2-0054,US Card Services,Credit Card,2025Q2,3561.56,B2025Q2-03
UCS-CRE-2025Q2-0055,US Card Services,Credit Card,2025Q2,5566.81,B2025Q2-03
UCS-CRE-2025Q2-0056,US Card Services,Credit Card,2025Q2,3947.99,B2025Q2-03
UCS-CRE-2025Q2-0057,US Card Services,Credit Card,2025Q2,1950.5,B2025Q2-03
UCS-CRE-2025Q2-0058,US Card Services,Credit Card,2025Q2,2386.8,B2025Q2-03
UCS-CRE-2025Q2-0059,US Card Services,Credit Card,2025Q2,3727.67,B2025Q2-03
UCS-CRE-2025Q2-0060,US Card Services,Credit Card,2025Q2,8954.56,B2025Q2-03
UCS-CRE-2025Q2-0061,US Card Services,Credit Card,2025Q2,3003.94,B2025Q2-03
UCS-CRE-2025Q2-0062,US Card Services,Credit Card,2025Q2,4395.01,B2025Q2-03
UCS-CRE-2025Q2-0063,US Card Services,Credit Card,2025Q2,7735.96,B2025Q2-03
UCS-CRE-2025Q2-0064,US Card Services,Credit Card,2025Q2,5893.68,B2025Q2-03
UCS-CRE-2025Q2-0065,US Card Services,Credit Card,2025Q2,1505.82,B2025Q2-03
UCS-CRE-2025Q2-0066,US Card Services,Credit Card,2025Q2,2944.22,B2025Q2-03
UCS-CRE-2025Q2-0067,US Card Services,Credit Card,2025Q2,983.8,B2025Q2-03
UCS-CRE-2025Q2-0068,US Card Services,Credit Card,2025Q2,3106.41,B2025Q2-03
UCS-CRE-2025Q2-0069,US Card Services,Credit Card,2025Q2,6830.5,B2025Q2-03
UCS-CRE-2025Q2-0070,US Card Services,Credit Card,2025Q2,6518.85,B2025Q2-03
UCS-CRE-2025Q2-0071,US Card Services,Credit Card,2025Q2,3119.34,B2025Q2-03
UCS-CRE-2025Q2-0072,US Card Services,Credit Card,2025Q2,4870.39,B2025Q2-03
UCS-CRE-2025Q2-0073,US Card Services,Credit Card,2025Q2,1816.19,B2025Q2-03
UCS-CRE-2025Q2-0074,US Card Services,Credit Card,2025Q2,2130.13,B2025Q2-03
UCS-CRE-2025Q2-0075,US Card Services,Credit Card,2025Q2,4336.91,B2025Q2-04
UCS-CRE-2025Q2-0076,US Card Services,Credit Card,2025Q2,4050.81,B2025Q2-04
UCS-CRE-2025Q2-0077,US Card Services,Credit Card,2025Q2,5248.57,B2025Q2-04
UCS-CRE-2025Q2-0078,US Card Services,Credit Card,2025Q2,8771.08,B2025Q2-04
UCS-CRE-2025Q2-0079,US Card Services,Credit Card,2025Q2,5133.36,B2025Q2-04
UCS-CRE-2025Q2-0080,US Card Services,Credit Card,2025Q2,3520.07,B2025Q2-04
UCS-CRE-2025Q2-0081,US Card Services,Credit Card,2025Q2,12621.95,B2025Q2-04
UCS-CRE-2025Q2-0082,US Card Services,Credit Card,2025Q2,3900.92,B2025Q2-04
UCS-CRE-2025Q2-0083,US Card Services,Credit Card,2025Q2,4110.99,B2025Q2-04
UCS-CRE-2025Q2-0084,US Card Services,Credit Card,2025Q2,7586.06,B2025Q2-04
UCS-CRE-2025Q2-0085,US Card Services,Credit Card,2025Q2,6271.99,B2025Q2-04
UCS-CRE-2025Q2-0086,US Card Services,Credit Card,2025Q2,6122.1,B2025Q2-04
UCS-CRE-2025Q2-0087,US Card Services,Credit Card,2025Q2,14862.77,B2025Q2-04
UCS-CRE-2025Q2-0088,US Card Services,Credit Card,2025Q2,6705.45,B2025Q2-04
UCS-CRE-2025Q2-0089,US Card Services,Credit Card,2025Q2,3807.37,B2025Q2-04
UCS-CRE-2025Q2-0090,US Card Services,Credit Card,2025Q2,3511.32,B2025Q2-04
UCS-CRE-2025Q2-0091,US Card Services,Credit Card,2025Q2,2396.96,B2025Q2-04
UCS-CRE-2025Q2-0092,US Card Services,Credit Card,2025Q2,3711.22,B2025Q2-04
UCS-CRE-2025Q2-0093,US Card Services,Credit Card,2025Q2,5502.19,B2025Q2-04
UCS-CRE-2025Q2-0094,US Card Services,Credit Card,2025Q2,2255.8,B2025Q2-04
UCS-CRE-2025Q2-0095,US Card Services,Credit Card,2025Q2,3846.4,B2025Q2-04
UCS-CRE-2025Q2-0096,US Card Services,Credit Card,2025Q2,1430.65,B2025Q2-04
UCS-CRE-2025Q2-0097,US Card Services,Credit Card,2025Q2,8942.7,B2025Q2-04
UCS-CRE-2025Q2-0098,US Card Services,Credit Card,2025Q2,5638.67,B2025Q2-04
UCS-CRE-2025Q2-0099,US Card Services,Credit Card,2025Q2,1985.38,B2025Q2-04
UCS-CRE-2025Q2-0100,US Card Services,Credit Card,2025Q2,5575.82,B2025Q2-05
UCS-CRE-2025Q2-0101,US Card Services,Credit Card,2025Q2,12070.86,B2025Q2-05
UCS-CRE-2025Q2-0102,US Card Services,Credit Card,2025Q2,3525.54,B2025Q2-05
UCS-CRE-2025Q2-0103,US Card Services,Credit Card,2025Q2,584.59,B2025Q2-05
UCS-CRE-2025Q2-0104,US Card Services,Credit Card,2025Q2,1863.55,B2025Q2-05
UCS-CRE-2025Q2-0105,US Card Services,Credit Card,2025Q2,4845.01,B2025Q2-05
UCS-CRE-2025Q2-0106,US Card Services,Credit Card,2025Q2,3863.91,B2025Q2-05
UCS-CRE-2025Q2-0107,US Card Services,Credit Card,2025Q2,3053.58,B2025Q2-05
UCS-CRE-2025Q2-0108,US Card Services,Credit Card,2025Q2,4112.05,B2025Q2-05
UCS-CRE-2025Q2-0109,US Card Services,Credit Card,2025Q2,10293.05,B2025Q2-05
UCS-CRE-2025Q2-0110,US Card Services,Credit Card,2025Q2,2465.6,B2025Q2-05
UCS-CRE-2025Q2-0111,US Card Services,Credit Card,2025Q2,2322.05,B2025Q2-05
UCS-CRE-2025Q2-0112,US Card Services,Credit Card,2025Q2,6837.24,B2025Q2-05
UCS-CRE-2025Q2-0113,US Card Services,Credit Card,2025Q2,3572.24,B2025Q2-05
UCS-CRE-2025Q2-0114,US Card Services,Credit Card,2025Q2,3971.86,B2025Q2-05
UCS-CRE-2025Q2-0115,US Card Services,Credit Card,2025Q2,3093.84,B2025Q2-05
UCS-CRE-2025Q2-0116,US Card Services,Credit Card,2025Q2,3781.43,B2025Q2-05
UCS-CRE-2025Q2-0117,US Card Services,Credit Card,2025Q2,3815.24,B2025Q2-05
UCS-CRE-2025Q2-0118,US Card Services,Credit Card,2025Q2,6520.65,B2025Q2-05
UCS-CRE-2025Q2-0119,US Card Services,Credit Card,2025Q2,4376.51,B2025Q2-05
UCS-CRE-2025Q2-0120,US Card Services,Credit Card,2025Q2,6344.6,B2025Q2-05
UCS-CRE-2025Q2-0121,US Card Services,Credit Card,2025Q2,4129.3,B2025Q2-05
UCS-CRE-2025Q2-0122,US Card Services,Credit Card,2025Q2,2605.57,B2025Q2-05
UCS-CRE-2025Q2-0123,US Card Services,Credit Card,2025Q2,3001.56,B2025Q2-05
UCS-CRE-2025Q2-0124,US Card Services,Credit Card,2025Q2,4229.54,B2025Q2-05
UCS-CRE-2025Q2-0125,US Card Services,Credit Card,2025Q2,3301.31,B2025Q2-06
UCS-CRE-2025Q2-0126,US Card Services,Credit Card,2025Q2,1689.45,B2025Q2-06
UCS-CRE-2025Q2-0127,US Card Services,Credit Card,2025Q2,1856.58,B2025Q2-06
UCS-CRE-2025Q2-0128,US Card Services,Credit Card,2025Q2,4172.91,B2025Q2-06
UCS-CRE-2025Q2-0129,US Card Services,Credit Card,2025Q2,6044.29,B2025Q2-06
UCS-CRE-2025Q2-0130,US Card Services,Credit Card,2025Q2,2102.32,B2025Q2-06
UCS-CRE-2025Q2-0131,US Card Services,Credit Card,2025Q2,5121.85,B2025Q2-06
UCS-CRE-2025Q2-0132,US Card Services,Credit Card,2025Q2,6345.27,B2025Q2-06
UCS-CRE-2025Q2-0133,US Card Services,Credit Card,2025Q2,6225.17,B2025Q2-06
UCS-CRE-2025Q2-0134,US Card Services,Credit Card,2025Q2,8025.31,B2025Q2-06
UCS-CRE-2025Q2-0135,US Card Services,Credit Card,2025Q2,7923.69,B2025Q2-06
UCS-CRE-2025Q2-0136,US Card Services,Credit Card,2025Q2,1353.6,B2025Q2-06
UCS-CRE-2025Q2-0137,US Card Services,Credit Card,2025Q2,3812.93,B2025Q2-06
UCS-CRE-2025Q2-0138,US Card Services,Credit Card,2025Q2,3045.6,B2025Q2-06
UCS-CRE-2025Q2-0139,US Card Services,Credit Card,2025Q2,10128.3,B2025Q2-06
UCS-CRE-2025Q2-0140,US Card Services,Credit Card,2025Q2,1158.55,B2025Q2-06
UCS-CRE-2025Q2-0141,US Card Services,Credit Card,2025Q2,6134.14,B2025Q2-06
UCS-CRE-2025Q2-0142,US Card Services,Credit Card,2025Q2,3876.25,B2025Q2-06
UCS-CRE-2025Q2-0143,US Card Services,Credit Card,2025Q2,2228.04,B2025Q2-06
UCS-CRE-2025Q2-0144,US Card Services,Credit Card,2025Q2,8485.77,B2025Q2-06
UCS-PER-2025Q1-0000,US Card Services,Personal Loan,2025Q1,12674.77,B2025Q1-01
UCS-PER-2025Q1-0001,US Card Services,Personal Loan,2025Q1,17295.52,B2025Q1-01
UCS-PER-2025Q1-0002,US Card Services,Personal Loan,2025Q1,15989.58,B2025Q1-01
UCS-PER-2025Q1-0003,US Card Services,Personal Loan,2025Q1,11286.99,B2025Q1-01
UCS-PER-2025Q1-0004,US Card Services,Personal Loan,2025Q1,15562.16,B2025Q1-01
UCS-PER-2025Q1-0005,US Card Services,Personal Loan,2025Q1,3757.03,B2025Q1-01
UCS-PER-2025Q1-0006,US Card Services,Personal Loan,2025Q1,7624.32,B2025Q1-01
UCS-PER-2025Q1-0007,US Card Services,Personal Loan,2025Q1,17350.67,B2025Q1-01
UCS-PER-2025Q1-0008,US Card Services,Personal Loan,2025Q1,4568.24,B2025Q1-01
UCS-PER-2025Q1-0009,US Card Services,Personal Loan,2025Q1,4042.26,B2025Q1-01
UCS-PER-2025Q1-0010,US Card Services,Personal Loan,2025Q1,8935.6,B2025Q1-01
UCS-PER-2025Q1-0011,US Card Services,Personal Loan,2025Q1,16947.38,B2025Q1-01
UCS-PER-2025Q1-0012,US Card Services,Personal Loan,2025Q1,41617.76,B2025Q1-01
UCS-PER-2025Q1-0013,US Card Services,Personal Loan,2025Q1,20741.86,B2025Q1-01
UCS-PER-2025Q1-0014,US Card Services,Personal Loan,2025Q1,20178.49,B2025Q1-01
UCS-PER-2025Q1-0015,US Card Services,Personal Loan,2025Q1,5274.03,B2025Q1-01
UCS-PER-2025Q1-0016,US Card Services,Personal Loan,2025Q1,18119.73,B2025Q1-01
UCS-PER-2025Q1-0017,US Card Services,Personal Loan,2025Q1,8783.93,B2025Q1-01
UCS-PER-2025Q1-0018,US Card Services,Personal Loan,2025Q1,16514.12,B2025Q1-01
UCS-PER-2025Q1-0019,US Card Services,Personal Loan,2025Q1,7053.38,B2025Q1-01
UCS-PER-2025Q1-0020,US Card Services,Personal Loan,2025Q1,6735.45,B2025Q1-01
UCS-PER-2025Q1-0021,US Card Services,Personal Loan,2025Q1,4477.7,B2025Q1-01
UCS-PER-2025Q1-0022,US Card Services,Personal Loan,2025Q1,9513.25,B2025Q1-01
UCS-PER-2025Q1-0023,US Card Services,Personal Loan,2025Q1,18006.98,B2025Q1-01
UCS-PER-2025Q1-0024,US Card Services,Personal Loan,2025Q1,18282.79,B2025Q1-01
UCS-PER-2025Q1-0025,US Card Services,Personal Loan,2025Q1,13421.73,B2025Q1-02
UCS-PER-2025Q1-0026,US Card Services,Personal Loan,2025Q1,11736.17,B2025Q1-02
UCS-PER-2025Q1-0027,US Card Services,Personal Loan,2025Q1,25349.29,B2025Q1-02
UCS-PER-2025Q1-0028,US Card Services,Personal Loan,2025Q1,4622.04,B2025Q1-02
UCS-PER-2025Q1-0029,US Card Services,Personal Loan,2025Q1,6620.38,B2025Q1-02
UCS-PER-2025Q1-0030,US Card Services,Personal Loan,2025Q1,9374.2,B2025Q1-02
UCS-PER-2025Q1-0031,US Card Services,Personal Loan,2025Q1,29416.13,B2025Q1-02
UCS-PER-2025Q1-0032,US Card Services,Personal Loan,2025Q1,11649.78,B2025Q1-02
UCS-PER-2025Q1-0033,US Card Services,Personal Loan,2025Q1,14136.5,B2025Q1-02
UCS-PER-2025Q1-0034,US Card Services,Personal Loan,2025Q1,5199.62,B2025Q1-02
UCS-PER-2025Q1-0035,US Card Services,Personal Loan,2025Q1,7341.2,B2025Q1-02
UCS-PER-2025Q1-0036,US Card Services,Personal Loan,2025Q1,11296.87,B2025Q1-02
UCS-PER-2025Q1-0037,US Card Services,Personal Loan,2025Q1,12968.39,B2025Q1-02
UCS-PER-2025Q1-0038,US Card Services,Personal Loan,2025Q1,6376.53,B2025Q1-02
UCS-PER-2025Q1-0039,US Card Services,Personal Loan,2025Q1,32598.96,B2025Q1-02
UCS-PER-2025Q1-0040,US Card Services,Personal Loan,2025Q1,8821.3,B2025Q1-02
UCS-PER-2025Q1-0041,US Card Services,Personal Loan,2025Q1,6569.19,B2025Q1-02
UCS-PER-2025Q1-0042,US Card Services,Personal Loan,2025Q1,25829.36,B2025Q1-02
UCS-PER-2025Q1-0043,US Card Services,Personal Loan,2025Q1,13685.85,B2025Q1-02
UCS-PER-2025Q1-0044,US Card Services,Personal Loan,2025Q1,6642.44,B2025Q1-02
UCS-PER-2025Q1-0045,US Card Services,Personal Loan,2025Q1,20511.02,B2025Q1-02
UCS-PER-2025Q1-0046,US Card Services,Personal Loan,2025Q1,10122.36,B2025Q1-02
UCS-PER-2025Q1-0047,US Card Services,Personal Loan,2025Q1,8128.91,B2025Q1-02
UCS-PER-2025Q1-0048,US Card Services,Personal Loan,2025Q1,9509.74,B2025Q1-02
UCS-PER-2025Q1-0049,US Card Services,Personal Loan,2025Q1,18335.67,B2025Q1-02
UCS-PER-2025Q1-0050,US Card Services,Personal Loan,2025Q1,5249.71,B2025Q1-03
UCS-PER-2025Q1-0051,US Card Services,Personal Loan,2025Q1,10201.79,B2025Q1-03
UCS-PER-2025Q1-0052,US Card Services,Personal Loan,2025Q1,7723.05,B2025Q1-03
UCS-PER-2025Q1-0053,US Card Services,Personal Loan,2025Q1,7084.36,B2025Q1-03
UCS-PER-2025Q1-0054,US Card Services,Personal Loan,2025Q1,9730.53,B2025Q1-03
UCS-PER-2025Q1-0055,US Card Services,Personal Loan,2025Q1,13633.5,B2025Q1-03
UCS-PER-2025Q1-0056,US Card Services,Personal Loan,2025Q1,8622.52,B2025Q1-03
UCS-PER-2025Q1-0057,US Card Services,Personal Loan,2025Q1,15439.16,B2025Q1-03
UCS-PER-2025Q1-0058,US Card Services,Personal Loan,2025Q1,10977.15,B2025Q1-03
UCS-PER-2025Q1-0059,US Card Services,Personal Loan,2025Q1,5720.62,B2025Q1-03
UCS-PER-2025Q1-0060,US Card Services,Personal Loan,2025Q1,20170.35,B2025Q1-03
UCS-PER-2025Q1-0061,US Card Services,Personal Loan,2025Q1,6690.48,B2025Q1-03
UCS-PER-2025Q1-0062,US Card Services,Personal Loan,2025Q1,24362.03,B2025Q1-03
UCS-PER-2025Q1-0063,US Card Services,Personal Loan,2025Q1,7968.76,B2025Q1-03
UCS-PER-2025Q1-0064,US Card Services,Personal Loan,2025Q1,9206.69,B2025Q1-03
UCS-PER-2025Q1-0065,US Card Services,Personal Loan,2025Q1,8494.79,B2025Q1-03
UCS-PER-2025Q1-0066,US Card Services,Personal Loan,2025Q1,6505.49,B2025Q1-03
UCS-PER-2025Q1-0067,US Card Services,Personal Loan,2025Q1,30324.02,B2025Q1-03
UCS-PER-2025Q1-0068,US Card Services,Personal Loan,2025Q1,20031.38,B2025Q1-03
UCS-PER-2025Q1-0069,US Card Services,Personal Loan,2025Q1,8660.96,B2025Q1-03
UCS-PER-2025Q1-0070,US Card Services,Personal Loan,2025Q1,9579.5,B2025Q1-03
UCS-PER-2025Q1-0071,US Card Services,Personal Loan,2025Q1,10352.73,B2025Q1-03
UCS-PER-2025Q1-0072,US Card Services,Personal Loan,2025Q1,12075.12,B2025Q1-03
UCS-PER-2025Q1-0073,US Card Services,Personal Loan,2025Q1,13875.19,B2025Q1-03
UCS-PER-2025Q1-0074,US Card Services,Personal Loan,2025Q1,6943.78,B2025Q1-03
UCS-PER-2025Q1-0075,US Card Services,Personal Loan,2025Q1,12485.66,B2025Q1-04
UCS-PER-2025Q1-0076,US Card Services,Personal Loan,2025Q1,8510.6,B2025Q1-04
UCS-PER-2025Q1-0077,US Card Services,Personal Loan,2025Q1,14054.19,B2025Q1-04
UCS-PER-2025Q1-0078,US Card Services,Personal Loan,2025Q1,23501.67,B2025Q1-04
UCS-PER-2025Q1-0079,US Card Services,Personal Loan,2025Q1,13954.61,B2025Q1-04
UCS-PER-2025Q1-0080,US Card Services,Personal Loan,2025Q1,13270.7,B2025Q1-04
UCS-PER-2025Q1-0081,US Card Services,Personal Loan,2025Q1,5192.15,B2025Q1-04
UCS-PER-2025Q1-0082,US Card Services,Personal Loan,2025Q1,14401.83,B2025Q1-04
UCS-PER-2025Q1-0083,US Card Services,Personal Loan,2025Q1,6582.44,B2025Q1-04
UCS-PER-2025Q1-0084,US Card Services,Personal Loan,2025Q1,14494.75,B2025Q1-04
UCS-PER-2025Q1-0085,US Card Services,Personal Loan,2025Q1,16465.29,B2025Q1-04
UCS-PER-2025Q1-0086,US Card Services,Personal Loan,2025Q1,10008.54,B2025Q1-04
UCS-PER-2025Q1-0087,US Card Services,Personal Loan,2025Q1,4763.22,B2025Q1-04
UCS-PER-2025Q1-0088,US Card Services,Personal Loan,2025Q1,8446.27,B2025Q1-04
UCS-PER-2025Q1-0089,US Card Services,Personal Loan,2025Q1,7034.76,B2025Q1-04
UCS-PER-2025Q1-0090,US Card Services,Personal Loan,2025Q1,11713.61,B2025Q1-04
UCS-PER-2025Q1-0091,US Card Services,Personal Loan,2025Q1,9523.26,B2025Q1-04
UCS-PER-2025Q1-0092,US Card Services,Personal Loan,2025Q1,13165.17,B2025Q1-04
UCS-PER-2025Q1-0093,US Card Services,Personal Loan,2025Q1,16611.64,B2025Q1-04
UCS-PER-2025Q1-0094,US Card Services,Personal Loan,2025Q1,8289.29,B2025Q1-04
UCS-PER-2025Q1-0095,US Card Services,Personal Loan,2025Q1,7434.69,B2025Q1-04
UCS-PER-2025Q1-0096,US Card Services,Personal Loan,2025Q1,2455.69,B2025Q1-04
UCS-PER-2025Q1-0097,US Card Services,Personal Loan,2025Q1,9351.47,B2025Q1-04
UCS-PER-2025Q1-0098,US Card Services,Personal Loan,2025Q1,10322.8,B2025Q1-04
UCS-PER-2025Q1-0099,US Card Services,Personal Loan,2025Q1,18120.89,B2025Q1-04
UCS-PER-2025Q1-0100,US Card Services,Personal Loan,2025Q1,9576.54,B2025Q1-05
UCS-PER-2025Q1-0101,US Card Services,Personal Loan,2025Q1,17266.68,B2025Q1-05
UCS-PER-2025Q1-0102,US Card Services,Personal Loan,2025Q1,25403.43,B2025Q1-05
UCS-PER-2025Q1-0103,US Card Services,Personal Loan,2025Q1,17981.88,B2025Q1-05
UCS-PER-2025Q2-0000,US Card Services,Personal Loan,2025Q2,18143.13,B2025Q2-01
UCS-PER-2025Q2-0001,US Card Services,Personal Loan,2025Q2,11067.17,B2025Q2-01
UCS-PER-2025Q2-0002,US Card Services,Personal Loan,2025Q2,13712.12,B2025Q2-01
UCS-PER-2025Q2-0003,US Card Services,Personal Loan,2025Q2,2563.5,B2025Q2-01
UCS-PER-2025Q2-0004,US Card Services,Personal Loan,2025Q2,16588.8,B2025Q2-01
UCS-PER-2025Q2-0005,US Card Services,Personal Loan,2025Q2,18853.68,B2025Q2-01
UCS-PER-2025Q2-0006,US Card Services,Personal Loan,2025Q2,17661.44,B2025Q2-01
UCS-PER-2025Q2-0007,US Card Services,Personal Loan,2025Q2,7026.52,B2025Q2-01
UCS-PER-2025Q2-0008,US Card Services,Personal Loan,2025Q2,11688.69,B2025Q2-01
UCS-PER-2025Q2-0009,US Card Services,Personal Loan,2025Q2,11478.32,B2025Q2-01
UCS-PER-2025Q2-0010,US Card Services,Personal Loan,2025Q2,10471.05,B2025Q2-01
UCS-PER-2025Q2-0011,US Card Services,Personal Loan,2025Q2,4853.97,B2025Q2-01
UCS-PER-2025Q2-0012,US Card Services,Personal Loan,2025Q2,15290.69,B2025Q2-01
UCS-PER-2025Q2-0013,US Card Services,Personal Loan,2025Q2,12963.57,B2025Q2-01
UCS-PER-2025Q2-0014,US Card Services,Personal Loan,2025Q2,13557.81,B2025Q2-01
UCS-PER-2025Q2-0015,US Card Services,Personal Loan,2025Q2,32241.55,B2025Q2-01
UCS-PER-2025Q2-0016,US Card Services,Personal Loan,2025Q2,22035.11,B2025Q2-01
UCS-PER-2025Q2-0017,US Card Services,Personal Loan,2025Q2,9345.77,B2025Q2-01
UCS-PER-2025Q2-0018,US Card Services,Personal Loan,2025Q2,6683.02,B2025Q2-01
UCS-PER-2025Q2-0019,US Card Services,Personal Loan,2025Q2,11905.22,B2025Q2-01
UCS-PER-2025Q2-0020,US Card Services,Personal Loan,2025Q2,17364.76,B2025Q2-01
UCS-PER-2025Q2-0021,US Card Services,Personal Loan,2025Q2,26648.64,B2025Q2-01
UCS-PER-2025Q2-0022,US Card Services,Personal Loan,2025Q2,10501.42,B2025Q2-01
UCS-PER-2025Q2-0023,US Card Services,Personal Loan,2025Q2,17966.52,B2025Q2-01
UCS-PER-2025Q2-0024,US Card Services,Personal Loan,2025Q2,5660.98,B2025Q2-01
UCS-PER-2025Q2-0025,US Card Services,Personal Loan,2025Q2,16821.8,B2025Q2-02
UCS-PER-2025Q2-0026,US Card Services,Personal Loan,2025Q2,4405.38,B2025Q2-02
UCS-PER-2025Q2-0027,US Card Services,Personal Loan,2025Q2,6728.16,B2025Q2-02
UCS-PER-2025Q2-0028,US Card Services,Personal Loan,2025Q2,7625.9,B2025Q2-02
UCS-PER-2025Q2-0029,US Card Services,Personal Loan,2025Q2,17617.86,B2025Q2-02
UCS-PER-2025Q2-0030,US Card Services,Personal Loan,2025Q2,5082.3,B2025Q2-02
UCS-PER-2025Q2-0031,US Card Services,Personal Loan,2025Q2,3830.7,B2025Q2-02
UCS-PER-2025Q2-0032,US Card Services,Personal Loan,2025Q2,41811.18,B2025Q2-02
UCS-PER-2025Q2-0033,US Card Services,Personal Loan,2025Q2,6195.23,B2025Q2-02
UCS-PER-2025Q2-0034,US Card Services,Personal Loan,2025Q2,4728.06,B2025Q2-02
UCS-PER-2025Q2-0035,US Card Services,Personal Loan,2025Q2,7648.44,B2025Q2-02
UCS-PER-2025Q2-0036,US Card Services,Personal Loan,2025Q2,7488.92,B2025Q2-02
UCS-PER-2025Q2-0037,US Card Services,Personal Loan,2025Q2,15988.32,B2025Q2-02
UCS-PER-2025Q2-0038,US Card Services,Personal Loan,2025Q2,6558.52,B2025Q2-02
UCS-PER-2025Q2-0039,US Card Services,Personal Loan,2025Q2,21003.16,B2025Q2-02
UCS-PER-2025Q2-0040,US Card Services,Personal Loan,2025Q2,5515.21,B2025Q2-02
UCS-PER-2025Q2-0041,US Card Services,Personal Loan,2025Q2,11820.53,B2025Q2-02
UCS-PER-2025Q2-0042,US Card Services,Personal Loan,2025Q2,14049.8,B2025Q2-02
UCS-PER-2025Q2-0043,US Card Services,Personal Loan,2025Q2,23405.77,B2025Q2-02
UCS-PER-2025Q2-0044,US Card Services,Personal Loan,2025Q2,11485.15,B2025Q2-02
UCS-PER-2025Q2-0045,US Card Services,Personal Loan,2025Q2,8476.03,B2025Q2-02
UCS-PER-2025Q2-0046,US Card Services,Personal Loan,2025Q2,6755.16,B2025Q2-02
UCS-PER-2025Q2-0047,US Card Services,Personal Loan,2025Q2,12443.58,B2025Q2-02
UCS-PER-2025Q2-0048,US Card Services,Personal Loan,2025Q2,19075.86,B2025Q2-02
UCS-PER-2025Q2-0049,US Card Services,Personal Loan,2025Q2,20052.34,B2025Q2-02
UCS-PER-2025Q2-0050,US Card Services,Personal Loan,2025Q2,13203.02,B2025Q2-03
UCS-PER-2025Q2-0051,US Card Services,Personal Loan,2025Q2,7859.03,B2025Q2-03
UCS-PER-2025Q2-0052,US Card Services,Personal Loan,2025Q2,17653.92,B2025Q2-03
UCS-PER-2025Q2-0053,US Card Services,Personal Loan,2025Q2,13014.88,B2025Q2-03
UCS-PER-2025Q2-0054,US Card Services,Personal Loan,2025Q2,11329.56,B2025Q2-03
UCS-PER-2025Q2-0055,US Card Services,Personal Loan,2025Q2,10603.29,B2025Q2-03
UCS-PER-2025Q2-0056,US Card Services,Personal Loan,2025Q2,9865.96,B2025Q2-03
UCS-PER-2025Q2-0057,US Card Services,Personal Loan,2025Q2,11317.64,B2025Q2-03
UCS-PER-2025Q2-0058,US Card Services,Personal Loan,2025Q2,18264.7,B2025Q2-03
UCS-PER-2025Q2-0059,US Card Services,Personal Loan,2025Q2,10838.06,B2025Q2-03
UCS-PER-2025Q2-0060,US Card Services,Personal Loan,2025Q2,23574.27,B2025Q2-03
UCS-PER-2025Q2-0061,US Card Services,Personal Loan,2025Q2,9567.82,B2025Q2-03
UCS-PER-2025Q2-0062,US Card Services,Personal Loan,2025Q2,13202.1,B2025Q2-03
UCS-PER-2025Q2-0063,US Card Services,Personal Loan,2025Q2,1904.62,B2025Q2-03
UCS-PER-2025Q2-0064,US Card Services,Personal Loan,2025Q2,28906.9,B2025Q2-03
UCS-PER-2025Q2-0065,US Card Services,Personal Loan,2025Q2,12267.87,B2025Q2-03
UCS-PER-2025Q2-0066,US Card Services,Personal Loan,2025Q2,24528.43,B2025Q2-03
UCS-PER-2025Q2-0067,US Card Services,Personal Loan,2025Q2,10970.67,B2025Q2-03
UCS-PER-2025Q2-0068,US Card Services,Personal Loan,2025Q2,10262.01,B2025Q2-03
UCS-PER-2025Q2-0069,US Card Services,Personal Loan,2025Q2,4301.47,B2025Q2-03
UCS-PER-2025Q2-0070,US Card Services,Personal Loan,2025Q2,16787.65,B2025Q2-03
UCS-PER-2025Q2-0071,US Card Services,Personal Loan,2025Q2,8143.04,B2025Q2-03
UCS-PER-2025Q2-0072,US Card Services,Personal Loan,2025Q2,27924.35,B2025Q2-03
UCS-PER-2025Q2-0073,US Card Services,Personal Loan,2025Q2,14675.13,B2025Q2-03
UCS-PER-2025Q2-0074,US Card Services,Personal Loan,2025Q2,20221.41,B2025Q2-03
UCS-PER-2025Q2-0075,US Card Services,Personal Loan,2025Q2,4962.04,B2025Q2-04
UCS-PER-2025Q2-0076,US Card Services,Personal Loan,2025Q2,11567.7,B2025Q2-04
UCS-PER-2025Q2-0077,US Card Services,Personal Loan,2025Q2,8137.91,B2025Q2-04
UCS-PER-2025Q2-0078,US Card Services,Personal Loan,2025Q2,7051.14,B2025Q2-04
UCS-PER-2025Q2-0079,US Card Services,Personal Loan,2025Q2,11304.09,B2025Q2-04
UCS-PER-2025Q2-0080,US Card Services,Personal Loan,2025Q2,6011.91,B2025Q2-04
UCS-PER-2025Q2-0081,US Card Services,Personal Loan,2025Q2,12954.19,B2025Q2-04
UCS-PER-2025Q2-0082,US Card Services,Personal Loan,2025Q2,6448.86,B2025Q2-04
UCS-PER-2025Q2-0083,US Card Services,Personal Loan,2025Q2,12029.21,B2025Q2-04
UCS-PER-2025Q2-0084,US Card Services,Personal Loan,2025Q2,18097.76,B2025Q2-04
UCS-PER-2025Q2-0085,US Card Services,Personal Loan,2025Q2,4427.26,B2025Q2-04
UCS-PER-2025Q2-0086,US Card Services,Personal Loan,2025Q2,17996.55,B2025Q2-04
UCS-PER-2025Q2-0087,US Card Services,Personal Loan,2025Q2,25399.01,B2025Q2-04
UCS-PER-2025Q2-0088,US Card Services,Personal Loan,2025Q2,4496.21,B2025Q2-04
UCS-PER-2025Q2-0089,US Card Services,Personal Loan,2025Q2,16313.81,B2025Q2-04
UCS-PER-2025Q2-0090,US Card Services,Personal Loan,2025Q2,6573.61,B2025Q2-04
UCS-PER-2025Q2-0091,US Card Services,Personal Loan,2025Q2,6680.17,B2025Q2-04
UCS-PER-2025Q2-0092,US Card Services,Personal Loan,2025Q2,16859.85,B2025Q2-04
UCS-PER-2025Q2-0093,US Card Services,Personal Loan,2025Q2,17975.47,B2025Q2-04
UCS-PER-2025Q2-0094,US Card Services,Personal Loan,2025Q2,6678.92,B2025Q2-04
UCS-PER-2025Q2-0095,US Card Services,Personal Loan,2025Q2,9952.38,B2025Q2-04
UCS-PER-2025Q2-0096,US Card Services,Personal Loan,2025Q2,13413.53,B2025Q2-04
UCS-PER-2025Q2-0097,US Card Services,Personal Loan,2025Q2,12303.99,B2025Q2-04
UCS-PER-2025Q2-0098,US Card Services,Personal Loan,2025Q2,11216.16,B2025Q2-04
UCS-PER-2025Q2-0099,US Card Services,Personal Loan,2025Q2,7958.92,B2025Q2-04
UCS-PER-2025Q2-0100,US Card Services,Personal Loan,2025Q2,13696.44,B2025Q2-05
UCS-PER-2025Q2-0101,US Card Services,Personal Loan,2025Q2,11870.51,B2025Q2-05
UCS-PER-2025Q2-0102,US Card Services,Personal Loan,2025Q2,36960.81,B2025Q2-05
UCS-PER-2025Q2-0103,US Card Services,Personal Loan,2025Q2,6350.98,B2025Q2-05
UCS-PER-2025Q2-0000,US Card Services,Personal Loan,2025Q2,18143.13,B2025Q2-01-REPLAY
UCS-PER-2025Q2-0001,US Card Services,Personal Loan,2025Q2,11067.17,B2025Q2-01-REPLAY
UCS-PER-2025Q2-0002,US Card Services,Personal Loan,2025Q2,13712.12,B2025Q2-01-REPLAY
UCS-PER-2025Q2-0003,US Card Services,Personal Loan,2025Q2,2563.5,B2025Q2-01-REPLAY
UCS-PER-2025Q2-0004,US Card Services,Personal Loan,2025Q2,16588.8,B2025Q2-01-REPLAY
UCS-HEL-2025Q1-0000,US Card Services,HELOC,2025Q1,47301.02,B2025Q1-01
UCS-HEL-2025Q1-0001,US Card Services,HELOC,2025Q1,112886.21,B2025Q1-01
UCS-HEL-2025Q1-0002,US Card Services,HELOC,2025Q1,101091.88,B2025Q1-01
UCS-HEL-2025Q1-0003,US Card Services,HELOC,2025Q1,71597.33,B2025Q1-01
UCS-HEL-2025Q1-0004,US Card Services,HELOC,2025Q1,52543.03,B2025Q1-01
UCS-HEL-2025Q1-0005,US Card Services,HELOC,2025Q1,158803.77,B2025Q1-01
UCS-HEL-2025Q1-0006,US Card Services,HELOC,2025Q1,29672.54,B2025Q1-01
UCS-HEL-2025Q1-0007,US Card Services,HELOC,2025Q1,155484.45,B2025Q1-01
UCS-HEL-2025Q1-0008,US Card Services,HELOC,2025Q1,73011.74,B2025Q1-01
UCS-HEL-2025Q1-0009,US Card Services,HELOC,2025Q1,62652.13,B2025Q1-01
UCS-HEL-2025Q1-0010,US Card Services,HELOC,2025Q1,54318.1,B2025Q1-01
UCS-HEL-2025Q1-0011,US Card Services,HELOC,2025Q1,20190.05,B2025Q1-01
UCS-HEL-2025Q1-0012,US Card Services,HELOC,2025Q1,30631.47,B2025Q1-01
UCS-HEL-2025Q1-0013,US Card Services,HELOC,2025Q1,52087.24,B2025Q1-01
UCS-HEL-2025Q1-0014,US Card Services,HELOC,2025Q1,19924.0,B2025Q1-01
UCS-HEL-2025Q1-0015,US Card Services,HELOC,2025Q1,45094.14,B2025Q1-01
UCS-HEL-2025Q1-0016,US Card Services,HELOC,2025Q1,59013.56,B2025Q1-01
UCS-HEL-2025Q1-0017,US Card Services,HELOC,2025Q1,70184.0,B2025Q1-01
UCS-HEL-2025Q1-0018,US Card Services,HELOC,2025Q1,95048.29,B2025Q1-01
UCS-HEL-2025Q1-0019,US Card Services,HELOC,2025Q1,68728.27,B2025Q1-01
UCS-HEL-2025Q1-0020,US Card Services,HELOC,2025Q1,52433.83,B2025Q1-01
UCS-HEL-2025Q1-0021,US Card Services,HELOC,2025Q1,62631.39,B2025Q1-01
UCS-HEL-2025Q1-0022,US Card Services,HELOC,2025Q1,49642.76,B2025Q1-01
UCS-HEL-2025Q1-0023,US Card Services,HELOC,2025Q1,32309.86,B2025Q1-01
UCS-HEL-2025Q1-0024,US Card Services,HELOC,2025Q1,41213.78,B2025Q1-01
UCS-HEL-2025Q1-0025,US Card Services,HELOC,2025Q1,46249.19,B2025Q1-02
UCS-HEL-2025Q1-0026,US Card Services,HELOC,2025Q1,17562.53,B2025Q1-02
UCS-HEL-2025Q1-0027,US Card Services,HELOC,2025Q1,46621.79,B2025Q1-02
UCS-HEL-2025Q1-0028,US Card Services,HELOC,2025Q1,32304.18,B2025Q1-02
UCS-HEL-2025Q1-0029,US Card Services,HELOC,2025Q1,20615.59,B2025Q1-02
UCS-HEL-2025Q1-0030,US Card Services,HELOC,2025Q1,85154.03,B2025Q1-02
UCS-HEL-2025Q1-0031,US Card Services,HELOC,2025Q1,30492.02,B2025Q1-02
UCS-HEL-2025Q1-0032,US Card Services,HELOC,2025Q1,32957.22,B2025Q1-02
UCS-HEL-2025Q1-0033,US Card Services,HELOC,2025Q1,33308.9,B2025Q1-02
UCS-HEL-2025Q1-0034,US Card Services,HELOC,2025Q1,34808.49,B2025Q1-02
UCS-HEL-2025Q1-0035,US Card Services,HELOC,2025Q1,32184.7,B2025Q1-02
UCS-HEL-2025Q1-0036,US Card Services,HELOC,2025Q1,91965.77,B2025Q1-02
UCS-HEL-2025Q1-0037,US Card Services,HELOC,2025Q1,98993.3,B2025Q1-02
UCS-HEL-2025Q1-0038,US Card Services,HELOC,2025Q1,91784.18,B2025Q1-02
UCS-HEL-2025Q1-0039,US Card Services,HELOC,2025Q1,122028.86,B2025Q1-02
UCS-HEL-2025Q1-0040,US Card Services,HELOC,2025Q1,37304.29,B2025Q1-02
UCS-HEL-2025Q1-0041,US Card Services,HELOC,2025Q1,48293.76,B2025Q1-02
UCS-HEL-2025Q1-0042,US Card Services,HELOC,2025Q1,56658.41,B2025Q1-02
UCS-HEL-2025Q1-0043,US Card Services,HELOC,2025Q1,62010.56,B2025Q1-02
UCS-HEL-2025Q1-0044,US Card Services,HELOC,2025Q1,23102.5,B2025Q1-02
UCS-HEL-2025Q1-0045,US Card Services,HELOC,2025Q1,52889.27,B2025Q1-02
UCS-HEL-2025Q1-0046,US Card Services,HELOC,2025Q1,38078.1,B2025Q1-02
UCS-HEL-2025Q1-0047,US Card Services,HELOC,2025Q1,47020.71,B2025Q1-02
UCS-HEL-2025Q1-0048,US Card Services,HELOC,2025Q1,57840.87,B2025Q1-02
UCS-HEL-2025Q1-0049,US Card Services,HELOC,2025Q1,22545.11,B2025Q1-02
UCS-HEL-2025Q1-0050,US Card Services,HELOC,2025Q1,51249.72,B2025Q1-03
UCS-HEL-2025Q1-0051,US Card Services,HELOC,2025Q1,43042.11,B2025Q1-03
UCS-HEL-2025Q1-0052,US Card Services,HELOC,2025Q1,117640.33,B2025Q1-03
UCS-HEL-2025Q1-0053,US Card Services,HELOC,2025Q1,52710.96,B2025Q1-03
UCS-HEL-2025Q1-0054,US Card Services,HELOC,2025Q1,43837.93,B2025Q1-03
UCS-HEL-2025Q1-0055,US Card Services,HELOC,2025Q1,33532.23,B2025Q1-03
UCS-HEL-2025Q1-0056,US Card Services,HELOC,2025Q1,98428.93,B2025Q1-03
UCS-HEL-2025Q1-0057,US Card Services,HELOC,2025Q1,30129.82,B2025Q1-03
UCS-HEL-2025Q1-0058,US Card Services,HELOC,2025Q1,27115.2,B2025Q1-03
UCS-HEL-2025Q1-0059,US Card Services,HELOC,2025Q1,38367.74,B2025Q1-03
UCS-HEL-2025Q1-0060,US Card Services,HELOC,2025Q1,50611.63,B2025Q1-03
UCS-HEL-2025Q1-0061,US Card Services,HELOC,2025Q1,83877.92,B2025Q1-03
UCS-HEL-2025Q1-0062,US Card Services,HELOC,2025Q1,85804.36,B2025Q1-03
UCS-HEL-2025Q1-0063,US Card Services,HELOC,2025Q1,42242.91,B2025Q1-03
UCS-HEL-2025Q1-0064,US Card Services,HELOC,2025Q1,58072.15,B2025Q1-03
UCS-HEL-2025Q1-0065,US Card Services,HELOC,2025Q1,67426.56,B2025Q1-03
UCS-HEL-2025Q1-0066,US Card Services,HELOC,2025Q1,31986.34,B2025Q1-03
UCS-HEL-2025Q1-0067,US Card Services,HELOC,2025Q1,41086.63,B2025Q1-03
UCS-HEL-2025Q1-0068,US Card Services,HELOC,2025Q1,77702.23,B2025Q1-03
UCS-HEL-2025Q1-0069,US Card Services,HELOC,2025Q1,24932.87,B2025Q1-03
UCS-HEL-2025Q1-0070,US Card Services,HELOC,2025Q1,73294.81,B2025Q1-03
UCS-HEL-2025Q1-0071,US Card Services,HELOC,2025Q1,55055.9,B2025Q1-03
UCS-HEL-2025Q1-0072,US Card Services,HELOC,2025Q1,45832.36,B2025Q1-03
UCS-HEL-2025Q1-0073,US Card Services,HELOC,2025Q1,38073.81,B2025Q1-03
UCS-HEL-2025Q1-0074,US Card Services,HELOC,2025Q1,58775.45,B2025Q1-03
UCS-HEL-2025Q1-0075,US Card Services,HELOC,2025Q1,35729.15,B2025Q1-04
UCS-HEL-2025Q1-0076,US Card Services,HELOC,2025Q1,112967.7,B2025Q1-04
UCS-HEL-2025Q1-0077,US Card Services,HELOC,2025Q1,29432.32,B2025Q1-04
UCS-HEL-2025Q1-0078,US Card Services,HELOC,2025Q1,35682.44,B2025Q1-04
UCS-HEL-2025Q1-0079,US Card Services,HELOC,2025Q1,24841.36,B2025Q1-04
UCS-HEL-2025Q1-0080,US Card Services,HELOC,2025Q1,44954.08,B2025Q1-04
UCS-HEL-2025Q1-0081,US Card Services,HELOC,2025Q1,51109.89,B2025Q1-04
UCS-HEL-2025Q1-0082,US Card Services,HELOC,2025Q1,21425.02,B2025Q1-04
UCS-HEL-2025Q1-0083,US Card Services,HELOC,2025Q1,43780.05,B2025Q1-04
UCS-HEL-2025Q1-0084,US Card Services,HELOC,2025Q1,77726.67,B2025Q1-04
UCS-HEL-2025Q1-0085,US Card Services,HELOC,2025Q1,65183.92,B2025Q1-04
UCS-HEL-2025Q1-0086,US Card Services,HELOC,2025Q1,33691.93,B2025Q1-04
UCS-HEL-2025Q1-0087,US Card Services,HELOC,2025Q1,38422.68,B2025Q1-04
UCS-HEL-2025Q1-0088,US Card Services,HELOC,2025Q1,15126.31,B2025Q1-04
UCS-HEL-2025Q1-0089,US Card Services,HELOC,2025Q1,75089.66,B2025Q1-04
UCS-HEL-2025Q1-0090,US Card Services,HELOC,2025Q1,61672.82,B2025Q1-04
UCS-HEL-2025Q1-0091,US Card Services,HELOC,2025Q1,37382.93,B2025Q1-04
UCS-HEL-2025Q2-0000,US Card Services,HELOC,2025Q2,46594.34,B2025Q2-01
UCS-HEL-2025Q2-0001,US Card Services,HELOC,2025Q2,29196.33,B2025Q2-01
UCS-HEL-2025Q2-0002,US Card Services,HELOC,2025Q2,37661.9,B2025Q2-01
UCS-HEL-2025Q2-0003,US Card Services,HELOC,2025Q2,29034.96,B2025Q2-01
UCS-HEL-2025Q2-0004,US Card Services,HELOC,2025Q2,31078.4,B2025Q2-01
UCS-HEL-2025Q2-0005,US Card Services,HELOC,2025Q2,77971.97,B2025Q2-01
UCS-HEL-2025Q2-0006,US Card Services,HELOC,2025Q2,52229.58,B2025Q2-01
UCS-HEL-2025Q2-0007,US Card Services,HELOC,2025Q2,71069.36,B2025Q2-01
UCS-HEL-2025Q2-0008,US Card Services,HELOC,2025Q2,14281.6,B2025Q2-01
UCS-HEL-2025Q2-0009,US Card Services,HELOC,2025Q2,102571.03,B2025Q2-01
UCS-HEL-2025Q2-0010,US Card Services,HELOC,2025Q2,32059.24,B2025Q2-01
UCS-HEL-2025Q2-0011,US Card Services,HELOC,2025Q2,40159.9,B2025Q2-01
UCS-HEL-2025Q2-0012,US Card Services,HELOC,2025Q2,32063.47,B2025Q2-01
UCS-HEL-2025Q2-0013,US Card Services,HELOC,2025Q2,225411.55,B2025Q2-01
UCS-HEL-2025Q2-0014,US Card Services,HELOC,2025Q2,37944.18,B2025Q2-01
UCS-HEL-2025Q2-0015,US Card Services,HELOC,2025Q2,58934.87,B2025Q2-01
UCS-HEL-2025Q2-0016,US Card Services,HELOC,2025Q2,79406.07,B2025Q2-01
UCS-HEL-2025Q2-0017,US Card Services,HELOC,2025Q2,36960.91,B2025Q2-01
UCS-HEL-2025Q2-0018,US Card Services,HELOC,2025Q2,31871.85,B2025Q2-01
UCS-HEL-2025Q2-0019,US Card Services,HELOC,2025Q2,51906.96,B2025Q2-01
UCS-HEL-2025Q2-0020,US Card Services,HELOC,2025Q2,62827.05,B2025Q2-01
UCS-HEL-2025Q2-0021,US Card Services,HELOC,2025Q2,129680.76,B2025Q2-01
UCS-HEL-2025Q2-0022,US Card Services,HELOC,2025Q2,128617.72,B2025Q2-01
UCS-HEL-2025Q2-0023,US Card Services,HELOC,2025Q2,83306.4,B2025Q2-01
UCS-HEL-2025Q2-0024,US Card Services,HELOC,2025Q2,14278.13,B2025Q2-01
UCS-HEL-2025Q2-0025,US Card Services,HELOC,2025Q2,43891.12,B2025Q2-02
UCS-HEL-2025Q2-0026,US Card Services,HELOC,2025Q2,50942.44,B2025Q2-02
UCS-HEL-2025Q2-0027,US Card Services,HELOC,2025Q2,30076.63,B2025Q2-02
UCS-HEL-2025Q2-0028,US Card Services,HELOC,2025Q2,97585.62,B2025Q2-02
UCS-HEL-2025Q2-0029,US Card Services,HELOC,2025Q2,113301.04,B2025Q2-02
UCS-HEL-2025Q2-0030,US Card Services,HELOC,2025Q2,64569.34,B2025Q2-02
UCS-HEL-2025Q2-0031,US Card Services,HELOC,2025Q2,63530.42,B2025Q2-02
UCS-HEL-2025Q2-0032,US Card Services,HELOC,2025Q2,85365.72,B2025Q2-02
UCS-HEL-2025Q2-0033,US Card Services,HELOC,2025Q2,58929.12,B2025Q2-02
UCS-HEL-2025Q2-0034,US Card Services,HELOC,2025Q2,36729.08,B2025Q2-02
UCS-HEL-2025Q2-0035,US Card Services,HELOC,2025Q2,58649.32,B2025Q2-02
UCS-HEL-2025Q2-0036,US Card Services,HELOC,2025Q2,49455.36,B2025Q2-02
UCS-HEL-2025Q2-0037,US Card Services,HELOC,2025Q2,55865.8,B2025Q2-02
UCS-HEL-2025Q2-0038,US Card Services,HELOC,2025Q2,97572.24,B2025Q2-02
UCS-HEL-2025Q2-0039,US Card Services,HELOC,2025Q2,42187.99,B2025Q2-02
UCS-HEL-2025Q2-0040,US Card Services,HELOC,2025Q2,20267.2,B2025Q2-02
UCS-HEL-2025Q2-0041,US Card Services,HELOC,2025Q2,65101.9,B2025Q2-02
UCS-HEL-2025Q2-0042,US Card Services,HELOC,2025Q2,40439.26,B2025Q2-02
UCS-HEL-2025Q2-0043,US Card Services,HELOC,2025Q2,38113.64,B2025Q2-02
UCS-HEL-2025Q2-0044,US Card Services,HELOC,2025Q2,33237.56,B2025Q2-02
UCS-HEL-2025Q2-0045,US Card Services,HELOC,2025Q2,46436.3,B2025Q2-02
UCS-HEL-2025Q2-0046,US Card Services,HELOC,2025Q2,42227.97,B2025Q2-02
UCS-HEL-2025Q2-0047,US Card Services,HELOC,2025Q2,51726.32,B2025Q2-02
UCS-HEL-2025Q2-0048,US Card Services,HELOC,2025Q2,187421.45,B2025Q2-02
UCS-HEL-2025Q2-0049,US Card Services,HELOC,2025Q2,54221.49,B2025Q2-02
UCS-HEL-2025Q2-0050,US Card Services,HELOC,2025Q2,42780.8,B2025Q2-03
UCS-HEL-2025Q2-0051,US Card Services,HELOC,2025Q2,101988.59,B2025Q2-03
UCS-HEL-2025Q2-0052,US Card Services,HELOC,2025Q2,42766.23,B2025Q2-03
UCS-HEL-2025Q2-0053,US Card Services,HELOC,2025Q2,43282.05,B2025Q2-03
UCS-HEL-2025Q2-0054,US Card Services,HELOC,2025Q2,32729.67,B2025Q2-03
UCS-HEL-2025Q2-0055,US Card Services,HELOC,2025Q2,50256.97,B2025Q2-03
UCS-HEL-2025Q2-0056,US Card Services,HELOC,2025Q2,66141.0,B2025Q2-03
UCS-HEL-2025Q2-0057,US Card Services,HELOC,2025Q2,40659.49,B2025Q2-03
UCS-HEL-2025Q2-0058,US Card Services,HELOC,2025Q2,64770.12,B2025Q2-03
UCS-HEL-2025Q2-0059,US Card Services,HELOC,2025Q2,34960.44,B2025Q2-03
UCS-HEL-2025Q2-0060,US Card Services,HELOC,2025Q2,21563.73,B2025Q2-03
UCS-HEL-2025Q2-0061,US Card Services,HELOC,2025Q2,28826.41,B2025Q2-03
UCS-HEL-2025Q2-0062,US Card Services,HELOC,2025Q2,65742.4,B2025Q2-03
UCS-HEL-2025Q2-0063,US Card Services,HELOC,2025Q2,49695.89,B2025Q2-03
UCS-HEL-2025Q2-0064,US Card Services,HELOC,2025Q2,33527.76,B2025Q2-03
UCS-HEL-2025Q2-0065,US Card Services,HELOC,2025Q2,13329.97,B2025Q2-03
UCS-HEL-2025Q2-0066,US Card Services,HELOC,2025Q2,71970.12,B2025Q2-03
UCS-HEL-2025Q2-0067,US Card Services,HELOC,2025Q2,122968.54,B2025Q2-03
UCS-HEL-2025Q2-0068,US Card Services,HELOC,2025Q2,30393.23,B2025Q2-03
UCS-HEL-2025Q2-0069,US Card Services,HELOC,2025Q2,51304.02,B2025Q2-03
UCS-HEL-2025Q2-0070,US Card Services,HELOC,2025Q2,64535.03,B2025Q2-03
UCS-HEL-2025Q2-0071,US Card Services,HELOC,2025Q2,33723.47,B2025Q2-03
UCS-HEL-2025Q2-0072,US Card Services,HELOC,2025Q2,31342.98,B2025Q2-03
UCS-HEL-2025Q2-0073,US Card Services,HELOC,2025Q2,21714.32,B2025Q2-03
UCS-HEL-2025Q2-0074,US Card Services,HELOC,2025Q2,32996.65,B2025Q2-03
UCS-HEL-2025Q2-0075,US Card Services,HELOC,2025Q2,55276.79,B2025Q2-04
UCS-HEL-2025Q2-0076,US Card Services,HELOC,2025Q2,36207.46,B2025Q2-04
UCS-HEL-2025Q2-0077,US Card Services,HELOC,2025Q2,138943.03,B2025Q2-04
UCS-HEL-2025Q2-0078,US Card Services,HELOC,2025Q2,28705.06,B2025Q2-04
UCS-HEL-2025Q2-0079,US Card Services,HELOC,2025Q2,15887.16,B2025Q2-04
UCS-HEL-2025Q2-0080,US Card Services,HELOC,2025Q2,18974.16,B2025Q2-04
UCS-HEL-2025Q2-0081,US Card Services,HELOC,2025Q2,152317.9,B2025Q2-04
UCS-HEL-2025Q2-0082,US Card Services,HELOC,2025Q2,105320.99,B2025Q2-04
UCS-HEL-2025Q2-0083,US Card Services,HELOC,2025Q2,19618.64,B2025Q2-04
UCS-HEL-2025Q2-0084,US Card Services,HELOC,2025Q2,34219.18,B2025Q2-04
UCS-HEL-2025Q2-0085,US Card Services,HELOC,2025Q2,25572.88,B2025Q2-04
UCS-HEL-2025Q2-0086,US Card Services,HELOC,2025Q2,55867.4,B2025Q2-04
UCS-HEL-2025Q2-0087,US Card Services,HELOC,2025Q2,37267.56,B2025Q2-04
UCS-HEL-2025Q2-0088,US Card Services,HELOC,2025Q2,65516.96,B2025Q2-04
UCS-HEL-2025Q2-0089,US Card Services,HELOC,2025Q2,51955.44,B2025Q2-04
UCS-HEL-2025Q2-0090,US Card Services,HELOC,2025Q2,41770.91,B2025Q2-04
UCS-HEL-2025Q2-0091,US Card Services,HELOC,2025Q2,101047.74,B2025Q2-04
UCS-SMA-2025Q1-0000,US Card Services,Small Business Loan,2025Q1,80518.84,B2025Q1-01
UCS-SMA-2025Q1-0001,US Card Services,Small Business Loan,2025Q1,69686.43,B2025Q1-01
UCS-SMA-2025Q1-0002,US Card Services,Small Business Loan,2025Q1,108417.35,B2025Q1-01
UCS-SMA-2025Q1-0003,US Card Services,Small Business Loan,2025Q1,73014.95,B2025Q1-01
UCS-SMA-2025Q1-0004,US Card Services,Small Business Loan,2025Q1,149282.03,B2025Q1-01
UCS-SMA-2025Q1-0005,US Card Services,Small Business Loan,2025Q1,23028.04,B2025Q1-01
UCS-SMA-2025Q1-0006,US Card Services,Small Business Loan,2025Q1,111543.22,B2025Q1-01
UCS-SMA-2025Q1-0007,US Card Services,Small Business Loan,2025Q1,143005.82,B2025Q1-01
UCS-SMA-2025Q1-0008,US Card Services,Small Business Loan,2025Q1,74669.21,B2025Q1-01
UCS-SMA-2025Q1-0009,US Card Services,Small Business Loan,2025Q1,40646.71,B2025Q1-01
UCS-SMA-2025Q1-0010,US Card Services,Small Business Loan,2025Q1,98964.97,B2025Q1-01
UCS-SMA-2025Q1-0011,US Card Services,Small Business Loan,2025Q1,46593.14,B2025Q1-01
UCS-SMA-2025Q1-0012,US Card Services,Small Business Loan,2025Q1,101474.38,B2025Q1-01
UCS-SMA-2025Q1-0013,US Card Services,Small Business Loan,2025Q1,75071.47,B2025Q1-01
UCS-SMA-2025Q1-0014,US Card Services,Small Business Loan,2025Q1,50481.98,B2025Q1-01
UCS-SMA-2025Q1-0015,US Card Services,Small Business Loan,2025Q1,33961.6,B2025Q1-01
UCS-SMA-2025Q1-0016,US Card Services,Small Business Loan,2025Q1,67395.92,B2025Q1-01
UCS-SMA-2025Q1-0017,US Card Services,Small Business Loan,2025Q1,73115.24,B2025Q1-01
UCS-SMA-2025Q1-0018,US Card Services,Small Business Loan,2025Q1,87809.03,B2025Q1-01
UCS-SMA-2025Q1-0019,US Card Services,Small Business Loan,2025Q1,150731.11,B2025Q1-01
UCS-SMA-2025Q1-0020,US Card Services,Small Business Loan,2025Q1,90086.15,B2025Q1-01
UCS-SMA-2025Q1-0021,US Card Services,Small Business Loan,2025Q1,42684.09,B2025Q1-01
UCS-SMA-2025Q1-0022,US Card Services,Small Business Loan,2025Q1,70899.31,B2025Q1-01
UCS-SMA-2025Q1-0023,US Card Services,Small Business Loan,2025Q1,40202.24,B2025Q1-01
UCS-SMA-2025Q1-0024,US Card Services,Small Business Loan,2025Q1,166965.51,B2025Q1-01
UCS-SMA-2025Q1-0025,US Card Services,Small Business Loan,2025Q1,196386.72,B2025Q1-02
UCS-SMA-2025Q1-0026,US Card Services,Small Business Loan,2025Q1,160355.94,B2025Q1-02
UCS-SMA-2025Q1-0027,US Card Services,Small Business Loan,2025Q1,76684.84,B2025Q1-02
UCS-SMA-2025Q1-0028,US Card Services,Small Business Loan,2025Q1,440826.06,B2025Q1-02
UCS-SMA-2025Q1-0029,US Card Services,Small Business Loan,2025Q1,101894.47,B2025Q1-02
UCS-SMA-2025Q1-0030,US Card Services,Small Business Loan,2025Q1,207130.59,B2025Q1-02
UCS-SMA-2025Q1-0031,US Card Services,Small Business Loan,2025Q1,52342.98,B2025Q1-02
UCS-SMA-2025Q1-0032,US Card Services,Small Business Loan,2025Q1,43355.0,B2025Q1-02
UCS-SMA-2025Q1-0033,US Card Services,Small Business Loan,2025Q1,50701.29,B2025Q1-02
UCS-SMA-2025Q1-0034,US Card Services,Small Business Loan,2025Q1,105698.72,B2025Q1-02
UCS-SMA-2025Q1-0035,US Card Services,Small Business Loan,2025Q1,71215.83,B2025Q1-02
UCS-SMA-2025Q1-0036,US Card Services,Small Business Loan,2025Q1,53196.98,B2025Q1-02
UCS-SMA-2025Q1-0037,US Card Services,Small Business Loan,2025Q1,129598.01,B2025Q1-02
UCS-SMA-2025Q1-0038,US Card Services,Small Business Loan,2025Q1,134222.03,B2025Q1-02
UCS-SMA-2025Q1-0039,US Card Services,Small Business Loan,2025Q1,33905.81,B2025Q1-02
UCS-SMA-2025Q1-0040,US Card Services,Small Business Loan,2025Q1,140258.26,B2025Q1-02
UCS-SMA-2025Q1-0041,US Card Services,Small Business Loan,2025Q1,71167.04,B2025Q1-02
UCS-SMA-2025Q1-0042,US Card Services,Small Business Loan,2025Q1,73871.62,B2025Q1-02
UCS-SMA-2025Q1-0043,US Card Services,Small Business Loan,2025Q1,83867.91,B2025Q1-02
UCS-SMA-2025Q1-0044,US Card Services,Small Business Loan,2025Q1,72755.2,B2025Q1-02
UCS-SMA-2025Q1-0045,US Card Services,Small Business Loan,2025Q1,79769.9,B2025Q1-02
UCS-SMA-2025Q1-0046,US Card Services,Small Business Loan,2025Q1,106066.25,B2025Q1-02
UCS-SMA-2025Q1-0047,US Card Services,Small Business Loan,2025Q1,67003.09,B2025Q1-02
UCS-SMA-2025Q1-0048,US Card Services,Small Business Loan,2025Q1,63512.19,B2025Q1-02
UCS-SMA-2025Q1-0049,US Card Services,Small Business Loan,2025Q1,39895.43,B2025Q1-02
UCS-SMA-2025Q1-0050,US Card Services,Small Business Loan,2025Q1,67357.7,B2025Q1-03
UCS-SMA-2025Q1-0051,US Card Services,Small Business Loan,2025Q1,104291.8,B2025Q1-03
UCS-SMA-2025Q1-0052,US Card Services,Small Business Loan,2025Q1,64045.55,B2025Q1-03
UCS-SMA-2025Q1-0053,US Card Services,Small Business Loan,2025Q1,37808.46,B2025Q1-03
UCS-SMA-2025Q1-0054,US Card Services,Small Business Loan,2025Q1,41283.97,B2025Q1-03
UCS-SMA-2025Q1-0055,US Card Services,Small Business Loan,2025Q1,247701.74,B2025Q1-03
UCS-SMA-2025Q1-0056,US Card Services,Small Business Loan,2025Q1,88664.76,B2025Q1-03
UCS-SMA-2025Q1-0057,US Card Services,Small Business Loan,2025Q1,76595.68,B2025Q1-03
UCS-SMA-2025Q1-0058,US Card Services,Small Business Loan,2025Q1,135083.11,B2025Q1-03
UCS-SMA-2025Q1-0059,US Card Services,Small Business Loan,2025Q1,41693.32,B2025Q1-03
UCS-SMA-2025Q1-0060,US Card Services,Small Business Loan,2025Q1,151511.73,B2025Q1-03
UCS-SMA-2025Q1-0061,US Card Services,Small Business Loan,2025Q1,128608.0,B2025Q1-03
UCS-SMA-2025Q1-0062,US Card Services,Small Business Loan,2025Q1,137783.17,B2025Q1-03
UCS-SMA-2025Q1-0063,US Card Services,Small Business Loan,2025Q1,42587.53,B2025Q1-03
UCS-SMA-2025Q1-0064,US Card Services,Small Business Loan,2025Q1,49470.97,B2025Q1-03
UCS-SMA-2025Q1-0065,US Card Services,Small Business Loan,2025Q1,65599.43,B2025Q1-03
UCS-SMA-2025Q1-0066,US Card Services,Small Business Loan,2025Q1,80344.41,B2025Q1-03
UCS-SMA-2025Q1-0067,US Card Services,Small Business Loan,2025Q1,48050.86,B2025Q1-03
UCS-SMA-2025Q1-0068,US Card Services,Small Business Loan,2025Q1,140955.44,B2025Q1-03
UCS-SMA-2025Q1-0069,US Card Services,Small Business Loan,2025Q1,64530.67,B2025Q1-03
UCS-SMA-2025Q1-0070,US Card Services,Small Business Loan,2025Q1,51483.22,B2025Q1-03
UCS-SMA-2025Q1-0071,US Card Services,Small Business Loan,2025Q1,156036.98,B2025Q1-03
UCS-SMA-2025Q1-0072,US Card Services,Small Business Loan,2025Q1,39819.92,B2025Q1-03
UCS-SMA-2025Q1-0073,US Card Services,Small Business Loan,2025Q1,134024.39,B2025Q1-03
UCS-SMA-2025Q1-0074,US Card Services,Small Business Loan,2025Q1,73024.62,B2025Q1-03
UCS-SMA-2025Q1-0075,US Card Services,Small Business Loan,2025Q1,75945.14,B2025Q1-04
UCS-SMA-2025Q1-0076,US Card Services,Small Business Loan,2025Q1,137749.65,B2025Q1-04
UCS-SMA-2025Q1-0077,US Card Services,Small Business Loan,2025Q1,181464.3,B2025Q1-04
UCS-SMA-2025Q1-0078,US Card Services,Small Business Loan,2025Q1,34886.52,B2025Q1-04
UCS-SMA-2025Q1-0079,US Card Services,Small Business Loan,2025Q1,76083.26,B2025Q1-04
UCS-SMA-2025Q1-0080,US Card Services,Small Business Loan,2025Q1,21110.65,B2025Q1-04
UCS-SMA-2025Q1-0081,US Card Services,Small Business Loan,2025Q1,117485.42,B2025Q1-04
UCS-SMA-2025Q1-0082,US Card Services,Small Business Loan,2025Q1,118965.42,B2025Q1-04
UCS-SMA-2025Q1-0083,US Card Services,Small Business Loan,2025Q1,59493.68,B2025Q1-04
UCS-SMA-2025Q1-0084,US Card Services,Small Business Loan,2025Q1,80302.2,B2025Q1-04
UCS-SMA-2025Q1-0085,US Card Services,Small Business Loan,2025Q1,212329.54,B2025Q1-04
UCS-SMA-2025Q1-0086,US Card Services,Small Business Loan,2025Q1,91571.11,B2025Q1-04
UCS-SMA-2025Q1-0087,US Card Services,Small Business Loan,2025Q1,48975.14,B2025Q1-04
UCS-SMA-2025Q1-0088,US Card Services,Small Business Loan,2025Q1,115015.64,B2025Q1-04
UCS-SMA-2025Q1-0089,US Card Services,Small Business Loan,2025Q1,101935.56,B2025Q1-04
UCS-SMA-2025Q1-0090,US Card Services,Small Business Loan,2025Q1,57105.69,B2025Q1-04
UCS-SMA-2025Q1-0091,US Card Services,Small Business Loan,2025Q1,66655.96,B2025Q1-04
UCS-SMA-2025Q1-0092,US Card Services,Small Business Loan,2025Q1,139953.26,B2025Q1-04
UCS-SMA-2025Q1-0093,US Card Services,Small Business Loan,2025Q1,177622.53,B2025Q1-04
UCS-SMA-2025Q2-0000,US Card Services,Small Business Loan,2025Q2,107421.93,B2025Q2-01
UCS-SMA-2025Q2-0001,US Card Services,Small Business Loan,2025Q2,34555.39,B2025Q2-01
UCS-SMA-2025Q2-0002,US Card Services,Small Business Loan,2025Q2,39761.4,B2025Q2-01
UCS-SMA-2025Q2-0003,US Card Services,Small Business Loan,2025Q2,133837.11,B2025Q2-01
UCS-SMA-2025Q2-0004,US Card Services,Small Business Loan,2025Q2,55000.45,B2025Q2-01
UCS-SMA-2025Q2-0005,US Card Services,Small Business Loan,2025Q2,65988.25,B2025Q2-01
UCS-SMA-2025Q2-0006,US Card Services,Small Business Loan,2025Q2,83488.45,B2025Q2-01
UCS-SMA-2025Q2-0007,US Card Services,Small Business Loan,2025Q2,46998.92,B2025Q2-01
UCS-SMA-2025Q2-0008,US Card Services,Small Business Loan,2025Q2,146462.24,B2025Q2-01
UCS-SMA-2025Q2-0009,US Card Services,Small Business Loan,2025Q2,80446.75,B2025Q2-01
UCS-SMA-2025Q2-0010,US Card Services,Small Business Loan,2025Q2,155640.57,B2025Q2-01
UCS-SMA-2025Q2-0011,US Card Services,Small Business Loan,2025Q2,117458.24,B2025Q2-01
UCS-SMA-2025Q2-0012,US Card Services,Small Business Loan,2025Q2,113859.53,B2025Q2-01
UCS-SMA-2025Q2-0013,US Card Services,Small Business Loan,2025Q2,180215.77,B2025Q2-01
UCS-SMA-2025Q2-0014,US Card Services,Small Business Loan,2025Q2,70341.68,B2025Q2-01
UCS-SMA-2025Q2-0015,US Card Services,Small Business Loan,2025Q2,166266.45,B2025Q2-01
UCS-SMA-2025Q2-0016,US Card Services,Small Business Loan,2025Q2,47984.64,B2025Q2-01
UCS-SMA-2025Q2-0017,US Card Services,Small Business Loan,2025Q2,73095.28,B2025Q2-01
UCS-SMA-2025Q2-0018,US Card Services,Small Business Loan,2025Q2,124063.76,B2025Q2-01
UCS-SMA-2025Q2-0019,US Card Services,Small Business Loan,2025Q2,135612.39,B2025Q2-01
UCS-SMA-2025Q2-0020,US Card Services,Small Business Loan,2025Q2,49145.94,B2025Q2-01
UCS-SMA-2025Q2-0021,US Card Services,Small Business Loan,2025Q2,35925.95,B2025Q2-01
UCS-SMA-2025Q2-0022,US Card Services,Small Business Loan,2025Q2,137571.82,B2025Q2-01
UCS-SMA-2025Q2-0023,US Card Services,Small Business Loan,2025Q2,87749.14,B2025Q2-01
UCS-SMA-2025Q2-0024,US Card Services,Small Business Loan,2025Q2,115969.96,B2025Q2-01
UCS-SMA-2025Q2-0025,US Card Services,Small Business Loan,2025Q2,127541.64,B2025Q2-02
UCS-SMA-2025Q2-0026,US Card Services,Small Business Loan,2025Q2,79825.82,B2025Q2-02
UCS-SMA-2025Q2-0027,US Card Services,Small Business Loan,2025Q2,72823.76,B2025Q2-02
UCS-SMA-2025Q2-0028,US Card Services,Small Business Loan,2025Q2,270092.19,B2025Q2-02
UCS-SMA-2025Q2-0029,US Card Services,Small Business Loan,2025Q2,232331.75,B2025Q2-02
UCS-SMA-2025Q2-0030,US Card Services,Small Business Loan,2025Q2,68005.54,B2025Q2-02
UCS-SMA-2025Q2-0031,US Card Services,Small Business Loan,2025Q2,35114.85,B2025Q2-02
UCS-SMA-2025Q2-0032,US Card Services,Small Business Loan,2025Q2,175437.21,B2025Q2-02
UCS-SMA-2025Q2-0033,US Card Services,Small Business Loan,2025Q2,127736.63,B2025Q2-02
UCS-SMA-2025Q2-0034,US Card Services,Small Business Loan,2025Q2,55945.88,B2025Q2-02
UCS-SMA-2025Q2-0035,US Card Services,Small Business Loan,2025Q2,42792.72,B2025Q2-02
UCS-SMA-2025Q2-0036,US Card Services,Small Business Loan,2025Q2,112324.97,B2025Q2-02
UCS-SMA-2025Q2-0037,US Card Services,Small Business Loan,2025Q2,151404.89,B2025Q2-02
UCS-SMA-2025Q2-0038,US Card Services,Small Business Loan,2025Q2,40023.96,B2025Q2-02
UCS-SMA-2025Q2-0039,US Card Services,Small Business Loan,2025Q2,173710.64,B2025Q2-02
UCS-SMA-2025Q2-0040,US Card Services,Small Business Loan,2025Q2,177241.98,B2025Q2-02
UCS-SMA-2025Q2-0041,US Card Services,Small Business Loan,2025Q2,90611.35,B2025Q2-02
UCS-SMA-2025Q2-0042,US Card Services,Small Business Loan,2025Q2,97059.45,B2025Q2-02
UCS-SMA-2025Q2-0043,US Card Services,Small Business Loan,2025Q2,195657.14,B2025Q2-02
UCS-SMA-2025Q2-0044,US Card Services,Small Business Loan,2025Q2,54592.58,B2025Q2-02
UCS-SMA-2025Q2-0045,US Card Services,Small Business Loan,2025Q2,18707.23,B2025Q2-02
UCS-SMA-2025Q2-0046,US Card Services,Small Business Loan,2025Q2,95777.32,B2025Q2-02
UCS-SMA-2025Q2-0047,US Card Services,Small Business Loan,2025Q2,60802.86,B2025Q2-02
UCS-SMA-2025Q2-0048,US Card Services,Small Business Loan,2025Q2,164111.42,B2025Q2-02
UCS-SMA-2025Q2-0049,US Card Services,Small Business Loan,2025Q2,116805.21,B2025Q2-02
UCS-SMA-2025Q2-0050,US Card Services,Small Business Loan,2025Q2,105871.84,B2025Q2-03
UCS-SMA-2025Q2-0051,US Card Services,Small Business Loan,2025Q2,97685.76,B2025Q2-03
UCS-SMA-2025Q2-0052,US Card Services,Small Business Loan,2025Q2,96990.18,B2025Q2-03
UCS-SMA-2025Q2-0053,US Card Services,Small Business Loan,2025Q2,115679.98,B2025Q2-03
UCS-SMA-2025Q2-0054,US Card Services,Small Business Loan,2025Q2,39640.41,B2025Q2-03
UCS-SMA-2025Q2-0055,US Card Services,Small Business Loan,2025Q2,129186.21,B2025Q2-03
UCS-SMA-2025Q2-0056,US Card Services,Small Business Loan,2025Q2,77303.42,B2025Q2-03
UCS-SMA-2025Q2-0057,US Card Services,Small Business Loan,2025Q2,36222.13,B2025Q2-03
UCS-SMA-2025Q2-0058,US Card Services,Small Business Loan,2025Q2,119488.06,B2025Q2-03
UCS-SMA-2025Q2-0059,US Card Services,Small Business Loan,2025Q2,60194.19,B2025Q2-03
UCS-SMA-2025Q2-0060,US Card Services,Small Business Loan,2025Q2,208714.15,B2025Q2-03
UCS-SMA-2025Q2-0061,US Card Services,Small Business Loan,2025Q2,65187.9,B2025Q2-03
UCS-SMA-2025Q2-0062,US Card Services,Small Business Loan,2025Q2,75323.73,B2025Q2-03
UCS-SMA-2025Q2-0063,US Card Services,Small Business Loan,2025Q2,78028.63,B2025Q2-03
UCS-SMA-2025Q2-0064,US Card Services,Small Business Loan,2025Q2,92604.84,B2025Q2-03
UCS-SMA-2025Q2-0065,US Card Services,Small Business Loan,2025Q2,133050.11,B2025Q2-03
UCS-SMA-2025Q2-0066,US Card Services,Small Business Loan,2025Q2,55588.05,B2025Q2-03
UCS-SMA-2025Q2-0067,US Card Services,Small Business Loan,2025Q2,77878.17,B2025Q2-03
UCS-SMA-2025Q2-0068,US Card Services,Small Business Loan,2025Q2,77413.3,B2025Q2-03
UCS-SMA-2025Q2-0069,US Card Services,Small Business Loan,2025Q2,44233.26,B2025Q2-03
UCS-SMA-2025Q2-0070,US Card Services,Small Business Loan,2025Q2,114364.37,B2025Q2-03
UCS-SMA-2025Q2-0071,US Card Services,Small Business Loan,2025Q2,62837.77,B2025Q2-03
UCS-SMA-2025Q2-0072,US Card Services,Small Business Loan,2025Q2,78118.8,B2025Q2-03
UCS-SMA-2025Q2-0073,US Card Services,Small Business Loan,2025Q2,84942.55,B2025Q2-03
UCS-SMA-2025Q2-0074,US Card Services,Small Business Loan,2025Q2,120357.54,B2025Q2-03
UCS-SMA-2025Q2-0075,US Card Services,Small Business Loan,2025Q2,95923.18,B2025Q2-04
UCS-SMA-2025Q2-0076,US Card Services,Small Business Loan,2025Q2,19677.1,B2025Q2-04
UCS-SMA-2025Q2-0077,US Card Services,Small Business Loan,2025Q2,50492.36,B2025Q2-04
UCS-SMA-2025Q2-0078,US Card Services,Small Business Loan,2025Q2,22868.49,B2025Q2-04
UCS-SMA-2025Q2-0079,US Card Services,Small Business Loan,2025Q2,131165.32,B2025Q2-04
UCS-SMA-2025Q2-0080,US Card Services,Small Business Loan,2025Q2,190434.75,B2025Q2-04
UCS-SMA-2025Q2-0081,US Card Services,Small Business Loan,2025Q2,67742.21,B2025Q2-04
UCS-SMA-2025Q2-0082,US Card Services,Small Business Loan,2025Q2,36605.05,B2025Q2-04
UCS-SMA-2025Q2-0083,US Card Services,Small Business Loan,2025Q2,56258.21,B2025Q2-04
UCS-SMA-2025Q2-0084,US Card Services,Small Business Loan,2025Q2,97738.37,B2025Q2-04
UCS-SMA-2025Q2-0085,US Card Services,Small Business Loan,2025Q2,193372.55,B2025Q2-04
UCS-SMA-2025Q2-0086,US Card Services,Small Business Loan,2025Q2,246505.96,B2025Q2-04
UCS-SMA-2025Q2-0087,US Card Services,Small Business Loan,2025Q2,116855.85,B2025Q2-04
UCS-SMA-2025Q2-0088,US Card Services,Small Business Loan,2025Q2,41007.75,B2025Q2-04
UCS-SMA-2025Q2-0089,US Card Services,Small Business Loan,2025Q2,60976.08,B2025Q2-04
UCS-SMA-2025Q2-0090,US Card Services,Small Business Loan,2025Q2,145511.77,B2025Q2-04
UCS-SMA-2025Q2-0091,US Card Services,Small Business Loan,2025Q2,64897.26,B2025Q2-04
UCS-SMA-2025Q2-0092,US Card Services,Small Business Loan,2025Q2,40843.49,B2025Q2-04
UCS-SMA-2025Q2-0093,US Card Services,Small Business Loan,2025Q2,71447.9,B2025Q2-04
USBB-MOR-2025Q1-0000,US Small Business Bank,Mortgage,2025Q1,135856.11,B2025Q1-01
USBB-MOR-2025Q1-0001,US Small Business Bank,Mortgage,2025Q1,141223.2,B2025Q1-01
USBB-MOR-2025Q1-0002,US Small Business Bank,Mortgage,2025Q1,57796.53,B2025Q1-01
USBB-MOR-2025Q1-0003,US Small Business Bank,Mortgage,2025Q1,145211.26,B2025Q1-01
USBB-MOR-2025Q1-0004,US Small Business Bank,Mortgage,2025Q1,94882.88,B2025Q1-01
USBB-MOR-2025Q1-0005,US Small Business Bank,Mortgage,2025Q1,81536.19,B2025Q1-01
USBB-MOR-2025Q1-0006,US Small Business Bank,Mortgage,2025Q1,82929.72,B2025Q1-01
USBB-MOR-2025Q1-0007,US Small Business Bank,Mortgage,2025Q1,226037.65,B2025Q1-01
USBB-MOR-2025Q1-0008,US Small Business Bank,Mortgage,2025Q1,147686.12,B2025Q1-01
USBB-MOR-2025Q1-0009,US Small Business Bank,Mortgage,2025Q1,213282.44,B2025Q1-01
USBB-MOR-2025Q1-0010,US Small Business Bank,Mortgage,2025Q1,85605.27,B2025Q1-01
USBB-MOR-2025Q1-0011,US Small Business Bank,Mortgage,2025Q1,175252.63,B2025Q1-01
USBB-MOR-2025Q1-0012,US Small Business Bank,Mortgage,2025Q1,169329.05,B2025Q1-01
USBB-MOR-2025Q1-0013,US Small Business Bank,Mortgage,2025Q1,180262.88,B2025Q1-01
USBB-MOR-2025Q1-0014,US Small Business Bank,Mortgage,2025Q1,31203.45,B2025Q1-01
USBB-MOR-2025Q1-0015,US Small Business Bank,Mortgage,2025Q1,74018.23,B2025Q1-01
USBB-MOR-2025Q1-0016,US Small Business Bank,Mortgage,2025Q1,84454.07,B2025Q1-01
USBB-MOR-2025Q1-0017,US Small Business Bank,Mortgage,2025Q1,91467.73,B2025Q1-01
USBB-MOR-2025Q1-0018,US Small Business Bank,Mortgage,2025Q1,139680.69,B2025Q1-01
USBB-MOR-2025Q1-0019,US Small Business Bank,Mortgage,2025Q1,137040.49,B2025Q1-01
USBB-MOR-2025Q1-0020,US Small Business Bank,Mortgage,2025Q1,141095.32,B2025Q1-01
USBB-MOR-2025Q1-0021,US Small Business Bank,Mortgage,2025Q1,150810.01,B2025Q1-01
USBB-MOR-2025Q1-0022,US Small Business Bank,Mortgage,2025Q1,18987.58,B2025Q1-01
USBB-MOR-2025Q1-0023,US Small Business Bank,Mortgage,2025Q1,103204.72,B2025Q1-01
USBB-MOR-2025Q1-0024,US Small Business Bank,Mortgage,2025Q1,283262.81,B2025Q1-01
USBB-MOR-2025Q1-0025,US Small Business Bank,Mortgage,2025Q1,219159.02,B2025Q1-02
USBB-MOR-2025Q1-0026,US Small Business Bank,Mortgage,2025Q1,88607.73,B2025Q1-02
USBB-MOR-2025Q1-0027,US Small Business Bank,Mortgage,2025Q1,116971.04,B2025Q1-02
USBB-MOR-2025Q1-0028,US Small Business Bank,Mortgage,2025Q1,100189.78,B2025Q1-02
USBB-MOR-2025Q1-0029,US Small Business Bank,Mortgage,2025Q1,280598.24,B2025Q1-02
USBB-MOR-2025Q1-0030,US Small Business Bank,Mortgage,2025Q1,146551.03,B2025Q1-02
USBB-MOR-2025Q1-0031,US Small Business Bank,Mortgage,2025Q1,43950.0,B2025Q1-02
USBB-MOR-2025Q1-0032,US Small Business Bank,Mortgage,2025Q1,96167.14,B2025Q1-02
USBB-MOR-2025Q1-0033,US Small Business Bank,Mortgage,2025Q1,187969.91,B2025Q1-02
USBB-MOR-2025Q1-0034,US Small Business Bank,Mortgage,2025Q1,155865.33,B2025Q1-02
USBB-MOR-2025Q1-0035,US Small Business Bank,Mortgage,2025Q1,164681.22,B2025Q1-02
USBB-MOR-2025Q1-0036,US Small Business Bank,Mortgage,2025Q1,141590.99,B2025Q1-02
USBB-MOR-2025Q1-0037,US Small Business Bank,Mortgage,2025Q1,369029.46,B2025Q1-02
USBB-MOR-2025Q1-0038,US Small Business Bank,Mortgage,2025Q1,97012.98,B2025Q1-02
USBB-MOR-2025Q1-0039,US Small Business Bank,Mortgage,2025Q1,126102.36,B2025Q1-02
USBB-MOR-2025Q1-0040,US Small Business Bank,Mortgage,2025Q1,65244.44,B2025Q1-02
USBB-MOR-2025Q1-0041,US Small Business Bank,Mortgage,2025Q1,134884.33,B2025Q1-02
USBB-MOR-2025Q1-0042,US Small Business Bank,Mortgage,2025Q1,208840.23,B2025Q1-02
USBB-MOR-2025Q1-0043,US Small Business Bank,Mortgage,2025Q1,59185.89,B2025Q1-02
USBB-MOR-2025Q1-0044,US Small Business Bank,Mortgage,2025Q1,68470.65,B2025Q1-02
USBB-MOR-2025Q1-0045,US Small Business Bank,Mortgage,2025Q1,109352.65,B2025Q1-02
USBB-MOR-2025Q1-0046,US Small Business Bank,Mortgage,2025Q1,159559.7,B2025Q1-02
USBB-MOR-2025Q1-0047,US Small Business Bank,Mortgage,2025Q1,163608.14,B2025Q1-02
USBB-MOR-2025Q1-0048,US Small Business Bank,Mortgage,2025Q1,78258.59,B2025Q1-02
USBB-MOR-2025Q1-0049,US Small Business Bank,Mortgage,2025Q1,34096.7,B2025Q1-02
USBB-MOR-2025Q1-0050,US Small Business Bank,Mortgage,2025Q1,122809.38,B2025Q1-03
USBB-MOR-2025Q1-0051,US Small Business Bank,Mortgage,2025Q1,63485.55,B2025Q1-03
USBB-MOR-2025Q1-0052,US Small Business Bank,Mortgage,2025Q1,121356.9,B2025Q1-03
USBB-MOR-2025Q1-0053,US Small Business Bank,Mortgage,2025Q1,210040.32,B2025Q1-03
USBB-MOR-2025Q1-0054,US Small Business Bank,Mortgage,2025Q1,93880.26,B2025Q1-03
USBB-MOR-2025Q1-0055,US Small Business Bank,Mortgage,2025Q1,102235.63,B2025Q1-03
USBB-MOR-2025Q1-0056,US Small Business Bank,Mortgage,2025Q1,151266.03,B2025Q1-03
USBB-MOR-2025Q1-0057,US Small Business Bank,Mortgage,2025Q1,111666.62,B2025Q1-03
USBB-MOR-2025Q1-0058,US Small Business Bank,Mortgage,2025Q1,112109.12,B2025Q1-03
USBB-MOR-2025Q1-0059,US Small Business Bank,Mortgage,2025Q1,222635.66,B2025Q1-03
USBB-MOR-2025Q1-0060,US Small Business Bank,Mortgage,2025Q1,80335.75,B2025Q1-03
USBB-MOR-2025Q1-0061,US Small Business Bank,Mortgage,2025Q1,131747.25,B2025Q1-03
USBB-MOR-2025Q1-0062,US Small Business Bank,Mortgage,2025Q1,80244.35,B2025Q1-03
USBB-MOR-2025Q1-0063,US Small Business Bank,Mortgage,2025Q1,53869.84,B2025Q1-03
USBB-MOR-2025Q1-0064,US Small Business Bank,Mortgage,2025Q1,331317.07,B2025Q1-03
USBB-MOR-2025Q1-0065,US Small Business Bank,Mortgage,2025Q1,185925.02,B2025Q1-03
USBB-MOR-2025Q1-0066,US Small Business Bank,Mortgage,2025Q1,169055.21,B2025Q1-03
USBB-MOR-2025Q1-0067,US Small Business Bank,Mortgage,2025Q1,68376.32,B2025Q1-03
USBB-MOR-2025Q1-0068,US Small Business Bank,Mortgage,2025Q1,104153.48,B2025Q1-03
USBB-MOR-2025Q1-0069,US Small Business Bank,Mortgage,2025Q1,99893.06,B2025Q1-03
USBB-MOR-2025Q1-0070,US Small Business Bank,Mortgage,2025Q1,199585.22,B2025Q1-03
USBB-MOR-2025Q1-0071,US Small Business Bank,Mortgage,2025Q1,124853.12,B2025Q1-03
USBB-MOR-2025Q1-0072,US Small Business Bank,Mortgage,2025Q1,449661.51,B2025Q1-03
USBB-MOR-2025Q1-0073,US Small Business Bank,Mortgage,2025Q1,101278.72,B2025Q1-03
USBB-MOR-2025Q1-0074,US Small Business Bank,Mortgage,2025Q1,72836.68,B2025Q1-03
USBB-MOR-2025Q1-0075,US Small Business Bank,Mortgage,2025Q1,73601.7,B2025Q1-04
USBB-MOR-2025Q1-0076,US Small Business Bank,Mortgage,2025Q1,197675.35,B2025Q1-04
USBB-MOR-2025Q1-0077,US Small Business Bank,Mortgage,2025Q1,302086.28,B2025Q1-04
USBB-MOR-2025Q1-0078,US Small Business Bank,Mortgage,2025Q1,174910.55,B2025Q1-04
USBB-MOR-2025Q1-0079,US Small Business Bank,Mortgage,2025Q1,264247.75,B2025Q1-04
USBB-MOR-2025Q1-0080,US Small Business Bank,Mortgage,2025Q1,77274.66,B2025Q1-04
USBB-MOR-2025Q1-0081,US Small Business Bank,Mortgage,2025Q1,392768.85,B2025Q1-04
USBB-MOR-2025Q1-0082,US Small Business Bank,Mortgage,2025Q1,166017.06,B2025Q1-04
USBB-MOR-2025Q1-0083,US Small Business Bank,Mortgage,2025Q1,59971.0,B2025Q1-04
USBB-MOR-2025Q1-0084,US Small Business Bank,Mortgage,2025Q1,274615.34,B2025Q1-04
USBB-MOR-2025Q1-0085,US Small Business Bank,Mortgage,2025Q1,117523.94,B2025Q1-04
USBB-MOR-2025Q1-0086,US Small Business Bank,Mortgage,2025Q1,156925.83,B2025Q1-04
USBB-MOR-2025Q1-0087,US Small Business Bank,Mortgage,2025Q1,72152.44,B2025Q1-04
USBB-MOR-2025Q1-0088,US Small Business Bank,Mortgage,2025Q1,134978.06,B2025Q1-04
USBB-MOR-2025Q1-0089,US Small Business Bank,Mortgage,2025Q1,247718.58,B2025Q1-04
USBB-MOR-2025Q1-0090,US Small Business Bank,Mortgage,2025Q1,121947.36,B2025Q1-04
USBB-MOR-2025Q1-0091,US Small Business Bank,Mortgage,2025Q1,155273.9,B2025Q1-04
USBB-MOR-2025Q1-0092,US Small Business Bank,Mortgage,2025Q1,330437.63,B2025Q1-04
USBB-MOR-2025Q1-0093,US Small Business Bank,Mortgage,2025Q1,554091.03,B2025Q1-04
USBB-MOR-2025Q1-0094,US Small Business Bank,Mortgage,2025Q1,232580.74,B2025Q1-04
USBB-MOR-2025Q1-0095,US Small Business Bank,Mortgage,2025Q1,80092.44,B2025Q1-04
USBB-MOR-2025Q1-0096,US Small Business Bank,Mortgage,2025Q1,63843.76,B2025Q1-04
USBB-MOR-2025Q1-0097,US Small Business Bank,Mortgage,2025Q1,166139.23,B2025Q1-04
USBB-MOR-2025Q1-0098,US Small Business Bank,Mortgage,2025Q1,249885.06,B2025Q1-04
USBB-MOR-2025Q1-0099,US Small Business Bank,Mortgage,2025Q1,271095.54,B2025Q1-04
USBB-MOR-2025Q1-0100,US Small Business Bank,Mortgage,2025Q1,125322.13,B2025Q1-05
USBB-MOR-2025Q1-0101,US Small Business Bank,Mortgage,2025Q1,168490.97,B2025Q1-05
USBB-MOR-2025Q1-0102,US Small Business Bank,Mortgage,2025Q1,100915.17,B2025Q1-05
USBB-MOR-2025Q2-0000,US Small Business Bank,Mortgage,2025Q2,78242.93,B2025Q2-01
USBB-MOR-2025Q2-0001,US Small Business Bank,Mortgage,2025Q2,212961.56,B2025Q2-01
USBB-MOR-2025Q2-0002,US Small Business Bank,Mortgage,2025Q2,120834.95,B2025Q2-01
USBB-MOR-2025Q2-0003,US Small Business Bank,Mortgage,2025Q2,303722.72,B2025Q2-01
USBB-MOR-2025Q2-0004,US Small Business Bank,Mortgage,2025Q2,139801.96,B2025Q2-01
USBB-MOR-2025Q2-0005,US Small Business Bank,Mortgage,2025Q2,80872.17,B2025Q2-01
USBB-MOR-2025Q2-0006,US Small Business Bank,Mortgage,2025Q2,116018.55,B2025Q2-01
USBB-MOR-2025Q2-0007,US Small Business Bank,Mortgage,2025Q2,342340.29,B2025Q2-01
USBB-MOR-2025Q2-0008,US Small Business Bank,Mortgage,2025Q2,117445.41,B2025Q2-01
USBB-MOR-2025Q2-0009,US Small Business Bank,Mortgage,2025Q2,259960.13,B2025Q2-01
USBB-MOR-2025Q2-0010,US Small Business Bank,Mortgage,2025Q2,79769.84,B2025Q2-01
USBB-MOR-2025Q2-0011,US Small Business Bank,Mortgage,2025Q2,85926.32,B2025Q2-01
USBB-MOR-2025Q2-0012,US Small Business Bank,Mortgage,2025Q2,135463.16,B2025Q2-01
USBB-MOR-2025Q2-0013,US Small Business Bank,Mortgage,2025Q2,47683.86,B2025Q2-01
USBB-MOR-2025Q2-0014,US Small Business Bank,Mortgage,2025Q2,109542.16,B2025Q2-01
USBB-MOR-2025Q2-0015,US Small Business Bank,Mortgage,2025Q2,152545.12,B2025Q2-01
USBB-MOR-2025Q2-0016,US Small Business Bank,Mortgage,2025Q2,262560.78,B2025Q2-01
USBB-MOR-2025Q2-0017,US Small Business Bank,Mortgage,2025Q2,63498.73,B2025Q2-01
USBB-MOR-2025Q2-0018,US Small Business Bank,Mortgage,2025Q2,66700.79,B2025Q2-01
USBB-MOR-2025Q2-0019,US Small Business Bank,Mortgage,2025Q2,121884.65,B2025Q2-01
USBB-MOR-2025Q2-0020,US Small Business Bank,Mortgage,2025Q2,95382.37,B2025Q2-01
USBB-MOR-2025Q2-0021,US Small Business Bank,Mortgage,2025Q2,107297.91,B2025Q2-01
USBB-MOR-2025Q2-0022,US Small Business Bank,Mortgage,2025Q2,126022.39,B2025Q2-01
USBB-MOR-2025Q2-0023,US Small Business Bank,Mortgage,2025Q2,61623.47,B2025Q2-01
USBB-MOR-2025Q2-0024,US Small Business Bank,Mortgage,2025Q2,98313.51,B2025Q2-01
USBB-MOR-2025Q2-0025,US Small Business Bank,Mortgage,2025Q2,171856.6,B2025Q2-02
USBB-MOR-2025Q2-0026,US Small Business Bank,Mortgage,2025Q2,106388.25,B2025Q2-02
USBB-MOR-2025Q2-0027,US Small Business Bank,Mortgage,2025Q2,217891.17,B2025Q2-02
USBB-MOR-2025Q2-0028,US Small Business Bank,Mortgage,2025Q2,122459.26,B2025Q2-02
USBB-MOR-2025Q2-0029,US Small Business Bank,Mortgage,2025Q2,330773.0,B2025Q2-02
USBB-MOR-2025Q2-0030,US Small Business Bank,Mortgage,2025Q2,151688.8,B2025Q2-02
USBB-MOR-2025Q2-0031,US Small Business Bank,Mortgage,2025Q2,104563.93,B2025Q2-02
USBB-MOR-2025Q2-0032,US Small Business Bank,Mortgage,2025Q2,129338.95,B2025Q2-02
USBB-MOR-2025Q2-0033,US Small Business Bank,Mortgage,2025Q2,177838.9,B2025Q2-02
USBB-MOR-2025Q2-0034,US Small Business Bank,Mortgage,2025Q2,27019.28,B2025Q2-02
USBB-MOR-2025Q2-0035,US Small Business Bank,Mortgage,2025Q2,153913.32,B2025Q2-02
USBB-MOR-2025Q2-0036,US Small Business Bank,Mortgage,2025Q2,145310.77,B2025Q2-02
USBB-MOR-2025Q2-0037,US Small Business Bank,Mortgage,2025Q2,130076.04,B2025Q2-02
USBB-MOR-2025Q2-0038,US Small Business Bank,Mortgage,2025Q2,88633.73,B2025Q2-02
USBB-MOR-2025Q2-0039,US Small Business Bank,Mortgage,2025Q2,75014.19,B2025Q2-02
USBB-MOR-2025Q2-0040,US Small Business Bank,Mortgage,2025Q2,93623.98,B2025Q2-02
USBB-MOR-2025Q2-0041,US Small Business Bank,Mortgage,2025Q2,304586.87,B2025Q2-02
USBB-MOR-2025Q2-0042,US Small Business Bank,Mortgage,2025Q2,71381.28,B2025Q2-02
USBB-MOR-2025Q2-0043,US Small Business Bank,Mortgage,2025Q2,163895.14,B2025Q2-02
USBB-MOR-2025Q2-0044,US Small Business Bank,Mortgage,2025Q2,239228.94,B2025Q2-02
USBB-MOR-2025Q2-0045,US Small Business Bank,Mortgage,2025Q2,26295.91,B2025Q2-02
USBB-MOR-2025Q2-0046,US Small Business Bank,Mortgage,2025Q2,123841.53,B2025Q2-02
USBB-MOR-2025Q2-0047,US Small Business Bank,Mortgage,2025Q2,202415.99,B2025Q2-02
USBB-MOR-2025Q2-0048,US Small Business Bank,Mortgage,2025Q2,232728.51,B2025Q2-02
USBB-MOR-2025Q2-0049,US Small Business Bank,Mortgage,2025Q2,198099.67,B2025Q2-02
USBB-MOR-2025Q2-0050,US Small Business Bank,Mortgage,2025Q2,382014.12,B2025Q2-03
USBB-MOR-2025Q2-0051,US Small Business Bank,Mortgage,2025Q2,168175.72,B2025Q2-03
USBB-MOR-2025Q2-0052,US Small Business Bank,Mortgage,2025Q2,136300.17,B2025Q2-03
USBB-MOR-2025Q2-0053,US Small Business Bank,Mortgage,2025Q2,78630.38,B2025Q2-03
USBB-MOR-2025Q2-0054,US Small Business Bank,Mortgage,2025Q2,203930.5,B2025Q2-03
USBB-MOR-2025Q2-0055,US Small Business Bank,Mortgage,2025Q2,146820.1,B2025Q2-03
USBB-MOR-2025Q2-0056,US Small Business Bank,Mortgage,2025Q2,73048.94,B2025Q2-03
USBB-MOR-2025Q2-0057,US Small Business Bank,Mortgage,2025Q2,61920.61,B2025Q2-03
USBB-MOR-2025Q2-0058,US Small Business Bank,Mortgage,2025Q2,102990.91,B2025Q2-03
USBB-MOR-2025Q2-0059,US Small Business Bank,Mortgage,2025Q2,28803.58,B2025Q2-03
USBB-MOR-2025Q2-0060,US Small Business Bank,Mortgage,2025Q2,78182.1,B2025Q2-03
USBB-MOR-2025Q2-0061,US Small Business Bank,Mortgage,2025Q2,131039.09,B2025Q2-03
USBB-MOR-2025Q2-0062,US Small Business Bank,Mortgage,2025Q2,247647.65,B2025Q2-03
USBB-MOR-2025Q2-0063,US Small Business Bank,Mortgage,2025Q2,69917.17,B2025Q2-03
USBB-MOR-2025Q2-0064,US Small Business Bank,Mortgage,2025Q2,189108.8,B2025Q2-03
USBB-MOR-2025Q2-0065,US Small Business Bank,Mortgage,2025Q2,84401.7,B2025Q2-03
USBB-MOR-2025Q2-0066,US Small Business Bank,Mortgage,2025Q2,184672.83,B2025Q2-03
USBB-MOR-2025Q2-0067,US Small Business Bank,Mortgage,2025Q2,328595.35,B2025Q2-03
USBB-MOR-2025Q2-0068,US Small Business Bank,Mortgage,2025Q2,221593.43,B2025Q2-03
USBB-MOR-2025Q2-0069,US Small Business Bank,Mortgage,2025Q2,60537.88,B2025Q2-03
USBB-MOR-2025Q2-0070,US Small Business Bank,Mortgage,2025Q2,200977.74,B2025Q2-03
USBB-MOR-2025Q2-0071,US Small Business Bank,Mortgage,2025Q2,198101.56,B2025Q2-03
USBB-MOR-2025Q2-0072,US Small Business Bank,Mortgage,2025Q2,300573.54,B2025Q2-03
USBB-MOR-2025Q2-0073,US Small Business Bank,Mortgage,2025Q2,78192.2,B2025Q2-03
USBB-MOR-2025Q2-0074,US Small Business Bank,Mortgage,2025Q2,53309.75,B2025Q2-03
USBB-MOR-2025Q2-0075,US Small Business Bank,Mortgage,2025Q2,166904.76,B2025Q2-04
USBB-MOR-2025Q2-0076,US Small Business Bank,Mortgage,2025Q2,147989.3,B2025Q2-04
USBB-MOR-2025Q2-0077,US Small Business Bank,Mortgage,2025Q2,135342.7,B2025Q2-04
USBB-MOR-2025Q2-0078,US Small Business Bank,Mortgage,2025Q2,146325.1,B2025Q2-04
USBB-MOR-2025Q2-0079,US Small Business Bank,Mortgage,2025Q2,345907.97,B2025Q2-04
USBB-MOR-2025Q2-0080,US Small Business Bank,Mortgage,2025Q2,82003.22,B2025Q2-04
USBB-MOR-2025Q2-0081,US Small Business Bank,Mortgage,2025Q2,460894.23,B2025Q2-04
USBB-MOR-2025Q2-0082,US Small Business Bank,Mortgage,2025Q2,118914.72,B2025Q2-04
USBB-MOR-2025Q2-0083,US Small Business Bank,Mortgage,2025Q2,164239.57,B2025Q2-04
USBB-MOR-2025Q2-0084,US Small Business Bank,Mortgage,2025Q2,297706.52,B2025Q2-04
USBB-MOR-2025Q2-0085,US Small Business Bank,Mortgage,2025Q2,155378.89,B2025Q2-04
USBB-MOR-2025Q2-0086,US Small Business Bank,Mortgage,2025Q2,69807.66,B2025Q2-04
USBB-MOR-2025Q2-0087,US Small Business Bank,Mortgage,2025Q2,65097.02,B2025Q2-04
USBB-MOR-2025Q2-0088,US Small Business Bank,Mortgage,2025Q2,312198.89,B2025Q2-04
USBB-MOR-2025Q2-0089,US Small Business Bank,Mortgage,2025Q2,127739.28,B2025Q2-04
USBB-MOR-2025Q2-0090,US Small Business Bank,Mortgage,2025Q2,187946.48,B2025Q2-04
USBB-MOR-2025Q2-0091,US Small Business Bank,Mortgage,2025Q2,121546.51,B2025Q2-04
USBB-MOR-2025Q2-0092,US Small Business Bank,Mortgage,2025Q2,90727.23,B2025Q2-04
USBB-MOR-2025Q2-0093,US Small Business Bank,Mortgage,2025Q2,145622.32,B2025Q2-04
USBB-MOR-2025Q2-0094,US Small Business Bank,Mortgage,2025Q2,234854.65,B2025Q2-04
USBB-MOR-2025Q2-0095,US Small Business Bank,Mortgage,2025Q2,158673.48,B2025Q2-04
USBB-MOR-2025Q2-0096,US Small Business Bank,Mortgage,2025Q2,45276.32,B2025Q2-04
USBB-MOR-2025Q2-0097,US Small Business Bank,Mortgage,2025Q2,85896.38,B2025Q2-04
USBB-MOR-2025Q2-0098,US Small Business Bank,Mortgage,2025Q2,377344.53,B2025Q2-04
USBB-MOR-2025Q2-0099,US Small Business Bank,Mortgage,2025Q2,246738.94,B2025Q2-04
USBB-MOR-2025Q2-0100,US Small Business Bank,Mortgage,2025Q2,264872.08,B2025Q2-05
USBB-MOR-2025Q2-0101,US Small Business Bank,Mortgage,2025Q2,144410.29,B2025Q2-05
USBB-MOR-2025Q2-0102,US Small Business Bank,Mortgage,2025Q2,193835.4,B2025Q2-05
USBB-AUT-2025Q1-0000,US Small Business Bank,Auto Loan,2025Q1,11386.85,B2025Q1-01
USBB-AUT-2025Q1-0001,US Small Business Bank,Auto Loan,2025Q1,17664.58,B2025Q1-01
USBB-AUT-2025Q1-0002,US Small Business Bank,Auto Loan,2025Q1,23573.25,B2025Q1-01
USBB-AUT-2025Q1-0003,US Small Business Bank,Auto Loan,2025Q1,7533.74,B2025Q1-01
USBB-AUT-2025Q1-0004,US Small Business Bank,Auto Loan,2025Q1,13469.02,B2025Q1-01
USBB-AUT-2025Q1-0005,US Small Business Bank,Auto Loan,2025Q1,7512.87,B2025Q1-01
USBB-AUT-2025Q1-0006,US Small Business Bank,Auto Loan,2025Q1,9024.21,B2025Q1-01
USBB-AUT-2025Q1-0007,US Small Business Bank,Auto Loan,2025Q1,14003.52,B2025Q1-01
USBB-AUT-2025Q1-0008,US Small Business Bank,Auto Loan,2025Q1,5453.51,B2025Q1-01
USBB-AUT-2025Q1-0009,US Small Business Bank,Auto Loan,2025Q1,12653.97,B2025Q1-01
USBB-AUT-2025Q1-0010,US Small Business Bank,Auto Loan,2025Q1,5960.17,B2025Q1-01
USBB-AUT-2025Q1-0011,US Small Business Bank,Auto Loan,2025Q1,7307.22,B2025Q1-01
USBB-AUT-2025Q1-0012,US Small Business Bank,Auto Loan,2025Q1,4415.12,B2025Q1-01
USBB-AUT-2025Q1-0013,US Small Business Bank,Auto Loan,2025Q1,8823.98,B2025Q1-01
USBB-AUT-2025Q1-0014,US Small Business Bank,Auto Loan,2025Q1,12609.99,B2025Q1-01
USBB-AUT-2025Q1-0015,US Small Business Bank,Auto Loan,2025Q1,6044.39,B2025Q1-01
USBB-AUT-2025Q1-0016,US Small Business Bank,Auto Loan,2025Q1,10095.43,B2025Q1-01
USBB-AUT-2025Q1-0017,US Small Business Bank,Auto Loan,2025Q1,12063.17,B2025Q1-01
USBB-AUT-2025Q1-0018,US Small Business Bank,Auto Loan,2025Q1,32021.56,B2025Q1-01
USBB-AUT-2025Q1-0019,US Small Business Bank,Auto Loan,2025Q1,21919.42,B2025Q1-01
USBB-AUT-2025Q1-0020,US Small Business Bank,Auto Loan,2025Q1,15245.8,B2025Q1-01
USBB-AUT-2025Q1-0021,US Small Business Bank,Auto Loan,2025Q1,13742.32,B2025Q1-01
USBB-AUT-2025Q1-0022,US Small Business Bank,Auto Loan,2025Q1,8876.84,B2025Q1-01
USBB-AUT-2025Q1-0023,US Small Business Bank,Auto Loan,2025Q1,12560.97,B2025Q1-01
USBB-AUT-2025Q1-0024,US Small Business Bank,Auto Loan,2025Q1,44204.36,B2025Q1-01
USBB-AUT-2025Q1-0025,US Small Business Bank,Auto Loan,2025Q1,5856.95,B2025Q1-02
USBB-AUT-2025Q1-0026,US Small Business Bank,Auto Loan,2025Q1,14221.09,B2025Q1-02
USBB-AUT-2025Q1-0027,US Small Business Bank,Auto Loan,2025Q1,5526.9,B2025Q1-02
USBB-AUT-2025Q1-0028,US Small Business Bank,Auto Loan,2025Q1,4238.99,B2025Q1-02
USBB-AUT-2025Q1-0029,US Small Business Bank,Auto Loan,2025Q1,23457.93,B2025Q1-02
USBB-AUT-2025Q1-0030,US Small Business Bank,Auto Loan,2025Q1,9818.53,B2025Q1-02
USBB-AUT-2025Q1-0031,US Small Business Bank,Auto Loan,2025Q1,6378.56,B2025Q1-02
USBB-AUT-2025Q1-0032,US Small Business Bank,Auto Loan,2025Q1,19353.45,B2025Q1-02
USBB-AUT-2025Q1-0033,US Small Business Bank,Auto Loan,2025Q1,14635.8,B2025Q1-02
USBB-AUT-2025Q1-0034,US Small Business Bank,Auto Loan,2025Q1,5848.09,B2025Q1-02
USBB-AUT-2025Q1-0035,US Small Business Bank,Auto Loan,2025Q1,6134.8,B2025Q1-02
USBB-AUT-2025Q1-0036,US Small Business Bank,Auto Loan,2025Q1,11026.77,B2025Q1-02
USBB-AUT-2025Q1-0037,US Small Business Bank,Auto Loan,2025Q1,6288.06,B2025Q1-02
USBB-AUT-2025Q1-0038,US Small Business Bank,Auto Loan,2025Q1,10287.34,B2025Q1-02
USBB-AUT-2025Q1-0039,US Small Business Bank,Auto Loan,2025Q1,9228.31,B2025Q1-02
USBB-AUT-2025Q1-0040,US Small Business Bank,Auto Loan,2025Q1,10088.05,B2025Q1-02
USBB-AUT-2025Q1-0041,US Small Business Bank,Auto Loan,2025Q1,21089.25,B2025Q1-02
USBB-AUT-2025Q1-0042,US Small Business Bank,Auto Loan,2025Q1,43048.42,B2025Q1-02
USBB-AUT-2025Q1-0043,US Small Business Bank,Auto Loan,2025Q1,5555.61,B2025Q1-02
USBB-AUT-2025Q1-0044,US Small Business Bank,Auto Loan,2025Q1,5236.08,B2025Q1-02
USBB-AUT-2025Q1-0045,US Small Business Bank,Auto Loan,2025Q1,12128.34,B2025Q1-02
USBB-AUT-2025Q1-0046,US Small Business Bank,Auto Loan,2025Q1,24359.99,B2025Q1-02
USBB-AUT-2025Q1-0047,US Small Business Bank,Auto Loan,2025Q1,4392.83,B2025Q1-02
USBB-AUT-2025Q1-0048,US Small Business Bank,Auto Loan,2025Q1,32064.53,B2025Q1-02
USBB-AUT-2025Q1-0049,US Small Business Bank,Auto Loan,2025Q1,18105.3,B2025Q1-02
USBB-AUT-2025Q1-0050,US Small Business Bank,Auto Loan,2025Q1,19941.46,B2025Q1-03
USBB-AUT-2025Q1-0051,US Small Business Bank,Auto Loan,2025Q1,8469.49,B2025Q1-03
USBB-AUT-2025Q1-0052,US Small Business Bank,Auto Loan,2025Q1,4272.01,B2025Q1-03
USBB-AUT-2025Q1-0053,US Small Business Bank,Auto Loan,2025Q1,10149.45,B2025Q1-03
USBB-AUT-2025Q1-0054,US Small Business Bank,Auto Loan,2025Q1,16221.19,B2025Q1-03
USBB-AUT-2025Q1-0055,US Small Business Bank,Auto Loan,2025Q1,9333.98,B2025Q1-03
USBB-AUT-2025Q1-0056,US Small Business Bank,Auto Loan,2025Q1,4272.99,B2025Q1-03
USBB-AUT-2025Q1-0057,US Small Business Bank,Auto Loan,2025Q1,18943.53,B2025Q1-03
USBB-AUT-2025Q1-0058,US Small Business Bank,Auto Loan,2025Q1,10138.03,B2025Q1-03
USBB-AUT-2025Q1-0059,US Small Business Bank,Auto Loan,2025Q1,5735.35,B2025Q1-03
USBB-AUT-2025Q1-0060,US Small Business Bank,Auto Loan,2025Q1,20001.24,B2025Q1-03
USBB-AUT-2025Q1-0061,US Small Business Bank,Auto Loan,2025Q1,6026.47,B2025Q1-03
USBB-AUT-2025Q1-0062,US Small Business Bank,Auto Loan,2025Q1,7174.13,B2025Q1-03
USBB-AUT-2025Q1-0063,US Small Business Bank,Auto Loan,2025Q1,8591.19,B2025Q1-03
USBB-AUT-2025Q1-0064,US Small Business Bank,Auto Loan,2025Q1,11744.92,B2025Q1-03
USBB-AUT-2025Q1-0065,US Small Business Bank,Auto Loan,2025Q1,9550.14,B2025Q1-03
USBB-AUT-2025Q1-0066,US Small Business Bank,Auto Loan,2025Q1,20281.59,B2025Q1-03
USBB-AUT-2025Q1-0067,US Small Business Bank,Auto Loan,2025Q1,13314.08,B2025Q1-03
USBB-AUT-2025Q1-0068,US Small Business Bank,Auto Loan,2025Q1,12161.32,B2025Q1-03
USBB-AUT-2025Q1-0069,US Small Business Bank,Auto Loan,2025Q1,13765.3,B2025Q1-03
USBB-AUT-2025Q1-0070,US Small Business Bank,Auto Loan,2025Q1,13728.44,B2025Q1-03
USBB-AUT-2025Q1-0071,US Small Business Bank,Auto Loan,2025Q1,5912.4,B2025Q1-03
USBB-AUT-2025Q1-0072,US Small Business Bank,Auto Loan,2025Q1,12827.51,B2025Q1-03
USBB-AUT-2025Q1-0073,US Small Business Bank,Auto Loan,2025Q1,16679.81,B2025Q1-03
USBB-AUT-2025Q1-0074,US Small Business Bank,Auto Loan,2025Q1,6504.85,B2025Q1-03
USBB-AUT-2025Q1-0075,US Small Business Bank,Auto Loan,2025Q1,7394.08,B2025Q1-04
USBB-AUT-2025Q1-0076,US Small Business Bank,Auto Loan,2025Q1,24147.75,B2025Q1-04
USBB-AUT-2025Q1-0077,US Small Business Bank,Auto Loan,2025Q1,12235.62,B2025Q1-04
USBB-AUT-2025Q1-0078,US Small Business Bank,Auto Loan,2025Q1,8148.65,B2025Q1-04
USBB-AUT-2025Q1-0079,US Small Business Bank,Auto Loan,2025Q1,7048.01,B2025Q1-04
USBB-AUT-2025Q1-0080,US Small Business Bank,Auto Loan,2025Q1,8895.05,B2025Q1-04
USBB-AUT-2025Q1-0081,US Small Business Bank,Auto Loan,2025Q1,8350.72,B2025Q1-04
USBB-AUT-2025Q1-0082,US Small Business Bank,Auto Loan,2025Q1,5133.79,B2025Q1-04
USBB-AUT-2025Q1-0083,US Small Business Bank,Auto Loan,2025Q1,16831.43,B2025Q1-04
USBB-AUT-2025Q1-0084,US Small Business Bank,Auto Loan,2025Q1,10388.69,B2025Q1-04
USBB-AUT-2025Q1-0085,US Small Business Bank,Auto Loan,2025Q1,15598.91,B2025Q1-04
USBB-AUT-2025Q1-0086,US Small Business Bank,Auto Loan,2025Q1,7667.91,B2025Q1-04
USBB-AUT-2025Q1-0087,US Small Business Bank,Auto Loan,2025Q1,12570.97,B2025Q1-04
USBB-AUT-2025Q1-0088,US Small Business Bank,Auto Loan,2025Q1,11270.42,B2025Q1-04
USBB-AUT-2025Q1-0089,US Small Business Bank,Auto Loan,2025Q1,10897.08,B2025Q1-04
USBB-AUT-2025Q1-0090,US Small Business Bank,Auto Loan,2025Q1,5763.22,B2025Q1-04
USBB-AUT-2025Q1-0091,US Small Business Bank,Auto Loan,2025Q1,6164.83,B2025Q1-04
USBB-AUT-2025Q1-0092,US Small Business Bank,Auto Loan,2025Q1,13072.55,B2025Q1-04
USBB-AUT-2025Q1-0093,US Small Business Bank,Auto Loan,2025Q1,18457.66,B2025Q1-04
USBB-AUT-2025Q1-0094,US Small Business Bank,Auto Loan,2025Q1,10281.25,B2025Q1-04
USBB-AUT-2025Q1-0095,US Small Business Bank,Auto Loan,2025Q1,27156.52,B2025Q1-04
USBB-AUT-2025Q1-0096,US Small Business Bank,Auto Loan,2025Q1,14773.5,B2025Q1-04
USBB-AUT-2025Q1-0097,US Small Business Bank,Auto Loan,2025Q1,19300.45,B2025Q1-04
USBB-AUT-2025Q1-0098,US Small Business Bank,Auto Loan,2025Q1,17554.79,B2025Q1-04
USBB-AUT-2025Q1-0099,US Small Business Bank,Auto Loan,2025Q1,12211.46,B2025Q1-04
USBB-AUT-2025Q1-0100,US Small Business Bank,Auto Loan,2025Q1,8318.28,B2025Q1-05
USBB-AUT-2025Q1-0101,US Small Business Bank,Auto Loan,2025Q1,10330.25,B2025Q1-05
USBB-AUT-2025Q1-0102,US Small Business Bank,Auto Loan,2025Q1,21718.13,B2025Q1-05
USBB-AUT-2025Q1-0103,US Small Business Bank,Auto Loan,2025Q1,5162.97,B2025Q1-05
USBB-AUT-2025Q1-0104,US Small Business Bank,Auto Loan,2025Q1,29453.4,B2025Q1-05
USBB-AUT-2025Q1-0105,US Small Business Bank,Auto Loan,2025Q1,18002.84,B2025Q1-05
USBB-AUT-2025Q1-0106,US Small Business Bank,Auto Loan,2025Q1,23704.5,B2025Q1-05
USBB-AUT-2025Q1-0107,US Small Business Bank,Auto Loan,2025Q1,10704.14,B2025Q1-05
USBB-AUT-2025Q1-0108,US Small Business Bank,Auto Loan,2025Q1,8674.08,B2025Q1-05
USBB-AUT-2025Q2-0000,US Small Business Bank,Auto Loan,2025Q2,16281.17,B2025Q2-01
USBB-AUT-2025Q2-0001,US Small Business Bank,Auto Loan,2025Q2,8318.84,B2025Q2-01
USBB-AUT-2025Q2-0002,US Small Business Bank,Auto Loan,2025Q2,20939.13,B2025Q2-01
USBB-AUT-2025Q2-0003,US Small Business Bank,Auto Loan,2025Q2,5193.42,B2025Q2-01
USBB-AUT-2025Q2-0004,US Small Business Bank,Auto Loan,2025Q2,21015.43,B2025Q2-01
USBB-AUT-2025Q2-0005,US Small Business Bank,Auto Loan,2025Q2,12935.31,B2025Q2-01
USBB-AUT-2025Q2-0006,US Small Business Bank,Auto Loan,2025Q2,6907.18,B2025Q2-01
USBB-AUT-2025Q2-0007,US Small Business Bank,Auto Loan,2025Q2,4328.51,B2025Q2-01
USBB-AUT-2025Q2-0008,US Small Business Bank,Auto Loan,2025Q2,4948.2,B2025Q2-01
USBB-AUT-2025Q2-0009,US Small Business Bank,Auto Loan,2025Q2,34539.34,B2025Q2-01
USBB-AUT-2025Q2-0010,US Small Business Bank,Auto Loan,2025Q2,11822.68,B2025Q2-01
USBB-AUT-2025Q2-0011,US Small Business Bank,Auto Loan,2025Q2,13719.52,B2025Q2-01
USBB-AUT-2025Q2-0012,US Small Business Bank,Auto Loan,2025Q2,28321.38,B2025Q2-01
USBB-AUT-2025Q2-0013,US Small Business Bank,Auto Loan,2025Q2,13683.84,B2025Q2-01
USBB-AUT-2025Q2-0014,US Small Business Bank,Auto Loan,2025Q2,5512.92,B2025Q2-01
USBB-AUT-2025Q2-0015,US Small Business Bank,Auto Loan,2025Q2,12872.34,B2025Q2-01
USBB-AUT-2025Q2-0016,US Small Business Bank,Auto Loan,2025Q2,41256.91,B2025Q2-01
USBB-AUT-2025Q2-0017,US Small Business Bank,Auto Loan,2025Q2,15310.45,B2025Q2-01
USBB-AUT-2025Q2-0018,US Small Business Bank,Auto Loan,2025Q2,8050.99,B2025Q2-01
USBB-AUT-2025Q2-0019,US Small Business Bank,Auto Loan,2025Q2,10873.43,B2025Q2-01
USBB-AUT-2025Q2-0020,US Small Business Bank,Auto Loan,2025Q2,6609.86,B2025Q2-01
USBB-AUT-2025Q2-0021,US Small Business Bank,Auto Loan,2025Q2,11796.53,B2025Q2-01
USBB-AUT-2025Q2-0022,US Small Business Bank,Auto Loan,2025Q2,10155.18,B2025Q2-01
USBB-AUT-2025Q2-0023,US Small Business Bank,Auto Loan,2025Q2,9034.95,B2025Q2-01
USBB-AUT-2025Q2-0024,US Small Business Bank,Auto Loan,2025Q2,15663.15,B2025Q2-01
USBB-AUT-2025Q2-0025,US Small Business Bank,Auto Loan,2025Q2,10461.64,B2025Q2-02
USBB-AUT-2025Q2-0026,US Small Business Bank,Auto Loan,2025Q2,26521.44,B2025Q2-02
USBB-AUT-2025Q2-0027,US Small Business Bank,Auto Loan,2025Q2,6782.71,B2025Q2-02
USBB-AUT-2025Q2-0028,US Small Business Bank,Auto Loan,2025Q2,8313.58,B2025Q2-02
USBB-AUT-2025Q2-0029,US Small Business Bank,Auto Loan,2025Q2,19796.76,B2025Q2-02
USBB-AUT-2025Q2-0030,US Small Business Bank,Auto Loan,2025Q2,11417.85,B2025Q2-02
USBB-AUT-2025Q2-0031,US Small Business Bank,Auto Loan,2025Q2,12977.49,B2025Q2-02
USBB-AUT-2025Q2-0032,US Small Business Bank,Auto Loan,2025Q2,5814.94,B2025Q2-02
USBB-AUT-2025Q2-0033,US Small Business Bank,Auto Loan,2025Q2,24473.48,B2025Q2-02
USBB-AUT-2025Q2-0034,US Small Business Bank,Auto Loan,2025Q2,9186.64,B2025Q2-02
USBB-AUT-2025Q2-0035,US Small Business Bank,Auto Loan,2025Q2,10860.82,B2025Q2-02
USBB-AUT-2025Q2-0036,US Small Business Bank,Auto Loan,2025Q2,8488.56,B2025Q2-02
USBB-AUT-2025Q2-0037,US Small Business Bank,Auto Loan,2025Q2,25677.22,B2025Q2-02
USBB-AUT-2025Q2-0038,US Small Business Bank,Auto Loan,2025Q2,19039.94,B2025Q2-02
USBB-AUT-2025Q2-0039,US Small Business Bank,Auto Loan,2025Q2,14077.83,B2025Q2-02
USBB-AUT-2025Q2-0040,US Small Business Bank,Auto Loan,2025Q2,7622.34,B2025Q2-02
USBB-AUT-2025Q2-0041,US Small Business Bank,Auto Loan,2025Q2,7087.12,B2025Q2-02
USBB-AUT-2025Q2-0042,US Small Business Bank,Auto Loan,2025Q2,10347.36,B2025Q2-02
USBB-AUT-2025Q2-0043,US Small Business Bank,Auto Loan,2025Q2,26306.21,B2025Q2-02
USBB-AUT-2025Q2-0044,US Small Business Bank,Auto Loan,2025Q2,8887.87,B2025Q2-02
USBB-AUT-2025Q2-0045,US Small Business Bank,Auto Loan,2025Q2,19832.9,B2025Q2-02
USBB-AUT-2025Q2-0046,US Small Business Bank,Auto Loan,2025Q2,5634.84,B2025Q2-02
USBB-AUT-2025Q2-0047,US Small Business Bank,Auto Loan,2025Q2,9668.52,B2025Q2-02
USBB-AUT-2025Q2-0048,US Small Business Bank,Auto Loan,2025Q2,6570.95,B2025Q2-02
USBB-AUT-2025Q2-0049,US Small Business Bank,Auto Loan,2025Q2,5176.11,B2025Q2-02
USBB-AUT-2025Q2-0050,US Small Business Bank,Auto Loan,2025Q2,7670.48,B2025Q2-03
USBB-AUT-2025Q2-0051,US Small Business Bank,Auto Loan,2025Q2,7357.44,B2025Q2-03
USBB-AUT-2025Q2-0052,US Small Business Bank,Auto Loan,2025Q2,12148.31,B2025Q2-03
USBB-AUT-2025Q2-0053,US Small Business Bank,Auto Loan,2025Q2,9880.88,B2025Q2-03
USBB-AUT-2025Q2-0054,US Small Business Bank,Auto Loan,2025Q2,13668.57,B2025Q2-03
USBB-AUT-2025Q2-0055,US Small Business Bank,Auto Loan,2025Q2,18292.3,B2025Q2-03
USBB-AUT-2025Q2-0056,US Small Business Bank,Auto Loan,2025Q2,11143.83,B2025Q2-03
USBB-AUT-2025Q2-0057,US Small Business Bank,Auto Loan,2025Q2,6198.25,B2025Q2-03
USBB-AUT-2025Q2-0058,US Small Business Bank,Auto Loan,2025Q2,8916.2,B2025Q2-03
USBB-AUT-2025Q2-0059,US Small Business Bank,Auto Loan,2025Q2,20362.43,B2025Q2-03
USBB-AUT-2025Q2-0060,US Small Business Bank,Auto Loan,2025Q2,10116.44,B2025Q2-03
USBB-AUT-2025Q2-0061,US Small Business Bank,Auto Loan,2025Q2,11578.07,B2025Q2-03
USBB-AUT-2025Q2-0062,US Small Business Bank,Auto Loan,2025Q2,19660.62,B2025Q2-03
USBB-AUT-2025Q2-0063,US Small Business Bank,Auto Loan,2025Q2,28146.2,B2025Q2-03
USBB-AUT-2025Q2-0064,US Small Business Bank,Auto Loan,2025Q2,11909.3,B2025Q2-03
USBB-AUT-2025Q2-0065,US Small Business Bank,Auto Loan,2025Q2,24575.31,B2025Q2-03
USBB-AUT-2025Q2-0066,US Small Business Bank,Auto Loan,2025Q2,6353.6,B2025Q2-03
USBB-AUT-2025Q2-0067,US Small Business Bank,Auto Loan,2025Q2,17336.59,B2025Q2-03
USBB-AUT-2025Q2-0068,US Small Business Bank,Auto Loan,2025Q2,8872.15,B2025Q2-03
USBB-AUT-2025Q2-0069,US Small Business Bank,Auto Loan,2025Q2,14237.31,B2025Q2-03
USBB-AUT-2025Q2-0070,US Small Business Bank,Auto Loan,2025Q2,16357.9,B2025Q2-03
USBB-AUT-2025Q2-0071,US Small Business Bank,Auto Loan,2025Q2,12089.98,B2025Q2-03
USBB-AUT-2025Q2-0072,US Small Business Bank,Auto Loan,2025Q2,5884.58,B2025Q2-03
USBB-AUT-2025Q2-0073,US Small Business Bank,Auto Loan,2025Q2,22323.85,B2025Q2-03
USBB-AUT-2025Q2-0074,US Small Business Bank,Auto Loan,2025Q2,10828.95,B2025Q2-03
USBB-AUT-2025Q2-0075,US Small Business Bank,Auto Loan,2025Q2,9923.78,B2025Q2-04
USBB-AUT-2025Q2-0076,US Small Business Bank,Auto Loan,2025Q2,20868.33,B2025Q2-04
USBB-AUT-2025Q2-0077,US Small Business Bank,Auto Loan,2025Q2,7054.74,B2025Q2-04
USBB-AUT-2025Q2-0078,US Small Business Bank,Auto Loan,2025Q2,14151.64,B2025Q2-04
USBB-AUT-2025Q2-0079,US Small Business Bank,Auto Loan,2025Q2,9742.08,B2025Q2-04
USBB-AUT-2025Q2-0080,US Small Business Bank,Auto Loan,2025Q2,30708.1,B2025Q2-04
USBB-AUT-2025Q2-0081,US Small Business Bank,Auto Loan,2025Q2,8602.66,B2025Q2-04
USBB-AUT-2025Q2-0082,US Small Business Bank,Auto Loan,2025Q2,13993.3,B2025Q2-04
USBB-AUT-2025Q2-0083,US Small Business Bank,Auto Loan,2025Q2,11399.1,B2025Q2-04
USBB-AUT-2025Q2-0084,US Small Business Bank,Auto Loan,2025Q2,5441.41,B2025Q2-04
USBB-AUT-2025Q2-0085,US Small Business Bank,Auto Loan,2025Q2,30674.26,B2025Q2-04
USBB-AUT-2025Q2-0086,US Small Business Bank,Auto Loan,2025Q2,6357.14,B2025Q2-04
USBB-AUT-2025Q2-0087,US Small Business Bank,Auto Loan,2025Q2,9415.83,B2025Q2-04
USBB-AUT-2025Q2-0088,US Small Business Bank,Auto Loan,2025Q2,8317.66,B2025Q2-04
USBB-AUT-2025Q2-0089,US Small Business Bank,Auto Loan,2025Q2,10592.31,B2025Q2-04
USBB-AUT-2025Q2-0090,US Small Business Bank,Auto Loan,2025Q2,17821.65,B2025Q2-04
USBB-AUT-2025Q2-0091,US Small Business Bank,Auto Loan,2025Q2,18004.16,B2025Q2-04
USBB-AUT-2025Q2-0092,US Small Business Bank,Auto Loan,2025Q2,4112.71,B2025Q2-04
USBB-AUT-2025Q2-0093,US Small Business Bank,Auto Loan,2025Q2,6925.42,B2025Q2-04
USBB-AUT-2025Q2-0094,US Small Business Bank,Auto Loan,2025Q2,17390.76,B2025Q2-04
USBB-AUT-2025Q2-0095,US Small Business Bank,Auto Loan,2025Q2,8562.27,B2025Q2-04
USBB-AUT-2025Q2-0096,US Small Business Bank,Auto Loan,2025Q2,13077.76,B2025Q2-04
USBB-AUT-2025Q2-0097,US Small Business Bank,Auto Loan,2025Q2,16497.47,B2025Q2-04
USBB-AUT-2025Q2-0098,US Small Business Bank,Auto Loan,2025Q2,18450.51,B2025Q2-04
USBB-AUT-2025Q2-0099,US Small Business Bank,Auto Loan,2025Q2,15556.3,B2025Q2-04
USBB-AUT-2025Q2-0100,US Small Business Bank,Auto Loan,2025Q2,10262.73,B2025Q2-05
USBB-AUT-2025Q2-0101,US Small Business Bank,Auto Loan,2025Q2,11671.83,B2025Q2-05
USBB-AUT-2025Q2-0102,US Small Business Bank,Auto Loan,2025Q2,17700.08,B2025Q2-05
USBB-AUT-2025Q2-0103,US Small Business Bank,Auto Loan,2025Q2,13330.78,B2025Q2-05
USBB-AUT-2025Q2-0104,US Small Business Bank,Auto Loan,2025Q2,21951.36,B2025Q2-05
USBB-AUT-2025Q2-0105,US Small Business Bank,Auto Loan,2025Q2,8589.67,B2025Q2-05
USBB-AUT-2025Q2-0106,US Small Business Bank,Auto Loan,2025Q2,8495.44,B2025Q2-05
USBB-AUT-2025Q2-0107,US Small Business Bank,Auto Loan,2025Q2,9755.91,B2025Q2-05
USBB-AUT-2025Q2-0108,US Small Business Bank,Auto Loan,2025Q2,9024.53,B2025Q2-05
USBB-CRE-2025Q1-0000,US Small Business Bank,Credit Card,2025Q1,3208.16,B2025Q1-01
USBB-CRE-2025Q1-0001,US Small Business Bank,Credit Card,2025Q1,1122.13,B2025Q1-01
USBB-CRE-2025Q1-0002,US Small Business Bank,Credit Card,2025Q1,2416.96,B2025Q1-01
USBB-CRE-2025Q1-0003,US Small Business Bank,Credit Card,2025Q1,2874.49,B2025Q1-01
USBB-CRE-2025Q1-0004,US Small Business Bank,Credit Card,2025Q1,1527.91,B2025Q1-01
USBB-CRE-2025Q1-0005,US Small Business Bank,Credit Card,2025Q1,2641.22,B2025Q1-01
USBB-CRE-2025Q1-0006,US Small Business Bank,Credit Card,2025Q1,1037.47,B2025Q1-01
USBB-CRE-2025Q1-0007,US Small Business Bank,Credit Card,2025Q1,2233.7,B2025Q1-01
USBB-CRE-2025Q1-0008,US Small Business Bank,Credit Card,2025Q1,8956.86,B2025Q1-01
USBB-CRE-2025Q1-0009,US Small Business Bank,Credit Card,2025Q1,3295.39,B2025Q1-01
USBB-CRE-2025Q1-0010,US Small Business Bank,Credit Card,2025Q1,1302.97,B2025Q1-01
USBB-CRE-2025Q1-0011,US Small Business Bank,Credit Card,2025Q1,1442.89,B2025Q1-01
USBB-CRE-2025Q1-0012,US Small Business Bank,Credit Card,2025Q1,2848.75,B2025Q1-01
USBB-CRE-2025Q1-0013,US Small Business Bank,Credit Card,2025Q1,2291.77,B2025Q1-01
USBB-CRE-2025Q1-0014,US Small Business Bank,Credit Card,2025Q1,4112.27,B2025Q1-01
USBB-CRE-2025Q1-0015,US Small Business Bank,Credit Card,2025Q1,2481.27,B2025Q1-01
USBB-CRE-2025Q1-0016,US Small Business Bank,Credit Card,2025Q1,1331.02,B2025Q1-01
USBB-CRE-2025Q1-0017,US Small Business Bank,Credit Card,2025Q1,4746.7,B2025Q1-01
USBB-CRE-2025Q1-0018,US Small Business Bank,Credit Card,2025Q1,1932.34,B2025Q1-01
USBB-CRE-2025Q1-0019,US Small Business Bank,Credit Card,2025Q1,972.21,B2025Q1-01
USBB-CRE-2025Q1-0020,US Small Business Bank,Credit Card,2025Q1,2128.84,B2025Q1-01
USBB-CRE-2025Q1-0021,US Small Business Bank,Credit Card,2025Q1,1136.02,B2025Q1-01
USBB-CRE-2025Q1-0022,US Small Business Bank,Credit Card,2025Q1,1239.01,B2025Q1-01
USBB-CRE-2025Q1-0023,US Small Business Bank,Credit Card,2025Q1,910.67,B2025Q1-01
USBB-CRE-2025Q1-0024,US Small Business Bank,Credit Card,2025Q1,2506.48,B2025Q1-01
USBB-CRE-2025Q1-0025,US Small Business Bank,Credit Card,2025Q1,1168.57,B2025Q1-02
USBB-CRE-2025Q1-0026,US Small Business Bank,Credit Card,2025Q1,1136.03,B2025Q1-02
USBB-CRE-2025Q1-0027,US Small Business Bank,Credit Card,2025Q1,2266.34,B2025Q1-02
USBB-CRE-2025Q1-0028,US Small Business Bank,Credit Card,2025Q1,1370.33,B2025Q1-02
USBB-CRE-2025Q1-0029,US Small Business Bank,Credit Card,2025Q1,2101.48,B2025Q1-02
USBB-CRE-2025Q1-0030,US Small Business Bank,Credit Card,2025Q1,2443.91,B2025Q1-02
USBB-CRE-2025Q1-0031,US Small Business Bank,Credit Card,2025Q1,1206.58,B2025Q1-02
USBB-CRE-2025Q1-0032,US Small Business Bank,Credit Card,2025Q1,1389.73,B2025Q1-02
USBB-CRE-2025Q1-0033,US Small Business Bank,Credit Card,2025Q1,1768.65,B2025Q1-02
USBB-CRE-2025Q1-0034,US Small Business Bank,Credit Card,2025Q1,1529.76,B2025Q1-02
USBB-CRE-2025Q1-0035,US Small Business Bank,Credit Card,2025Q1,6488.88,B2025Q1-02
USBB-CRE-2025Q1-0036,US Small Business Bank,Credit Card,2025Q1,2671.5,B2025Q1-02
USBB-CRE-2025Q1-0037,US Small Business Bank,Credit Card,2025Q1,2073.15,B2025Q1-02
USBB-CRE-2025Q1-0038,US Small Business Bank,Credit Card,2025Q1,694.34,B2025Q1-02
USBB-CRE-2025Q1-0039,US Small Business Bank,Credit Card,2025Q1,1735.32,B2025Q1-02
USBB-CRE-2025Q1-0040,US Small Business Bank,Credit Card,2025Q1,2880.84,B2025Q1-02
USBB-CRE-2025Q1-0041,US Small Business Bank,Credit Card,2025Q1,6297.12,B2025Q1-02
USBB-CRE-2025Q1-0042,US Small Business Bank,Credit Card,2025Q1,1670.68,B2025Q1-02
USBB-CRE-2025Q1-0043,US Small Business Bank,Credit Card,2025Q1,1964.53,B2025Q1-02
USBB-CRE-2025Q1-0044,US Small Business Bank,Credit Card,2025Q1,1119.53,B2025Q1-02
USBB-CRE-2025Q1-0045,US Small Business Bank,Credit Card,2025Q1,3826.33,B2025Q1-02
USBB-CRE-2025Q1-0046,US Small Business Bank,Credit Card,2025Q1,5691.09,B2025Q1-02
USBB-CRE-2025Q1-0047,US Small Business Bank,Credit Card,2025Q1,1950.25,B2025Q1-02
USBB-CRE-2025Q1-0048,US Small Business Bank,Credit Card,2025Q1,1421.4,B2025Q1-02
USBB-CRE-2025Q1-0049,US Small Business Bank,Credit Card,2025Q1,2397.52,B2025Q1-02
USBB-CRE-2025Q1-0050,US Small Business Bank,Credit Card,2025Q1,491.76,B2025Q1-03
USBB-CRE-2025Q1-0051,US Small Business Bank,Credit Card,2025Q1,2376.53,B2025Q1-03
USBB-CRE-2025Q1-0052,US Small Business Bank,Credit Card,2025Q1,1100.71,B2025Q1-03
USBB-CRE-2025Q1-0053,US Small Business Bank,Credit Card,2025Q1,4249.66,B2025Q1-03
USBB-CRE-2025Q1-0054,US Small Business Bank,Credit Card,2025Q1,1059.72,B2025Q1-03
USBB-CRE-2025Q1-0055,US Small Business Bank,Credit Card,2025Q1,1677.1,B2025Q1-03
USBB-CRE-2025Q1-0056,US Small Business Bank,Credit Card,2025Q1,3560.76,B2025Q1-03
USBB-CRE-2025Q1-0057,US Small Business Bank,Credit Card,2025Q1,677.07,B2025Q1-03
USBB-CRE-2025Q1-0058,US Small Business Bank,Credit Card,2025Q1,744.77,B2025Q1-03
USBB-CRE-2025Q1-0059,US Small Business Bank,Credit Card,2025Q1,1765.96,B2025Q1-03
USBB-CRE-2025Q1-0060,US Small Business Bank,Credit Card,2025Q1,2340.03,B2025Q1-03
USBB-CRE-2025Q1-0061,US Small Business Bank,Credit Card,2025Q1,1110.32,B2025Q1-03
USBB-CRE-2025Q1-0062,US Small Business Bank,Credit Card,2025Q1,1078.94,B2025Q1-03
USBB-CRE-2025Q1-0063,US Small Business Bank,Credit Card,2025Q1,2556.34,B2025Q1-03
USBB-CRE-2025Q1-0064,US Small Business Bank,Credit Card,2025Q1,2447.8,B2025Q1-03
USBB-CRE-2025Q1-0065,US Small Business Bank,Credit Card,2025Q1,1162.77,B2025Q1-03
USBB-CRE-2025Q1-0066,US Small Business Bank,Credit Card,2025Q1,1235.27,B2025Q1-03
USBB-CRE-2025Q1-0067,US Small Business Bank,Credit Card,2025Q1,1353.79,B2025Q1-03
USBB-CRE-2025Q1-0068,US Small Business Bank,Credit Card,2025Q1,3021.32,B2025Q1-03
USBB-CRE-2025Q1-0069,US Small Business Bank,Credit Card,2025Q1,4684.72,B2025Q1-03
USBB-CRE-2025Q1-0070,US Small Business Bank,Credit Card,2025Q1,1853.7,B2025Q1-03
USBB-CRE-2025Q1-0071,US Small Business Bank,Credit Card,2025Q1,3648.58,B2025Q1-03
USBB-CRE-2025Q1-0072,US Small Business Bank,Credit Card,2025Q1,610.0,B2025Q1-03
USBB-CRE-2025Q1-0073,US Small Business Bank,Credit Card,2025Q1,5212.7,B2025Q1-03
USBB-CRE-2025Q1-0074,US Small Business Bank,Credit Card,2025Q1,7322.59,B2025Q1-03
USBB-CRE-2025Q1-0075,US Small Business Bank,Credit Card,2025Q1,1416.16,B2025Q1-04
USBB-CRE-2025Q1-0076,US Small Business Bank,Credit Card,2025Q1,3265.05,B2025Q1-04
USBB-CRE-2025Q1-0077,US Small Business Bank,Credit Card,2025Q1,4717.27,B2025Q1-04
USBB-CRE-2025Q1-0078,US Small Business Bank,Credit Card,2025Q1,2151.64,B2025Q1-04
USBB-CRE-2025Q1-0079,US Small Business Bank,Credit Card,2025Q1,2863.34,B2025Q1-04
USBB-CRE-2025Q1-0080,US Small Business Bank,Credit Card,2025Q1,2325.68,B2025Q1-04
USBB-CRE-2025Q1-0081,US Small Business Bank,Credit Card,2025Q1,1432.95,B2025Q1-04
USBB-CRE-2025Q1-0082,US Small Business Bank,Credit Card,2025Q1,2484.12,B2025Q1-04
USBB-CRE-2025Q1-0083,US Small Business Bank,Credit Card,2025Q1,2199.83,B2025Q1-04
USBB-CRE-2025Q1-0084,US Small Business Bank,Credit Card,2025Q1,2686.01,B2025Q1-04
USBB-CRE-2025Q1-0085,US Small Business Bank,Credit Card,2025Q1,980.24,B2025Q1-04
USBB-CRE-2025Q1-0086,US Small Business Bank,Credit Card,2025Q1,5667.88,B2025Q1-04
USBB-CRE-2025Q1-0087,US Small Business Bank,Credit Card,2025Q1,3879.42,B2025Q1-04
USBB-CRE-2025Q1-0088,US Small Business Bank,Credit Card,2025Q1,1190.35,B2025Q1-04
USBB-CRE-2025Q1-0089,US Small Business Bank,Credit Card,2025Q1,9737.76,B2025Q1-04
USBB-CRE-2025Q1-0090,US Small Business Bank,Credit Card,2025Q1,2128.15,B2025Q1-04
USBB-CRE-2025Q1-0091,US Small Business Bank,Credit Card,2025Q1,2831.31,B2025Q1-04
USBB-CRE-2025Q1-0092,US Small Business Bank,Credit Card,2025Q1,1593.68,B2025Q1-04
USBB-CRE-2025Q1-0093,US Small Business Bank,Credit Card,2025Q1,2183.7,B2025Q1-04
USBB-CRE-2025Q1-0094,US Small Business Bank,Credit Card,2025Q1,1067.86,B2025Q1-04
USBB-CRE-2025Q1-0095,US Small Business Bank,Credit Card,2025Q1,2532.48,B2025Q1-04
USBB-CRE-2025Q1-0096,US Small Business Bank,Credit Card,2025Q1,2110.44,B2025Q1-04
USBB-CRE-2025Q1-0097,US Small Business Bank,Credit Card,2025Q1,2803.99,B2025Q1-04
USBB-CRE-2025Q1-0098,US Small Business Bank,Credit Card,2025Q1,2358.81,B2025Q1-04
USBB-CRE-2025Q1-0099,US Small Business Bank,Credit Card,2025Q1,1404.27,B2025Q1-04
USBB-CRE-2025Q1-0100,US Small Business Bank,Credit Card,2025Q1,1040.29,B2025Q1-05
USBB-CRE-2025Q1-0101,US Small Business Bank,Credit Card,2025Q1,2856.39,B2025Q1-05
USBB-CRE-2025Q1-0102,US Small Business Bank,Credit Card,2025Q1,640.06,B2025Q1-05
USBB-CRE-2025Q1-0103,US Small Business Bank,Credit Card,2025Q1,3745.71,B2025Q1-05
USBB-CRE-2025Q1-0104,US Small Business Bank,Credit Card,2025Q1,2026.43,B2025Q1-05
USBB-CRE-2025Q1-0105,US Small Business Bank,Credit Card,2025Q1,1199.78,B2025Q1-05
USBB-CRE-2025Q1-0106,US Small Business Bank,Credit Card,2025Q1,1163.18,B2025Q1-05
USBB-CRE-2025Q1-0107,US Small Business Bank,Credit Card,2025Q1,666.73,B2025Q1-05
USBB-CRE-2025Q1-0108,US Small Business Bank,Credit Card,2025Q1,1355.0,B2025Q1-05
USBB-CRE-2025Q1-0109,US Small Business Bank,Credit Card,2025Q1,2424.79,B2025Q1-05
USBB-CRE-2025Q1-0110,US Small Business Bank,Credit Card,2025Q1,4661.05,B2025Q1-05
USBB-CRE-2025Q1-0111,US Small Business Bank,Credit Card,2025Q1,3178.85,B2025Q1-05
USBB-CRE-2025Q1-0112,US Small Business Bank,Credit Card,2025Q1,2812.88,B2025Q1-05
USBB-CRE-2025Q1-0113,US Small Business Bank,Credit Card,2025Q1,2188.14,B2025Q1-05
USBB-CRE-2025Q1-0114,US Small Business Bank,Credit Card,2025Q1,2927.73,B2025Q1-05
USBB-CRE-2025Q1-0115,US Small Business Bank,Credit Card,2025Q1,1301.59,B2025Q1-05
USBB-CRE-2025Q1-0116,US Small Business Bank,Credit Card,2025Q1,3056.69,B2025Q1-05
USBB-CRE-2025Q1-0117,US Small Business Bank,Credit Card,2025Q1,1682.24,B2025Q1-05
USBB-CRE-2025Q1-0118,US Small Business Bank,Credit Card,2025Q1,2845.02,B2025Q1-05
USBB-CRE-2025Q1-0119,US Small Business Bank,Credit Card,2025Q1,1440.65,B2025Q1-05
USBB-CRE-2025Q1-0120,US Small Business Bank,Credit Card,2025Q1,2411.56,B2025Q1-05
USBB-CRE-2025Q1-0121,US Small Business Bank,Credit Card,2025Q1,3508.3,B2025Q1-05
USBB-CRE-2025Q1-0122,US Small Business Bank,Credit Card,2025Q1,4742.47,B2025Q1-05
USBB-CRE-2025Q1-0123,US Small Business Bank,Credit Card,2025Q1,3678.88,B2025Q1-05
USBB-CRE-2025Q1-0124,US Small Business Bank,Credit Card,2025Q1,1458.56,B2025Q1-05
USBB-CRE-2025Q1-0125,US Small Business Bank,Credit Card,2025Q1,1602.83,B2025Q1-06
USBB-CRE-2025Q1-0126,US Small Business Bank,Credit Card,2025Q1,4457.16,B2025Q1-06
USBB-CRE-2025Q1-0127,US Small Business Bank,Credit Card,2025Q1,3379.15,B2025Q1-06
USBB-CRE-2025Q1-0128,US Small Business Bank,Credit Card,2025Q1,1991.29,B2025Q1-06
USBB-CRE-2025Q1-0129,US Small Business Bank,Credit Card,2025Q1,2679.26,B2025Q1-06
USBB-CRE-2025Q1-0130,US Small Business Bank,Credit Card,2025Q1,3356.62,B2025Q1-06
USBB-CRE-2025Q1-0131,US Small Business Bank,Credit Card,2025Q1,1529.27,B2025Q1-06
USBB-CRE-2025Q1-0132,US Small Business Bank,Credit Card,2025Q1,2939.85,B2025Q1-06
USBB-CRE-2025Q1-0133,US Small Business Bank,Credit Card,2025Q1,1839.94,B2025Q1-06
USBB-CRE-2025Q2-0000,US Small Business Bank,Credit Card,2025Q2,2186.84,B2025Q2-01
USBB-CRE-2025Q2-0001,US Small Business Bank,Credit Card,2025Q2,856.53,B2025Q2-01
USBB-CRE-2025Q2-0002,US Small Business Bank,Credit Card,2025Q2,1244.09,B2025Q2-01
USBB-CRE-2025Q2-0003,US Small Business Bank,Credit Card,2025Q2,1167.46,B2025Q2-01
USBB-CRE-2025Q2-0004,US Small Business Bank,Credit Card,2025Q2,2228.75,B2025Q2-01
USBB-CRE-2025Q2-0005,US Small Business Bank,Credit Card,2025Q2,2553.39,B2025Q2-01
USBB-CRE-2025Q2-0006,US Small Business Bank,Credit Card,2025Q2,1820.37,B2025Q2-01
USBB-CRE-2025Q2-0007,US Small Business Bank,Credit Card,2025Q2,2652.22,B2025Q2-01
USBB-CRE-2025Q2-0008,US Small Business Bank,Credit Card,2025Q2,6649.24,B2025Q2-01
USBB-CRE-2025Q2-0009,US Small Business Bank,Credit Card,2025Q2,5887.36,B2025Q2-01
USBB-CRE-2025Q2-0010,US Small Business Bank,Credit Card,2025Q2,5042.07,B2025Q2-01
USBB-CRE-2025Q2-0011,US Small Business Bank,Credit Card,2025Q2,2751.6,B2025Q2-01
USBB-CRE-2025Q2-0012,US Small Business Bank,Credit Card,2025Q2,2437.43,B2025Q2-01
USBB-CRE-2025Q2-0013,US Small Business Bank,Credit Card,2025Q2,873.15,B2025Q2-01
USBB-CRE-2025Q2-0014,US Small Business Bank,Credit Card,2025Q2,2494.03,B2025Q2-01
USBB-CRE-2025Q2-0015,US Small Business Bank,Credit Card,2025Q2,2520.41,B2025Q2-01
USBB-CRE-2025Q2-0016,US Small Business Bank,Credit Card,2025Q2,1429.64,B2025Q2-01
USBB-CRE-2025Q2-0017,US Small Business Bank,Credit Card,2025Q2,1094.77,B2025Q2-01
USBB-CRE-2025Q2-0018,US Small Business Bank,Credit Card,2025Q2,2457.57,B2025Q2-01
USBB-CRE-2025Q2-0019,US Small Business Bank,Credit Card,2025Q2,3925.72,B2025Q2-01
USBB-CRE-2025Q2-0020,US Small Business Bank,Credit Card,2025Q2,3523.94,B2025Q2-01
USBB-CRE-2025Q2-0021,US Small Business Bank,Credit Card,2025Q2,2388.13,B2025Q2-01
USBB-CRE-2025Q2-0022,US Small Business Bank,Credit Card,2025Q2,3047.55,B2025Q2-01
USBB-CRE-2025Q2-0023,US Small Business Bank,Credit Card,2025Q2,1814.22,B2025Q2-01
USBB-CRE-2025Q2-0024,US Small Business Bank,Credit Card,2025Q2,1782.47,B2025Q2-01
USBB-CRE-2025Q2-0025,US Small Business Bank,Credit Card,2025Q2,1519.45,B2025Q2-02
USBB-CRE-2025Q2-0026,US Small Business Bank,Credit Card,2025Q2,2063.98,B2025Q2-02
USBB-CRE-2025Q2-0027,US Small Business Bank,Credit Card,2025Q2,1411.29,B2025Q2-02
USBB-CRE-2025Q2-0028,US Small Business Bank,Credit Card,2025Q2,1790.51,B2025Q2-02
USBB-CRE-2025Q2-0029,US Small Business Bank,Credit Card,2025Q2,1523.2,B2025Q2-02
USBB-CRE-2025Q2-0030,US Small Business Bank,Credit Card,2025Q2,4788.38,B2025Q2-02
USBB-CRE-2025Q2-0031,US Small Business Bank,Credit Card,2025Q2,2457.35,B2025Q2-02
USBB-CRE-2025Q2-0032,US Small Business Bank,Credit Card,2025Q2,5140.07,B2025Q2-02
USBB-CRE-2025Q2-0033,US Small Business Bank,Credit Card,2025Q2,2476.75,B2025Q2-02
USBB-CRE-2025Q2-0034,US Small Business Bank,Credit Card,2025Q2,1458.03,B2025Q2-02
USBB-CRE-2025Q2-0035,US Small Business Bank,Credit Card,2025Q2,3685.59,B2025Q2-02
USBB-CRE-2025Q2-0036,US Small Business Bank,Credit Card,2025Q2,946.14,B2025Q2-02
USBB-CRE-2025Q2-0037,US Small Business Bank,Credit Card,2025Q2,1558.85,B2025Q2-02
USBB-CRE-2025Q2-0038,US Small Business Bank,Credit Card,2025Q2,1956.74,B2025Q2-02
USBB-CRE-2025Q2-0039,US Small Business Bank,Credit Card,2025Q2,2537.03,B2025Q2-02
USBB-CRE-2025Q2-0040,US Small Business Bank,Credit Card,2025Q2,2764.46,B2025Q2-02
USBB-CRE-2025Q2-0041,US Small Business Bank,Credit Card,2025Q2,3983.23,B2025Q2-02
USBB-CRE-2025Q2-0042,US Small Business Bank,Credit Card,2025Q2,1551.77,B2025Q2-02
USBB-CRE-2025Q2-0043,US Small Business Bank,Credit Card,2025Q2,1593.61,B2025Q2-02
USBB-CRE-2025Q2-0044,US Small Business Bank,Credit Card,2025Q2,3479.31,B2025Q2-02
USBB-CRE-2025Q2-0045,US Small Business Bank,Credit Card,2025Q2,2884.29,B2025Q2-02
USBB-CRE-2025Q2-0046,US Small Business Bank,Credit Card,2025Q2,4760.78,B2025Q2-02
USBB-CRE-2025Q2-0047,US Small Business Bank,Credit Card,2025Q2,4054.11,B2025Q2-02
USBB-CRE-2025Q2-0048,US Small Business Bank,Credit Card,2025Q2,1264.39,B2025Q2-02
USBB-CRE-2025Q2-0049,US Small Business Bank,Credit Card,2025Q2,1751.55,B2025Q2-02
USBB-CRE-2025Q2-0050,US Small Business Bank,Credit Card,2025Q2,1506.87,B2025Q2-03
USBB-CRE-2025Q2-0051,US Small Business Bank,Credit Card,2025Q2,4672.53,B2025Q2-03
USBB-CRE-2025Q2-0052,US Small Business Bank,Credit Card,2025Q2,920.73,B2025Q2-03
USBB-CRE-2025Q2-0053,US Small Business Bank,Credit Card,2025Q2,4500.7,B2025Q2-03
USBB-CRE-2025Q2-0054,US Small Business Bank,Credit Card,2025Q2,3695.05,B2025Q2-03
USBB-CRE-2025Q2-0055,US Small Business Bank,Credit Card,2025Q2,922.97,B2025Q2-03
USBB-CRE-2025Q2-0056,US Small Business Bank,Credit Card,2025Q2,2061.69,B2025Q2-03
USBB-CRE-2025Q2-0057,US Small Business Bank,Credit Card,2025Q2,577.31,B2025Q2-03
USBB-CRE-2025Q2-0058,US Small Business Bank,Credit Card,2025Q2,2372.53,B2025Q2-03
USBB-CRE-2025Q2-0059,US Small Business Bank,Credit Card,2025Q2,1307.97,B2025Q2-03
USBB-CRE-2025Q2-0060,US Small Business Bank,Credit Card,2025Q2,1527.55,B2025Q2-03
USBB-CRE-2025Q2-0061,US Small Business Bank,Credit Card,2025Q2,2651.99,B2025Q2-03
USBB-CRE-2025Q2-0062,US Small Business Bank,Credit Card,2025Q2,1438.55,B2025Q2-03
USBB-CRE-2025Q2-0063,US Small Business Bank,Credit Card,2025Q2,1669.96,B2025Q2-03
USBB-CRE-2025Q2-0064,US Small Business Bank,Credit Card,2025Q2,1553.42,B2025Q2-03
USBB-CRE-2025Q2-0065,US Small Business Bank,Credit Card,2025Q2,1482.46,B2025Q2-03
USBB-CRE-2025Q2-0066,US Small Business Bank,Credit Card,2025Q2,3147.93,B2025Q2-03
USBB-CRE-2025Q2-0067,US Small Business Bank,Credit Card,2025Q2,4514.29,B2025Q2-03
USBB-CRE-2025Q2-0068,US Small Business Bank,Credit Card,2025Q2,2302.95,B2025Q2-03
USBB-CRE-2025Q2-0069,US Small Business Bank,Credit Card,2025Q2,3360.4,B2025Q2-03
USBB-CRE-2025Q2-0070,US Small Business Bank,Credit Card,2025Q2,4103.45,B2025Q2-03
USBB-CRE-2025Q2-0071,US Small Business Bank,Credit Card,2025Q2,2575.41,B2025Q2-03
USBB-CRE-2025Q2-0072,US Small Business Bank,Credit Card,2025Q2,3127.8,B2025Q2-03
USBB-CRE-2025Q2-0073,US Small Business Bank,Credit Card,2025Q2,1050.31,B2025Q2-03
USBB-CRE-2025Q2-0074,US Small Business Bank,Credit Card,2025Q2,1802.02,B2025Q2-03
USBB-CRE-2025Q2-0075,US Small Business Bank,Credit Card,2025Q2,1604.44,B2025Q2-04
USBB-CRE-2025Q2-0076,US Small Business Bank,Credit Card,2025Q2,2670.35,B2025Q2-04
USBB-CRE-2025Q2-0077,US Small Business Bank,Credit Card,2025Q2,2394.65,B2025Q2-04
USBB-CRE-2025Q2-0078,US Small Business Bank,Credit Card,2025Q2,945.47,B2025Q2-04
USBB-CRE-2025Q2-0079,US Small Business Bank,Credit Card,2025Q2,2747.78,B2025Q2-04
USBB-CRE-2025Q2-0080,US Small Business Bank,Credit Card,2025Q2,931.92,B2025Q2-04
USBB-CRE-2025Q2-0081,US Small Business Bank,Credit Card,2025Q2,3738.69,B2025Q2-04
USBB-CRE-2025Q2-0082,US Small Business Bank,Credit Card,2025Q2,1957.61,B2025Q2-04
USBB-CRE-2025Q2-0083,US Small Business Bank,Credit Card,2025Q2,2539.17,B2025Q2-04
USBB-CRE-2025Q2-0084,US Small Business Bank,Credit Card,2025Q2,2730.75,B2025Q2-04
USBB-CRE-2025Q2-0085,US Small Business Bank,Credit Card,2025Q2,3654.78,B2025Q2-04
USBB-CRE-2025Q2-0086,US Small Business Bank,Credit Card,2025Q2,3839.64,B2025Q2-04
USBB-CRE-2025Q2-0087,US Small Business Bank,Credit Card,2025Q2,1565.05,B2025Q2-04
USBB-CRE-2025Q2-0088,US Small Business Bank,Credit Card,2025Q2,2774.34,B2025Q2-04
USBB-CRE-2025Q2-0089,US Small Business Bank,Credit Card,2025Q2,1348.76,B2025Q2-04
USBB-CRE-2025Q2-0090,US Small Business Bank,Credit Card,2025Q2,1814.82,B2025Q2-04
USBB-CRE-2025Q2-0091,US Small Business Bank,Credit Card,2025Q2,3901.07,B2025Q2-04
USBB-CRE-2025Q2-0092,US Small Business Bank,Credit Card,2025Q2,1101.57,B2025Q2-04
USBB-CRE-2025Q2-0093,US Small Business Bank,Credit Card,2025Q2,1385.92,B2025Q2-04
USBB-CRE-2025Q2-0094,US Small Business Bank,Credit Card,2025Q2,1310.73,B2025Q2-04
USBB-CRE-2025Q2-0095,US Small Business Bank,Credit Card,2025Q2,2808.25,B2025Q2-04
USBB-CRE-2025Q2-0096,US Small Business Bank,Credit Card,2025Q2,2183.56,B2025Q2-04
USBB-CRE-2025Q2-0097,US Small Business Bank,Credit Card,2025Q2,1245.62,B2025Q2-04
USBB-CRE-2025Q2-0098,US Small Business Bank,Credit Card,2025Q2,1115.04,B2025Q2-04
USBB-CRE-2025Q2-0099,US Small Business Bank,Credit Card,2025Q2,2142.42,B2025Q2-04
USBB-CRE-2025Q2-0100,US Small Business Bank,Credit Card,2025Q2,1569.3,B2025Q2-05
USBB-CRE-2025Q2-0101,US Small Business Bank,Credit Card,2025Q2,1988.63,B2025Q2-05
USBB-CRE-2025Q2-0102,US Small Business Bank,Credit Card,2025Q2,12445.99,B2025Q2-05
USBB-CRE-2025Q2-0103,US Small Business Bank,Credit Card,2025Q2,2725.98,B2025Q2-05
USBB-CRE-2025Q2-0104,US Small Business Bank,Credit Card,2025Q2,1439.8,B2025Q2-05
USBB-CRE-2025Q2-0105,US Small Business Bank,Credit Card,2025Q2,2990.8,B2025Q2-05
USBB-CRE-2025Q2-0106,US Small Business Bank,Credit Card,2025Q2,2879.54,B2025Q2-05
USBB-CRE-2025Q2-0107,US Small Business Bank,Credit Card,2025Q2,2001.16,B2025Q2-05
USBB-CRE-2025Q2-0108,US Small Business Bank,Credit Card,2025Q2,1418.97,B2025Q2-05
USBB-CRE-2025Q2-0109,US Small Business Bank,Credit Card,2025Q2,2502.26,B2025Q2-05
USBB-CRE-2025Q2-0110,US Small Business Bank,Credit Card,2025Q2,7114.21,B2025Q2-05
USBB-CRE-2025Q2-0111,US Small Business Bank,Credit Card,2025Q2,1416.82,B2025Q2-05
USBB-CRE-2025Q2-0112,US Small Business Bank,Credit Card,2025Q2,1277.62,B2025Q2-05
USBB-CRE-2025Q2-0113,US Small Business Bank,Credit Card,2025Q2,1706.2,B2025Q2-05
USBB-CRE-2025Q2-0114,US Small Business Bank,Credit Card,2025Q2,6441.42,B2025Q2-05
USBB-CRE-2025Q2-0115,US Small Business Bank,Credit Card,2025Q2,3182.7,B2025Q2-05
USBB-CRE-2025Q2-0116,US Small Business Bank,Credit Card,2025Q2,1575.04,B2025Q2-05
USBB-CRE-2025Q2-0117,US Small Business Bank,Credit Card,2025Q2,1411.74,B2025Q2-05
USBB-CRE-2025Q2-0118,US Small Business Bank,Credit Card,2025Q2,753.28,B2025Q2-05
USBB-CRE-2025Q2-0119,US Small Business Bank,Credit Card,2025Q2,1401.42,B2025Q2-05
USBB-CRE-2025Q2-0120,US Small Business Bank,Credit Card,2025Q2,2489.71,B2025Q2-05
USBB-CRE-2025Q2-0121,US Small Business Bank,Credit Card,2025Q2,2041.83,B2025Q2-05
USBB-CRE-2025Q2-0122,US Small Business Bank,Credit Card,2025Q2,3485.71,B2025Q2-05
USBB-CRE-2025Q2-0123,US Small Business Bank,Credit Card,2025Q2,2830.73,B2025Q2-05
USBB-CRE-2025Q2-0124,US Small Business Bank,Credit Card,2025Q2,3792.47,B2025Q2-05
USBB-CRE-2025Q2-0125,US Small Business Bank,Credit Card,2025Q2,4628.74,B2025Q2-06
USBB-CRE-2025Q2-0126,US Small Business Bank,Credit Card,2025Q2,2047.24,B2025Q2-06
USBB-CRE-2025Q2-0127,US Small Business Bank,Credit Card,2025Q2,3662.07,B2025Q2-06
USBB-CRE-2025Q2-0128,US Small Business Bank,Credit Card,2025Q2,2532.26,B2025Q2-06
USBB-CRE-2025Q2-0129,US Small Business Bank,Credit Card,2025Q2,2583.18,B2025Q2-06
USBB-CRE-2025Q2-0130,US Small Business Bank,Credit Card,2025Q2,3345.74,B2025Q2-06
USBB-CRE-2025Q2-0131,US Small Business Bank,Credit Card,2025Q2,2382.05,B2025Q2-06
USBB-CRE-2025Q2-0132,US Small Business Bank,Credit Card,2025Q2,2126.17,B2025Q2-06
USBB-CRE-2025Q2-0133,US Small Business Bank,Credit Card,2025Q2,2525.17,B2025Q2-06
USBB-PER-2025Q1-0000,US Small Business Bank,Personal Loan,2025Q1,8446.96,B2025Q1-01
USBB-PER-2025Q1-0001,US Small Business Bank,Personal Loan,2025Q1,4564.01,B2025Q1-01
USBB-PER-2025Q1-0002,US Small Business Bank,Personal Loan,2025Q1,6269.31,B2025Q1-01
USBB-PER-2025Q1-0003,US Small Business Bank,Personal Loan,2025Q1,4817.01,B2025Q1-01
USBB-PER-2025Q1-0004,US Small Business Bank,Personal Loan,2025Q1,13893.75,B2025Q1-01
USBB-PER-2025Q1-0005,US Small Business Bank,Personal Loan,2025Q1,2790.39,B2025Q1-01
USBB-PER-2025Q1-0006,US Small Business Bank,Personal Loan,2025Q1,3879.12,B2025Q1-01
USBB-PER-2025Q1-0007,US Small Business Bank,Personal Loan,2025Q1,9870.43,B2025Q1-01
USBB-PER-2025Q1-0008,US Small Business Bank,Personal Loan,2025Q1,7595.01,B2025Q1-01
USBB-PER-2025Q1-0009,US Small Business Bank,Personal Loan,2025Q1,7202.19,B2025Q1-01
USBB-PER-2025Q1-0010,US Small Business Bank,Personal Loan,2025Q1,3466.63,B2025Q1-01
USBB-PER-2025Q1-0011,US Small Business Bank,Personal Loan,2025Q1,2824.31,B2025Q1-01
USBB-PER-2025Q1-0012,US Small Business Bank,Personal Loan,2025Q1,5454.5,B2025Q1-01
USBB-PER-2025Q1-0013,US Small Business Bank,Personal Loan,2025Q1,6890.55,B2025Q1-01
USBB-PER-2025Q1-0014,US Small Business Bank,Personal Loan,2025Q1,23262.62,B2025Q1-01
USBB-PER-2025Q1-0015,US Small Business Bank,Personal Loan,2025Q1,6724.53,B2025Q1-01
USBB-PER-2025Q1-0016,US Small Business Bank,Personal Loan,2025Q1,7270.94,B2025Q1-01
USBB-PER-2025Q1-0017,US Small Business Bank,Personal Loan,2025Q1,4140.97,B2025Q1-01
USBB-PER-2025Q1-0018,US Small Business Bank,Personal Loan,2025Q1,3691.11,B2025Q1-01
USBB-PER-2025Q1-0019,US Small Business Bank,Personal Loan,2025Q1,4961.25,B2025Q1-01
USBB-PER-2025Q1-0020,US Small Business Bank,Personal Loan,2025Q1,2824.31,B2025Q1-01
USBB-PER-2025Q1-0021,US Small Business Bank,Personal Loan,2025Q1,8431.13,B2025Q1-01
USBB-PER-2025Q1-0022,US Small Business Bank,Personal Loan,2025Q1,2224.85,B2025Q1-01
USBB-PER-2025Q1-0023,US Small Business Bank,Personal Loan,2025Q1,10376.73,B2025Q1-01
USBB-PER-2025Q1-0024,US Small Business Bank,Personal Loan,2025Q1,4369.23,B2025Q1-01
USBB-PER-2025Q1-0025,US Small Business Bank,Personal Loan,2025Q1,4685.09,B2025Q1-02
USBB-PER-2025Q1-0026,US Small Business Bank,Personal Loan,2025Q1,6665.39,B2025Q1-02
USBB-PER-2025Q1-0027,US Small Business Bank,Personal Loan,2025Q1,2369.58,B2025Q1-02
USBB-PER-2025Q1-0028,US Small Business Bank,Personal Loan,2025Q1,6329.55,B2025Q1-02
USBB-PER-2025Q1-0029,US Small Business Bank,Personal Loan,2025Q1,6104.71,B2025Q1-02
USBB-PER-2025Q1-0030,US Small Business Bank,Personal Loan,2025Q1,6692.74,B2025Q1-02
USBB-PER-2025Q1-0031,US Small Business Bank,Personal Loan,2025Q1,11771.73,B2025Q1-02
USBB-PER-2025Q1-0032,US Small Business Bank,Personal Loan,2025Q1,5784.09,B2025Q1-02
USBB-PER-2025Q1-0033,US Small Business Bank,Personal Loan,2025Q1,3310.56,B2025Q1-02
USBB-PER-2025Q1-0034,US Small Business Bank,Personal Loan,2025Q1,8403.17,B2025Q1-02
USBB-PER-2025Q1-0035,US Small Business Bank,Personal Loan,2025Q1,21010.18,B2025Q1-02
USBB-PER-2025Q1-0036,US Small Business Bank,Personal Loan,2025Q1,9840.03,B2025Q1-02
USBB-PER-2025Q1-0037,US Small Business Bank,Personal Loan,2025Q1,6165.47,B2025Q1-02
USBB-PER-2025Q1-0038,US Small Business Bank,Personal Loan,2025Q1,11785.94,B2025Q1-02
USBB-PER-2025Q1-0039,US Small Business Bank,Personal Loan,2025Q1,6234.26,B2025Q1-02
USBB-PER-2025Q1-0040,US Small Business Bank,Personal Loan,2025Q1,3805.6,B2025Q1-02
USBB-PER-2025Q1-0041,US Small Business Bank,Personal Loan,2025Q1,10756.79,B2025Q1-02
USBB-PER-2025Q1-0042,US Small Business Bank,Personal Loan,2025Q1,7184.5,B2025Q1-02
USBB-PER-2025Q1-0043,US Small Business Bank,Personal Loan,2025Q1,5259.54,B2025Q1-02
USBB-PER-2025Q1-0044,US Small Business Bank,Personal Loan,2025Q1,8066.98,B2025Q1-02
USBB-PER-2025Q1-0045,US Small Business Bank,Personal Loan,2025Q1,6326.33,B2025Q1-02
USBB-PER-2025Q1-0046,US Small Business Bank,Personal Loan,2025Q1,1845.74,B2025Q1-02
USBB-PER-2025Q1-0047,US Small Business Bank,Personal Loan,2025Q1,8783.01,B2025Q1-02
USBB-PER-2025Q1-0048,US Small Business Bank,Personal Loan,2025Q1,3031.98,B2025Q1-02
USBB-PER-2025Q1-0049,US Small Business Bank,Personal Loan,2025Q1,4339.91,B2025Q1-02
USBB-PER-2025Q1-0050,US Small Business Bank,Personal Loan,2025Q1,4850.2,B2025Q1-03
USBB-PER-2025Q1-0051,US Small Business Bank,Personal Loan,2025Q1,2499.72,B2025Q1-03
USBB-PER-2025Q1-0052,US Small Business Bank,Personal Loan,2025Q1,3388.25,B2025Q1-03
USBB-PER-2025Q1-0053,US Small Business Bank,Personal Loan,2025Q1,6835.55,B2025Q1-03
USBB-PER-2025Q1-0054,US Small Business Bank,Personal Loan,2025Q1,3809.35,B2025Q1-03
USBB-PER-2025Q1-0055,US Small Business Bank,Personal Loan,2025Q1,9479.04,B2025Q1-03
USBB-PER-2025Q1-0056,US Small Business Bank,Personal Loan,2025Q1,3964.47,B2025Q1-03
USBB-PER-2025Q1-0057,US Small Business Bank,Personal Loan,2025Q1,5682.25,B2025Q1-03
USBB-PER-2025Q1-0058,US Small Business Bank,Personal Loan,2025Q1,10373.37,B2025Q1-03
USBB-PER-2025Q1-0059,US Small Business Bank,Personal Loan,2025Q1,10018.08,B2025Q1-03
USBB-PER-2025Q1-0060,US Small Business Bank,Personal Loan,2025Q1,4140.93,B2025Q1-03
USBB-PER-2025Q1-0061,US Small Business Bank,Personal Loan,2025Q1,6396.27,B2025Q1-03
USBB-PER-2025Q1-0062,US Small Business Bank,Personal Loan,2025Q1,2526.21,B2025Q1-03
USBB-PER-2025Q1-0063,US Small Business Bank,Personal Loan,2025Q1,4434.01,B2025Q1-03
USBB-PER-2025Q1-0064,US Small Business Bank,Personal Loan,2025Q1,3241.72,B2025Q1-03
USBB-PER-2025Q1-0065,US Small Business Bank,Personal Loan,2025Q1,6072.93,B2025Q1-03
USBB-PER-2025Q1-0066,US Small Business Bank,Personal Loan,2025Q1,4088.8,B2025Q1-03
USBB-PER-2025Q1-0067,US Small Business Bank,Personal Loan,2025Q1,4414.48,B2025Q1-03
USBB-PER-2025Q1-0068,US Small Business Bank,Personal Loan,2025Q1,14187.62,B2025Q1-03
USBB-PER-2025Q1-0069,US Small Business Bank,Personal Loan,2025Q1,6347.78,B2025Q1-03
USBB-PER-2025Q1-0070,US Small Business Bank,Personal Loan,2025Q1,7241.95,B2025Q1-03
USBB-PER-2025Q1-0071,US Small Business Bank,Personal Loan,2025Q1,6927.88,B2025Q1-03
USBB-PER-2025Q1-0072,US Small Business Bank,Personal Loan,2025Q1,8035.75,B2025Q1-03
USBB-PER-2025Q1-0073,US Small Business Bank,Personal Loan,2025Q1,8860.99,B2025Q1-03
USBB-PER-2025Q1-0074,US Small Business Bank,Personal Loan,2025Q1,14766.54,B2025Q1-03
USBB-PER-2025Q1-0075,US Small Business Bank,Personal Loan,2025Q1,3950.39,B2025Q1-04
USBB-PER-2025Q1-0076,US Small Business Bank,Personal Loan,2025Q1,3388.7,B2025Q1-04
USBB-PER-2025Q1-0077,US Small Business Bank,Personal Loan,2025Q1,4892.99,B2025Q1-04
USBB-PER-2025Q1-0078,US Small Business Bank,Personal Loan,2025Q1,5510.44,B2025Q1-04
USBB-PER-2025Q1-0079,US Small Business Bank,Personal Loan,2025Q1,7909.57,B2025Q1-04
USBB-PER-2025Q1-0080,US Small Business Bank,Personal Loan,2025Q1,5313.81,B2025Q1-04
USBB-PER-2025Q1-0081,US Small Business Bank,Personal Loan,2025Q1,6697.51,B2025Q1-04
USBB-PER-2025Q1-0082,US Small Business Bank,Personal Loan,2025Q1,7229.26,B2025Q1-04
USBB-PER-2025Q1-0083,US Small Business Bank,Personal Loan,2025Q1,12044.65,B2025Q1-04
USBB-PER-2025Q1-0084,US Small Business Bank,Personal Loan,2025Q1,3014.62,B2025Q1-04
USBB-PER-2025Q1-0085,US Small Business Bank,Personal Loan,2025Q1,4439.52,B2025Q1-04
USBB-PER-2025Q1-0086,US Small Business Bank,Personal Loan,2025Q1,5963.51,B2025Q1-04
USBB-PER-2025Q1-0087,US Small Business Bank,Personal Loan,2025Q1,8651.66,B2025Q1-04
USBB-PER-2025Q1-0088,US Small Business Bank,Personal Loan,2025Q1,2319.15,B2025Q1-04
USBB-PER-2025Q1-0089,US Small Business Bank,Personal Loan,2025Q1,5859.54,B2025Q1-04
USBB-PER-2025Q1-0090,US Small Business Bank,Personal Loan,2025Q1,13221.57,B2025Q1-04
USBB-PER-2025Q1-0091,US Small Business Bank,Personal Loan,2025Q1,5359.19,B2025Q1-04
USBB-PER-2025Q1-0092,US Small Business Bank,Personal Loan,2025Q1,3682.72,B2025Q1-04
USBB-PER-2025Q1-0093,US Small Business Bank,Personal Loan,2025Q1,9270.95,B2025Q1-04
USBB-PER-2025Q1-0094,US Small Business Bank,Personal Loan,2025Q1,1875.52,B2025Q1-04
USBB-PER-2025Q1-0095,US Small Business Bank,Personal Loan,2025Q1,3368.28,B2025Q1-04
USBB-PER-2025Q1-0096,US Small Business Bank,Personal Loan,2025Q1,9012.52,B2025Q1-04
USBB-PER-2025Q1-0097,US Small Business Bank,Personal Loan,2025Q1,11021.31,B2025Q1-04
USBB-PER-2025Q1-0098,US Small Business Bank,Personal Loan,2025Q1,4767.55,B2025Q1-04
USBB-PER-2025Q1-0099,US Small Business Bank,Personal Loan,2025Q1,26804.59,B2025Q1-04
USBB-PER-2025Q1-0100,US Small Business Bank,Personal Loan,2025Q1,4932.82,B2025Q1-05
USBB-PER-2025Q1-0101,US Small Business Bank,Personal Loan,2025Q1,2314.02,B2025Q1-05
USBB-PER-2025Q1-0102,US Small Business Bank,Personal Loan,2025Q1,7433.57,B2025Q1-05
USBB-PER-2025Q1-0103,US Small Business Bank,Personal Loan,2025Q1,4777.21,B2025Q1-05
USBB-PER-2025Q1-0104,US Small Business Bank,Personal Loan,2025Q1,16375.7,B2025Q1-05
USBB-PER-2025Q1-0105,US Small Business Bank,Personal Loan,2025Q1,2452.87,B2025Q1-05
USBB-PER-2025Q1-0106,US Small Business Bank,Personal Loan,2025Q1,6982.26,B2025Q1-05
USBB-PER-2025Q1-0107,US Small Business Bank,Personal Loan,2025Q1,5573.05,B2025Q1-05
USBB-PER-2025Q1-0108,US Small Business Bank,Personal Loan,2025Q1,13523.19,B2025Q1-05
USBB-PER-2025Q1-0109,US Small Business Bank,Personal Loan,2025Q1,2146.57,B2025Q1-05
USBB-PER-2025Q1-0110,US Small Business Bank,Personal Loan,2025Q1,5531.05,B2025Q1-05
USBB-PER-2025Q1-0111,US Small Business Bank,Personal Loan,2025Q1,3206.02,B2025Q1-05
USBB-PER-2025Q1-0112,US Small Business Bank,Personal Loan,2025Q1,4274.44,B2025Q1-05
USBB-PER-2025Q1-0113,US Small Business Bank,Personal Loan,2025Q1,3757.85,B2025Q1-05
USBB-PER-2025Q1-0114,US Small Business Bank,Personal Loan,2025Q1,5870.77,B2025Q1-05
USBB-PER-2025Q1-0115,US Small Business Bank,Personal Loan,2025Q1,686.66,B2025Q1-05
USBB-PER-2025Q1-0116,US Small Business Bank,Personal Loan,2025Q1,3658.63,B2025Q1-05
USBB-PER-2025Q1-0117,US Small Business Bank,Personal Loan,2025Q1,6029.54,B2025Q1-05
USBB-PER-2025Q1-0118,US Small Business Bank,Personal Loan,2025Q1,9668.23,B2025Q1-05
USBB-PER-2025Q1-0119,US Small Business Bank,Personal Loan,2025Q1,2173.03,B2025Q1-05
USBB-PER-2025Q1-0120,US Small Business Bank,Personal Loan,2025Q1,12217.21,B2025Q1-05
USBB-PER-2025Q1-0121,US Small Business Bank,Personal Loan,2025Q1,5915.94,B2025Q1-05
USBB-PER-2025Q2-0000,US Small Business Bank,Personal Loan,2025Q2,4303.92,B2025Q2-01
USBB-PER-2025Q2-0001,US Small Business Bank,Personal Loan,2025Q2,8241.98,B2025Q2-01
USBB-PER-2025Q2-0002,US Small Business Bank,Personal Loan,2025Q2,6284.13,B2025Q2-01
USBB-PER-2025Q2-0003,US Small Business Bank,Personal Loan,2025Q2,6147.63,B2025Q2-01
USBB-PER-2025Q2-0004,US Small Business Bank,Personal Loan,2025Q2,4543.39,B2025Q2-01
USBB-PER-2025Q2-0005,US Small Business Bank,Personal Loan,2025Q2,4617.97,B2025Q2-01
USBB-PER-2025Q2-0006,US Small Business Bank,Personal Loan,2025Q2,5108.17,B2025Q2-01
USBB-PER-2025Q2-0007,US Small Business Bank,Personal Loan,2025Q2,10480.35,B2025Q2-01
USBB-PER-2025Q2-0008,US Small Business Bank,Personal Loan,2025Q2,4756.43,B2025Q2-01
USBB-PER-2025Q2-0009,US Small Business Bank,Personal Loan,2025Q2,6405.28,B2025Q2-01
USBB-PER-2025Q2-0010,US Small Business Bank,Personal Loan,2025Q2,2221.06,B2025Q2-01
USBB-PER-2025Q2-0011,US Small Business Bank,Personal Loan,2025Q2,4507.56,B2025Q2-01
USBB-PER-2025Q2-0012,US Small Business Bank,Personal Loan,2025Q2,6844.3,B2025Q2-01
USBB-PER-2025Q2-0013,US Small Business Bank,Personal Loan,2025Q2,5050.92,B2025Q2-01
USBB-PER-2025Q2-0014,US Small Business Bank,Personal Loan,2025Q2,12960.35,B2025Q2-01
USBB-PER-2025Q2-0015,US Small Business Bank,Personal Loan,2025Q2,4535.84,B2025Q2-01
USBB-PER-2025Q2-0016,US Small Business Bank,Personal Loan,2025Q2,9842.65,B2025Q2-01
USBB-PER-2025Q2-0017,US Small Business Bank,Personal Loan,2025Q2,3344.21,B2025Q2-01
USBB-PER-2025Q2-0018,US Small Business Bank,Personal Loan,2025Q2,5676.13,B2025Q2-01
USBB-PER-2025Q2-0019,US Small Business Bank,Personal Loan,2025Q2,4400.46,B2025Q2-01
USBB-PER-2025Q2-0020,US Small Business Bank,Personal Loan,2025Q2,7419.9,B2025Q2-01
USBB-PER-2025Q2-0021,US Small Business Bank,Personal Loan,2025Q2,6950.58,B2025Q2-01
USBB-PER-2025Q2-0022,US Small Business Bank,Personal Loan,2025Q2,5101.48,B2025Q2-01
USBB-PER-2025Q2-0023,US Small Business Bank,Personal Loan,2025Q2,5959.08,B2025Q2-01
USBB-PER-2025Q2-0024,US Small Business Bank,Personal Loan,2025Q2,2628.58,B2025Q2-01
USBB-PER-2025Q2-0025,US Small Business Bank,Personal Loan,2025Q2,6068.13,B2025Q2-02
USBB-PER-2025Q2-0026,US Small Business Bank,Personal Loan,2025Q2,5571.17,B2025Q2-02
USBB-PER-2025Q2-0027,US Small Business Bank,Personal Loan,2025Q2,11783.22,B2025Q2-02
USBB-PER-2025Q2-0028,US Small Business Bank,Personal Loan,2025Q2,8834.37,B2025Q2-02
USBB-PER-2025Q2-0029,US Small Business Bank,Personal Loan,2025Q2,6601.18,B2025Q2-02
USBB-PER-2025Q2-0030,US Small Business Bank,Personal Loan,2025Q2,5500.76,B2025Q2-02
USBB-PER-2025Q2-0031,US Small Business Bank,Personal Loan,2025Q2,7169.33,B2025Q2-02
USBB-PER-2025Q2-0032,US Small Business Bank,Personal Loan,2025Q2,1677.54,B2025Q2-02
USBB-PER-2025Q2-0033,US Small Business Bank,Personal Loan,2025Q2,3034.72,B2025Q2-02
USBB-PER-2025Q2-0034,US Small Business Bank,Personal Loan,2025Q2,10672.08,B2025Q2-02
USBB-PER-2025Q2-0035,US Small Business Bank,Personal Loan,2025Q2,6537.05,B2025Q2-02
USBB-PER-2025Q2-0036,US Small Business Bank,Personal Loan,2025Q2,1743.36,B2025Q2-02
USBB-PER-2025Q2-0037,US Small Business Bank,Personal Loan,2025Q2,13450.8,B2025Q2-02
USBB-PER-2025Q2-0038,US Small Business Bank,Personal Loan,2025Q2,3417.23,B2025Q2-02
USBB-PER-2025Q2-0039,US Small Business Bank,Personal Loan,2025Q2,3859.05,B2025Q2-02
USBB-PER-2025Q2-0040,US Small Business Bank,Personal Loan,2025Q2,3812.06,B2025Q2-02
USBB-PER-2025Q2-0041,US Small Business Bank,Personal Loan,2025Q2,6634.41,B2025Q2-02
USBB-PER-2025Q2-0042,US Small Business Bank,Personal Loan,2025Q2,7410.07,B2025Q2-02
USBB-PER-2025Q2-0043,US Small Business Bank,Personal Loan,2025Q2,9646.6,B2025Q2-02
USBB-PER-2025Q2-0044,US Small Business Bank,Personal Loan,2025Q2,7298.47,B2025Q2-02
USBB-PER-2025Q2-0045,US Small Business Bank,Personal Loan,2025Q2,7674.09,B2025Q2-02
USBB-PER-2025Q2-0046,US Small Business Bank,Personal Loan,2025Q2,7961.67,B2025Q2-02
USBB-PER-2025Q2-0047,US Small Business Bank,Personal Loan,2025Q2,7464.34,B2025Q2-02
USBB-PER-2025Q2-0048,US Small Business Bank,Personal Loan,2025Q2,4711.95,B2025Q2-02
USBB-PER-2025Q2-0049,US Small Business Bank,Personal Loan,2025Q2,6349.58,B2025Q2-02
USBB-PER-2025Q2-0050,US Small Business Bank,Personal Loan,2025Q2,3975.65,B2025Q2-03
USBB-PER-2025Q2-0051,US Small Business Bank,Personal Loan,2025Q2,7027.35,B2025Q2-03
USBB-PER-2025Q2-0052,US Small Business Bank,Personal Loan,2025Q2,4292.42,B2025Q2-03
USBB-PER-2025Q2-0053,US Small Business Bank,Personal Loan,2025Q2,4145.0,B2025Q2-03
USBB-PER-2025Q2-0054,US Small Business Bank,Personal Loan,2025Q2,4388.85,B2025Q2-03
USBB-PER-2025Q2-0055,US Small Business Bank,Personal Loan,2025Q2,7493.79,B2025Q2-03
USBB-PER-2025Q2-0056,US Small Business Bank,Personal Loan,2025Q2,5606.62,B2025Q2-03
USBB-PER-2025Q2-0057,US Small Business Bank,Personal Loan,2025Q2,7458.45,B2025Q2-03
USBB-PER-2025Q2-0058,US Small Business Bank,Personal Loan,2025Q2,5936.24,B2025Q2-03
USBB-PER-2025Q2-0059,US Small Business Bank,Personal Loan,2025Q2,22414.69,B2025Q2-03
USBB-PER-2025Q2-0060,US Small Business Bank,Personal Loan,2025Q2,5581.3,B2025Q2-03
USBB-PER-2025Q2-0061,US Small Business Bank,Personal Loan,2025Q2,2405.42,B2025Q2-03
USBB-PER-2025Q2-0062,US Small Business Bank,Personal Loan,2025Q2,22018.63,B2025Q2-03
USBB-PER-2025Q2-0063,US Small Business Bank,Personal Loan,2025Q2,9295.09,B2025Q2-03
USBB-PER-2025Q2-0064,US Small Business Bank,Personal Loan,2025Q2,5155.37,B2025Q2-03
USBB-PER-2025Q2-0065,US Small Business Bank,Personal Loan,2025Q2,12849.75,B2025Q2-03
USBB-PER-2025Q2-0066,US Small Business Bank,Personal Loan,2025Q2,11188.69,B2025Q2-03
USBB-PER-2025Q2-0067,US Small Business Bank,Personal Loan,2025Q2,4014.18,B2025Q2-03
USBB-PER-2025Q2-0068,US Small Business Bank,Personal Loan,2025Q2,13251.91,B2025Q2-03
USBB-PER-2025Q2-0069,US Small Business Bank,Personal Loan,2025Q2,10022.04,B2025Q2-03
USBB-PER-2025Q2-0070,US Small Business Bank,Personal Loan,2025Q2,5339.06,B2025Q2-03
USBB-PER-2025Q2-0071,US Small Business Bank,Personal Loan,2025Q2,2894.3,B2025Q2-03
USBB-PER-2025Q2-0072,US Small Business Bank,Personal Loan,2025Q2,9270.79,B2025Q2-03
USBB-PER-2025Q2-0073,US Small Business Bank,Personal Loan,2025Q2,23846.13,B2025Q2-03
USBB-PER-2025Q2-0074,US Small Business Bank,Personal Loan,2025Q2,4333.83,B2025Q2-03
USBB-PER-2025Q2-0075,US Small Business Bank,Personal Loan,2025Q2,6677.06,B2025Q2-04
USBB-PER-2025Q2-0076,US Small Business Bank,Personal Loan,2025Q2,5752.75,B2025Q2-04
USBB-PER-2025Q2-0077,US Small Business Bank,Personal Loan,2025Q2,12743.12,B2025Q2-04
USBB-PER-2025Q2-0078,US Small Business Bank,Personal Loan,2025Q2,8177.59,B2025Q2-04
USBB-PER-2025Q2-0079,US Small Business Bank,Personal Loan,2025Q2,7489.45,B2025Q2-04
USBB-PER-2025Q2-0080,US Small Business Bank,Personal Loan,2025Q2,1528.83,B2025Q2-04
USBB-PER-2025Q2-0081,US Small Business Bank,Personal Loan,2025Q2,7575.64,B2025Q2-04
USBB-PER-2025Q2-0082,US Small Business Bank,Personal Loan,2025Q2,9803.01,B2025Q2-04
USBB-PER-2025Q2-0083,US Small Business Bank,Personal Loan,2025Q2,6817.26,B2025Q2-04
USBB-PER-2025Q2-0084,US Small Business Bank,Personal Loan,2025Q2,10936.63,B2025Q2-04
USBB-PER-2025Q2-0085,US Small Business Bank,Personal Loan,2025Q2,6270.85,B2025Q2-04
USBB-PER-2025Q2-0086,US Small Business Bank,Personal Loan,2025Q2,2967.41,B2025Q2-04
USBB-PER-2025Q2-0087,US Small Business Bank,Personal Loan,2025Q2,11671.01,B2025Q2-04
USBB-PER-2025Q2-0088,US Small Business Bank,Personal Loan,2025Q2,7150.06,B2025Q2-04
USBB-PER-2025Q2-0089,US Small Business Bank,Personal Loan,2025Q2,5845.36,B2025Q2-04
USBB-PER-2025Q2-0090,US Small Business Bank,Personal Loan,2025Q2,3164.31,B2025Q2-04
USBB-PER-2025Q2-0091,US Small Business Bank,Personal Loan,2025Q2,2784.64,B2025Q2-04
USBB-PER-2025Q2-0092,US Small Business Bank,Personal Loan,2025Q2,4606.55,B2025Q2-04
USBB-PER-2025Q2-0093,US Small Business Bank,Personal Loan,2025Q2,4612.85,B2025Q2-04
USBB-PER-2025Q2-0094,US Small Business Bank,Personal Loan,2025Q2,6325.49,B2025Q2-04
USBB-PER-2025Q2-0095,US Small Business Bank,Personal Loan,2025Q2,8197.4,B2025Q2-04
USBB-PER-2025Q2-0096,US Small Business Bank,Personal Loan,2025Q2,9337.87,B2025Q2-04
USBB-PER-2025Q2-0097,US Small Business Bank,Personal Loan,2025Q2,5127.31,B2025Q2-04
USBB-PER-2025Q2-0098,US Small Business Bank,Personal Loan,2025Q2,2154.04,B2025Q2-04
USBB-PER-2025Q2-0099,US Small Business Bank,Personal Loan,2025Q2,1759.66,B2025Q2-04
USBB-PER-2025Q2-0100,US Small Business Bank,Personal Loan,2025Q2,16775.86,B2025Q2-05
USBB-PER-2025Q2-0101,US Small Business Bank,Personal Loan,2025Q2,2600.06,B2025Q2-05
USBB-PER-2025Q2-0102,US Small Business Bank,Personal Loan,2025Q2,9268.5,B2025Q2-05
USBB-PER-2025Q2-0103,US Small Business Bank,Personal Loan,2025Q2,5448.36,B2025Q2-05
USBB-PER-2025Q2-0104,US Small Business Bank,Personal Loan,2025Q2,4518.06,B2025Q2-05
USBB-PER-2025Q2-0105,US Small Business Bank,Personal Loan,2025Q2,4389.86,B2025Q2-05
USBB-PER-2025Q2-0106,US Small Business Bank,Personal Loan,2025Q2,2650.17,B2025Q2-05
USBB-PER-2025Q2-0107,US Small Business Bank,Personal Loan,2025Q2,6629.29,B2025Q2-05
USBB-PER-2025Q2-0108,US Small Business Bank,Personal Loan,2025Q2,4027.78,B2025Q2-05
USBB-PER-2025Q2-0109,US Small Business Bank,Personal Loan,2025Q2,2757.88,B2025Q2-05
USBB-PER-2025Q2-0110,US Small Business Bank,Personal Loan,2025Q2,8222.6,B2025Q2-05
USBB-PER-2025Q2-0111,US Small Business Bank,Personal Loan,2025Q2,9078.87,B2025Q2-05
USBB-PER-2025Q2-0112,US Small Business Bank,Personal Loan,2025Q2,3641.97,B2025Q2-05
USBB-PER-2025Q2-0113,US Small Business Bank,Personal Loan,2025Q2,2678.75,B2025Q2-05
USBB-PER-2025Q2-0114,US Small Business Bank,Personal Loan,2025Q2,4157.92,B2025Q2-05
USBB-PER-2025Q2-0115,US Small Business Bank,Personal Loan,2025Q2,5728.46,B2025Q2-05
USBB-PER-2025Q2-0116,US Small Business Bank,Personal Loan,2025Q2,5445.11,B2025Q2-05
USBB-PER-2025Q2-0117,US Small Business Bank,Personal Loan,2025Q2,5500.67,B2025Q2-05
USBB-PER-2025Q2-0118,US Small Business Bank,Personal Loan,2025Q2,32592.33,B2025Q2-05
USBB-PER-2025Q2-0119,US Small Business Bank,Personal Loan,2025Q2,9871.23,B2025Q2-05
USBB-PER-2025Q2-0120,US Small Business Bank,Personal Loan,2025Q2,4996.07,B2025Q2-05
USBB-PER-2025Q2-0121,US Small Business Bank,Personal Loan,2025Q2,2558.92,B2025Q2-05
USBB-HEL-2025Q1-0000,US Small Business Bank,HELOC,2025Q1,76493.53,B2025Q1-01
USBB-HEL-2025Q1-0001,US Small Business Bank,HELOC,2025Q1,32607.21,B2025Q1-01
USBB-HEL-2025Q1-0002,US Small Business Bank,HELOC,2025Q1,23343.03,B2025Q1-01
USBB-HEL-2025Q1-0003,US Small Business Bank,HELOC,2025Q1,34065.48,B2025Q1-01
USBB-HEL-2025Q1-0004,US Small Business Bank,HELOC,2025Q1,24716.97,B2025Q1-01
USBB-HEL-2025Q1-0005,US Small Business Bank,HELOC,2025Q1,19477.1,B2025Q1-01
USBB-HEL-2025Q1-0006,US Small Business Bank,HELOC,2025Q1,97156.83,B2025Q1-01
USBB-HEL-2025Q1-0007,US Small Business Bank,HELOC,2025Q1,31583.7,B2025Q1-01
USBB-HEL-2025Q1-0008,US Small Business Bank,HELOC,2025Q1,21849.18,B2025Q1-01
USBB-HEL-2025Q1-0009,US Small Business Bank,HELOC,2025Q1,13556.28,B2025Q1-01
USBB-HEL-2025Q1-0010,US Small Business Bank,HELOC,2025Q1,13626.51,B2025Q1-01
USBB-HEL-2025Q1-0011,US Small Business Bank,HELOC,2025Q1,26980.97,B2025Q1-01
USBB-HEL-2025Q1-0012,US Small Business Bank,HELOC,2025Q1,30398.01,B2025Q1-01
USBB-HEL-2025Q1-0013,US Small Business Bank,HELOC,2025Q1,34109.05,B2025Q1-01
USBB-HEL-2025Q1-0014,US Small Business Bank,HELOC,2025Q1,14621.58,B2025Q1-01
USBB-HEL-2025Q1-0015,US Small Business Bank,HELOC,2025Q1,26309.45,B2025Q1-01
USBB-HEL-2025Q1-0016,US Small Business Bank,HELOC,2025Q1,7252.77,B2025Q1-01
USBB-HEL-2025Q1-0017,US Small Business Bank,HELOC,2025Q1,15120.0,B2025Q1-01
USBB-HEL-2025Q1-0018,US Small Business Bank,HELOC,2025Q1,18403.27,B2025Q1-01
USBB-HEL-2025Q1-0019,US Small Business Bank,HELOC,2025Q1,32915.67,B2025Q1-01
USBB-HEL-2025Q1-0020,US Small Business Bank,HELOC,2025Q1,25058.52,B2025Q1-01
USBB-HEL-2025Q1-0021,US Small Business Bank,HELOC,2025Q1,10664.42,B2025Q1-01
USBB-HEL-2025Q1-0022,US Small Business Bank,HELOC,2025Q1,55166.53,B2025Q1-01
USBB-HEL-2025Q1-0023,US Small Business Bank,HELOC,2025Q1,56191.17,B2025Q1-01
USBB-HEL-2025Q1-0024,US Small Business Bank,HELOC,2025Q1,29139.38,B2025Q1-01
USBB-HEL-2025Q1-0025,US Small Business Bank,HELOC,2025Q1,67860.23,B2025Q1-02
USBB-HEL-2025Q1-0026,US Small Business Bank,HELOC,2025Q1,11958.96,B2025Q1-02
USBB-HEL-2025Q1-0027,US Small Business Bank,HELOC,2025Q1,22545.52,B2025Q1-02
USBB-HEL-2025Q1-0028,US Small Business Bank,HELOC,2025Q1,24433.02,B2025Q1-02
USBB-HEL-2025Q1-0029,US Small Business Bank,HELOC,2025Q1,45186.2,B2025Q1-02
USBB-HEL-2025Q1-0030,US Small Business Bank,HELOC,2025Q1,15004.18,B2025Q1-02
USBB-HEL-2025Q1-0031,US Small Business Bank,HELOC,2025Q1,12603.97,B2025Q1-02
USBB-HEL-2025Q1-0032,US Small Business Bank,HELOC,2025Q1,20560.0,B2025Q1-02
USBB-HEL-2025Q1-0033,US Small Business Bank,HELOC,2025Q1,76659.89,B2025Q1-02
USBB-HEL-2025Q1-0034,US Small Business Bank,HELOC,2025Q1,5699.97,B2025Q1-02
USBB-HEL-2025Q1-0035,US Small Business Bank,HELOC,2025Q1,65393.36,B2025Q1-02
USBB-HEL-2025Q1-0036,US Small Business Bank,HELOC,2025Q1,10837.1,B2025Q1-02
USBB-HEL-2025Q1-0037,US Small Business Bank,HELOC,2025Q1,17689.2,B2025Q1-02
USBB-HEL-2025Q1-0038,US Small Business Bank,HELOC,2025Q1,64037.23,B2025Q1-02
USBB-HEL-2025Q1-0039,US Small Business Bank,HELOC,2025Q1,9878.29,B2025Q1-02
USBB-HEL-2025Q1-0040,US Small Business Bank,HELOC,2025Q1,73164.7,B2025Q1-02
USBB-HEL-2025Q1-0041,US Small Business Bank,HELOC,2025Q1,27929.86,B2025Q1-02
USBB-HEL-2025Q1-0042,US Small Business Bank,HELOC,2025Q1,19062.67,B2025Q1-02
USBB-HEL-2025Q1-0043,US Small Business Bank,HELOC,2025Q1,23365.26,B2025Q1-02
USBB-HEL-2025Q1-0044,US Small Business Bank,HELOC,2025Q1,12065.31,B2025Q1-02
USBB-HEL-2025Q1-0045,US Small Business Bank,HELOC,2025Q1,31903.13,B2025Q1-02
USBB-HEL-2025Q1-0046,US Small Business Bank,HELOC,2025Q1,27360.88,B2025Q1-02
USBB-HEL-2025Q1-0047,US Small Business Bank,HELOC,2025Q1,86360.7,B2025Q1-02
USBB-HEL-2025Q1-0048,US Small Business Bank,HELOC,2025Q1,33758.91,B2025Q1-02
USBB-HEL-2025Q1-0049,US Small Business Bank,HELOC,2025Q1,46545.24,B2025Q1-02
USBB-HEL-2025Q1-0050,US Small Business Bank,HELOC,2025Q1,17790.22,B2025Q1-03
USBB-HEL-2025Q1-0051,US Small Business Bank,HELOC,2025Q1,58213.96,B2025Q1-03
USBB-HEL-2025Q1-0052,US Small Business Bank,HELOC,2025Q1,11961.95,B2025Q1-03
USBB-HEL-2025Q1-0053,US Small Business Bank,HELOC,2025Q1,49982.28,B2025Q1-03
USBB-HEL-2025Q1-0054,US Small Business Bank,HELOC,2025Q1,39545.0,B2025Q1-03
USBB-HEL-2025Q1-0055,US Small Business Bank,HELOC,2025Q1,8892.74,B2025Q1-03
USBB-HEL-2025Q1-0056,US Small Business Bank,HELOC,2025Q1,17574.87,B2025Q1-03
USBB-HEL-2025Q1-0057,US Small Business Bank,HELOC,2025Q1,30292.45,B2025Q1-03
USBB-HEL-2025Q1-0058,US Small Business Bank,HELOC,2025Q1,25972.33,B2025Q1-03
USBB-HEL-2025Q1-0059,US Small Business Bank,HELOC,2025Q1,28948.88,B2025Q1-03
USBB-HEL-2025Q1-0060,US Small Business Bank,HELOC,2025Q1,50139.67,B2025Q1-03
USBB-HEL-2025Q1-0061,US Small Business Bank,HELOC,2025Q1,17224.28,B2025Q1-03
USBB-HEL-2025Q1-0062,US Small Business Bank,HELOC,2025Q1,32587.77,B2025Q1-03
USBB-HEL-2025Q1-0063,US Small Business Bank,HELOC,2025Q1,22855.5,B2025Q1-03
USBB-HEL-2025Q1-0064,US Small Business Bank,HELOC,2025Q1,91632.57,B2025Q1-03
USBB-HEL-2025Q1-0065,US Small Business Bank,HELOC,2025Q1,47108.17,B2025Q1-03
USBB-HEL-2025Q1-0066,US Small Business Bank,HELOC,2025Q1,24470.6,B2025Q1-03
USBB-HEL-2025Q1-0067,US Small Business Bank,HELOC,2025Q1,27333.37,B2025Q1-03
USBB-HEL-2025Q1-0068,US Small Business Bank,HELOC,2025Q1,12610.84,B2025Q1-03
USBB-HEL-2025Q1-0069,US Small Business Bank,HELOC,2025Q1,15665.1,B2025Q1-03
USBB-HEL-2025Q1-0070,US Small Business Bank,HELOC,2025Q1,114717.38,B2025Q1-03
USBB-HEL-2025Q1-0071,US Small Business Bank,HELOC,2025Q1,35456.1,B2025Q1-03
USBB-HEL-2025Q1-0072,US Small Business Bank,HELOC,2025Q1,38099.63,B2025Q1-03
USBB-HEL-2025Q1-0073,US Small Business Bank,HELOC,2025Q1,44992.4,B2025Q1-03
USBB-HEL-2025Q1-0074,US Small Business Bank,HELOC,2025Q1,42517.88,B2025Q1-03
USBB-HEL-2025Q1-0075,US Small Business Bank,HELOC,2025Q1,18624.13,B2025Q1-04
USBB-HEL-2025Q1-0076,US Small Business Bank,HELOC,2025Q1,34697.54,B2025Q1-04
USBB-HEL-2025Q1-0077,US Small Business Bank,HELOC,2025Q1,26500.36,B2025Q1-04
USBB-HEL-2025Q1-0078,US Small Business Bank,HELOC,2025Q1,42143.88,B2025Q1-04
USBB-HEL-2025Q1-0079,US Small Business Bank,HELOC,2025Q1,69311.69,B2025Q1-04
USBB-HEL-2025Q1-0080,US Small Business Bank,HELOC,2025Q1,14752.43,B2025Q1-04
USBB-HEL-2025Q1-0081,US Small Business Bank,HELOC,2025Q1,22882.64,B2025Q1-04
USBB-HEL-2025Q1-0082,US Small Business Bank,HELOC,2025Q1,23826.48,B2025Q1-04
USBB-HEL-2025Q1-0083,US Small Business Bank,HELOC,2025Q1,22640.68,B2025Q1-04
USBB-HEL-2025Q1-0084,US Small Business Bank,HELOC,2025Q1,31096.61,B2025Q1-04
USBB-HEL-2025Q1-0085,US Small Business Bank,HELOC,2025Q1,14160.9,B2025Q1-04
USBB-HEL-2025Q1-0086,US Small Business Bank,HELOC,2025Q1,40106.73,B2025Q1-04
USBB-HEL-2025Q1-0087,US Small Business Bank,HELOC,2025Q1,14751.18,B2025Q1-04
USBB-HEL-2025Q1-0088,US Small Business Bank,HELOC,2025Q1,22356.0,B2025Q1-04
USBB-HEL-2025Q1-0089,US Small Business Bank,HELOC,2025Q1,30753.07,B2025Q1-04
USBB-HEL-2025Q1-0090,US Small Business Bank,HELOC,2025Q1,67677.69,B2025Q1-04
USBB-HEL-2025Q1-0091,US Small Business Bank,HELOC,2025Q1,12477.81,B2025Q1-04
USBB-HEL-2025Q1-0092,US Small Business Bank,HELOC,2025Q1,21737.85,B2025Q1-04
USBB-HEL-2025Q2-0000,US Small Business Bank,HELOC,2025Q2,40264.82,B2025Q2-01
USBB-HEL-2025Q2-0001,US Small Business Bank,HELOC,2025Q2,16823.68,B2025Q2-01
USBB-HEL-2025Q2-0002,US Small Business Bank,HELOC,2025Q2,11430.25,B2025Q2-01
USBB-HEL-2025Q2-0003,US Small Business Bank,HELOC,2025Q2,34217.83,B2025Q2-01
USBB-HEL-2025Q2-0004,US Small Business Bank,HELOC,2025Q2,60466.57,B2025Q2-01
USBB-HEL-2025Q2-0005,US Small Business Bank,HELOC,2025Q2,55341.01,B2025Q2-01
USBB-HEL-2025Q2-0006,US Small Business Bank,HELOC,2025Q2,29576.98,B2025Q2-01
USBB-HEL-2025Q2-0007,US Small Business Bank,HELOC,2025Q2,11407.4,B2025Q2-01
USBB-HEL-2025Q2-0008,US Small Business Bank,HELOC,2025Q2,18969.39,B2025Q2-01
USBB-HEL-2025Q2-0009,US Small Business Bank,HELOC,2025Q2,40787.4,B2025Q2-01
USBB-HEL-2025Q2-0010,US Small Business Bank,HELOC,2025Q2,26831.3,B2025Q2-01
USBB-HEL-2025Q2-0011,US Small Business Bank,HELOC,2025Q2,27406.54,B2025Q2-01
USBB-HEL-2025Q2-0012,US Small Business Bank,HELOC,2025Q2,24464.82,B2025Q2-01
USBB-HEL-2025Q2-0013,US Small Business Bank,HELOC,2025Q2,22509.78,B2025Q2-01
USBB-HEL-2025Q2-0014,US Small Business Bank,HELOC,2025Q2,33772.89,B2025Q2-01
USBB-HEL-2025Q2-0015,US Small Business Bank,HELOC,2025Q2,30877.48,B2025Q2-01
USBB-HEL-2025Q2-0016,US Small Business Bank,HELOC,2025Q2,43425.46,B2025Q2-01
USBB-HEL-2025Q2-0017,US Small Business Bank,HELOC,2025Q2,18725.96,B2025Q2-01
USBB-HEL-2025Q2-0018,US Small Business Bank,HELOC,2025Q2,20876.19,B2025Q2-01
USBB-HEL-2025Q2-0019,US Small Business Bank,HELOC,2025Q2,22912.41,B2025Q2-01
USBB-HEL-2025Q2-0020,US Small Business Bank,HELOC,2025Q2,73920.58,B2025Q2-01
USBB-HEL-2025Q2-0021,US Small Business Bank,HELOC,2025Q2,72770.57,B2025Q2-01
USBB-HEL-2025Q2-0022,US Small Business Bank,HELOC,2025Q2,54078.71,B2025Q2-01
USBB-HEL-2025Q2-0023,US Small Business Bank,HELOC,2025Q2,48036.8,B2025Q2-01
USBB-HEL-2025Q2-0024,US Small Business Bank,HELOC,2025Q2,36739.34,B2025Q2-01
USBB-HEL-2025Q2-0025,US Small Business Bank,HELOC,2025Q2,36962.8,B2025Q2-02
USBB-HEL-2025Q2-0026,US Small Business Bank,HELOC,2025Q2,72983.93,B2025Q2-02
USBB-HEL-2025Q2-0027,US Small Business Bank,HELOC,2025Q2,22773.28,B2025Q2-02
USBB-HEL-2025Q2-0028,US Small Business Bank,HELOC,2025Q2,35306.74,B2025Q2-02
USBB-HEL-2025Q2-0029,US Small Business Bank,HELOC,2025Q2,30821.71,B2025Q2-02
USBB-HEL-2025Q2-0030,US Small Business Bank,HELOC,2025Q2,21990.09,B2025Q2-02
USBB-HEL-2025Q2-0031,US Small Business Bank,HELOC,2025Q2,15301.84,B2025Q2-02
USBB-HEL-2025Q2-0032,US Small Business Bank,HELOC,2025Q2,47563.15,B2025Q2-02
USBB-HEL-2025Q2-0033,US Small Business Bank,HELOC,2025Q2,51827.1,B2025Q2-02
USBB-HEL-2025Q2-0034,US Small Business Bank,HELOC,2025Q2,17054.4,B2025Q2-02
USBB-HEL-2025Q2-0035,US Small Business Bank,HELOC,2025Q2,24599.55,B2025Q2-02
USBB-HEL-2025Q2-0036,US Small Business Bank,HELOC,2025Q2,53818.34,B2025Q2-02
USBB-HEL-2025Q2-0037,US Small Business Bank,HELOC,2025Q2,29085.4,B2025Q2-02
USBB-HEL-2025Q2-0038,US Small Business Bank,HELOC,2025Q2,17542.95,B2025Q2-02
USBB-HEL-2025Q2-0039,US Small Business Bank,HELOC,2025Q2,61605.02,B2025Q2-02
USBB-HEL-2025Q2-0040,US Small Business Bank,HELOC,2025Q2,19073.34,B2025Q2-02
USBB-HEL-2025Q2-0041,US Small Business Bank,HELOC,2025Q2,33403.57,B2025Q2-02
USBB-HEL-2025Q2-0042,US Small Business Bank,HELOC,2025Q2,17667.04,B2025Q2-02
USBB-HEL-2025Q2-0043,US Small Business Bank,HELOC,2025Q2,34243.16,B2025Q2-02
USBB-HEL-2025Q2-0044,US Small Business Bank,HELOC,2025Q2,16903.33,B2025Q2-02
USBB-HEL-2025Q2-0045,US Small Business Bank,HELOC,2025Q2,12156.52,B2025Q2-02
USBB-HEL-2025Q2-0046,US Small Business Bank,HELOC,2025Q2,23973.84,B2025Q2-02
USBB-HEL-2025Q2-0047,US Small Business Bank,HELOC,2025Q2,31026.51,B2025Q2-02
USBB-HEL-2025Q2-0048,US Small Business Bank,HELOC,2025Q2,32565.99,B2025Q2-02
USBB-HEL-2025Q2-0049,US Small Business Bank,HELOC,2025Q2,42123.06,B2025Q2-02
USBB-HEL-2025Q2-0050,US Small Business Bank,HELOC,2025Q2,49027.15,B2025Q2-03
USBB-HEL-2025Q2-0051,US Small Business Bank,HELOC,2025Q2,43268.18,B2025Q2-03
USBB-HEL-2025Q2-0052,US Small Business Bank,HELOC,2025Q2,27344.48,B2025Q2-03
USBB-HEL-2025Q2-0053,US Small Business Bank,HELOC,2025Q2,87067.22,B2025Q2-03
USBB-HEL-2025Q2-0054,US Small Business Bank,HELOC,2025Q2,37912.51,B2025Q2-03
USBB-HEL-2025Q2-0055,US Small Business Bank,HELOC,2025Q2,23702.18,B2025Q2-03
USBB-HEL-2025Q2-0056,US Small Business Bank,HELOC,2025Q2,19649.95,B2025Q2-03
USBB-HEL-2025Q2-0057,US Small Business Bank,HELOC,2025Q2,23852.88,B2025Q2-03
USBB-HEL-2025Q2-0058,US Small Business Bank,HELOC,2025Q2,13590.09,B2025Q2-03
USBB-HEL-2025Q2-0059,US Small Business Bank,HELOC,2025Q2,44004.76,B2025Q2-03
USBB-HEL-2025Q2-0060,US Small Business Bank,HELOC,2025Q2,43105.09,B2025Q2-03
USBB-HEL-2025Q2-0061,US Small Business Bank,HELOC,2025Q2,22718.86,B2025Q2-03
USBB-HEL-2025Q2-0062,US Small Business Bank,HELOC,2025Q2,29348.66,B2025Q2-03
USBB-HEL-2025Q2-0063,US Small Business Bank,HELOC,2025Q2,11970.93,B2025Q2-03
USBB-HEL-2025Q2-0064,US Small Business Bank,HELOC,2025Q2,27563.7,B2025Q2-03
USBB-HEL-2025Q2-0065,US Small Business Bank,HELOC,2025Q2,30519.86,B2025Q2-03
USBB-HEL-2025Q2-0066,US Small Business Bank,HELOC,2025Q2,42780.53,B2025Q2-03
USBB-HEL-2025Q2-0067,US Small Business Bank,HELOC,2025Q2,23147.97,B2025Q2-03
USBB-HEL-2025Q2-0068,US Small Business Bank,HELOC,2025Q2,37490.43,B2025Q2-03
USBB-HEL-2025Q2-0069,US Small Business Bank,HELOC,2025Q2,25880.31,B2025Q2-03
USBB-HEL-2025Q2-0070,US Small Business Bank,HELOC,2025Q2,11458.52,B2025Q2-03
USBB-HEL-2025Q2-0071,US Small Business Bank,HELOC,2025Q2,29818.12,B2025Q2-03
USBB-HEL-2025Q2-0072,US Small Business Bank,HELOC,2025Q2,40352.54,B2025Q2-03
USBB-HEL-2025Q2-0073,US Small Business Bank,HELOC,2025Q2,36295.68,B2025Q2-03
USBB-HEL-2025Q2-0074,US Small Business Bank,HELOC,2025Q2,18681.19,B2025Q2-03
USBB-HEL-2025Q2-0075,US Small Business Bank,HELOC,2025Q2,48020.61,B2025Q2-04
USBB-HEL-2025Q2-0076,US Small Business Bank,HELOC,2025Q2,22689.76,B2025Q2-04
USBB-HEL-2025Q2-0077,US Small Business Bank,HELOC,2025Q2,97442.04,B2025Q2-04
USBB-HEL-2025Q2-0078,US Small Business Bank,HELOC,2025Q2,34325.69,B2025Q2-04
USBB-HEL-2025Q2-0079,US Small Business Bank,HELOC,2025Q2,51722.42,B2025Q2-04
USBB-HEL-2025Q2-0080,US Small Business Bank,HELOC,2025Q2,64952.0,B2025Q2-04
USBB-HEL-2025Q2-0081,US Small Business Bank,HELOC,2025Q2,24382.98,B2025Q2-04
USBB-HEL-2025Q2-0082,US Small Business Bank,HELOC,2025Q2,13611.1,B2025Q2-04
USBB-HEL-2025Q2-0083,US Small Business Bank,HELOC,2025Q2,44071.78,B2025Q2-04
USBB-HEL-2025Q2-0084,US Small Business Bank,HELOC,2025Q2,20565.86,B2025Q2-04
USBB-HEL-2025Q2-0085,US Small Business Bank,HELOC,2025Q2,43646.6,B2025Q2-04
USBB-HEL-2025Q2-0086,US Small Business Bank,HELOC,2025Q2,33691.2,B2025Q2-04
USBB-HEL-2025Q2-0087,US Small Business Bank,HELOC,2025Q2,23687.75,B2025Q2-04
USBB-HEL-2025Q2-0088,US Small Business Bank,HELOC,2025Q2,72020.16,B2025Q2-04
USBB-HEL-2025Q2-0089,US Small Business Bank,HELOC,2025Q2,19560.43,B2025Q2-04
USBB-HEL-2025Q2-0090,US Small Business Bank,HELOC,2025Q2,32328.1,B2025Q2-04
USBB-HEL-2025Q2-0091,US Small Business Bank,HELOC,2025Q2,24032.08,B2025Q2-04
USBB-HEL-2025Q2-0092,US Small Business Bank,HELOC,2025Q2,22654.83,B2025Q2-04
USBB-SMA-2025Q1-0000,US Small Business Bank,Small Business Loan,2025Q1,52860.22,B2025Q1-01
USBB-SMA-2025Q1-0001,US Small Business Bank,Small Business Loan,2025Q1,13804.86,B2025Q1-01
USBB-SMA-2025Q1-0002,US Small Business Bank,Small Business Loan,2025Q1,23997.35,B2025Q1-01
USBB-SMA-2025Q1-0003,US Small Business Bank,Small Business Loan,2025Q1,38590.03,B2025Q1-01
USBB-SMA-2025Q1-0004,US Small Business Bank,Small Business Loan,2025Q1,28426.08,B2025Q1-01
USBB-SMA-2025Q1-0005,US Small Business Bank,Small Business Loan,2025Q1,97674.88,B2025Q1-01
USBB-SMA-2025Q1-0006,US Small Business Bank,Small Business Loan,2025Q1,30549.5,B2025Q1-01
USBB-SMA-2025Q1-0007,US Small Business Bank,Small Business Loan,2025Q1,102931.25,B2025Q1-01
USBB-SMA-2025Q1-0008,US Small Business Bank,Small Business Loan,2025Q1,22094.55,B2025Q1-01
USBB-SMA-2025Q1-0009,US Small Business Bank,Small Business Loan,2025Q1,68235.83,B2025Q1-01
USBB-SMA-2025Q1-0010,US Small Business Bank,Small Business Loan,2025Q1,37114.8,B2025Q1-01
USBB-SMA-2025Q1-0011,US Small Business Bank,Small Business Loan,2025Q1,51320.25,B2025Q1-01
USBB-SMA-2025Q1-0012,US Small Business Bank,Small Business Loan,2025Q1,42095.96,B2025Q1-01
USBB-SMA-2025Q1-0013,US Small Business Bank,Small Business Loan,2025Q1,26635.85,B2025Q1-01
USBB-SMA-2025Q1-0014,US Small Business Bank,Small Business Loan,2025Q1,142386.7,B2025Q1-01
USBB-SMA-2025Q1-0015,US Small Business Bank,Small Business Loan,2025Q1,48479.37,B2025Q1-01
USBB-SMA-2025Q1-0016,US Small Business Bank,Small Business Loan,2025Q1,57821.6,B2025Q1-01
USBB-SMA-2025Q1-0017,US Small Business Bank,Small Business Loan,2025Q1,58398.15,B2025Q1-01
USBB-SMA-2025Q1-0018,US Small Business Bank,Small Business Loan,2025Q1,42420.77,B2025Q1-01
USBB-SMA-2025Q1-0019,US Small Business Bank,Small Business Loan,2025Q1,22720.71,B2025Q1-01
USBB-SMA-2025Q1-0020,US Small Business Bank,Small Business Loan,2025Q1,17386.84,B2025Q1-01
USBB-SMA-2025Q1-0021,US Small Business Bank,Small Business Loan,2025Q1,36762.36,B2025Q1-01
USBB-SMA-2025Q1-0022,US Small Business Bank,Small Business Loan,2025Q1,145631.1,B2025Q1-01
USBB-SMA-2025Q1-0023,US Small Business Bank,Small Business Loan,2025Q1,68025.64,B2025Q1-01
USBB-SMA-2025Q1-0024,US Small Business Bank,Small Business Loan,2025Q1,76554.86,B2025Q1-01
USBB-SMA-2025Q1-0025,US Small Business Bank,Small Business Loan,2025Q1,84511.71,B2025Q1-02
USBB-SMA-2025Q1-0026,US Small Business Bank,Small Business Loan,2025Q1,94949.39,B2025Q1-02
USBB-SMA-2025Q1-0027,US Small Business Bank,Small Business Loan,2025Q1,38358.12,B2025Q1-02
USBB-SMA-2025Q1-0028,US Small Business Bank,Small Business Loan,2025Q1,39203.57,B2025Q1-02
USBB-SMA-2025Q1-0029,US Small Business Bank,Small Business Loan,2025Q1,38085.08,B2025Q1-02
USBB-SMA-2025Q1-0030,US Small Business Bank,Small Business Loan,2025Q1,90253.58,B2025Q1-02
USBB-SMA-2025Q1-0031,US Small Business Bank,Small Business Loan,2025Q1,64836.8,B2025Q1-02
USBB-SMA-2025Q1-0032,US Small Business Bank,Small Business Loan,2025Q1,23904.7,B2025Q1-02
USBB-SMA-2025Q1-0033,US Small Business Bank,Small Business Loan,2025Q1,39810.11,B2025Q1-02
USBB-SMA-2025Q1-0034,US Small Business Bank,Small Business Loan,2025Q1,54798.38,B2025Q1-02
USBB-SMA-2025Q1-0035,US Small Business Bank,Small Business Loan,2025Q1,27028.45,B2025Q1-02
USBB-SMA-2025Q1-0036,US Small Business Bank,Small Business Loan,2025Q1,78778.64,B2025Q1-02
USBB-SMA-2025Q1-0037,US Small Business Bank,Small Business Loan,2025Q1,24856.72,B2025Q1-02
USBB-SMA-2025Q1-0038,US Small Business Bank,Small Business Loan,2025Q1,65606.0,B2025Q1-02
USBB-SMA-2025Q1-0039,US Small Business Bank,Small Business Loan,2025Q1,67242.85,B2025Q1-02
USBB-SMA-2025Q1-0040,US Small Business Bank,Small Business Loan,2025Q1,29662.99,B2025Q1-02
USBB-SMA-2025Q1-0041,US Small Business Bank,Small Business Loan,2025Q1,20409.13,B2025Q1-02
USBB-SMA-2025Q1-0042,US Small Business Bank,Small Business Loan,2025Q1,57697.22,B2025Q1-02
USBB-SMA-2025Q1-0043,US Small Business Bank,Small Business Loan,2025Q1,139414.98,B2025Q1-02
USBB-SMA-2025Q1-0044,US Small Business Bank,Small Business Loan,2025Q1,68779.84,B2025Q1-02
USBB-SMA-2025Q1-0045,US Small Business Bank,Small Business Loan,2025Q1,41355.79,B2025Q1-02
USBB-SMA-2025Q1-0046,US Small Business Bank,Small Business Loan,2025Q1,52885.16,B2025Q1-02
USBB-SMA-2025Q1-0047,US Small Business Bank,Small Business Loan,2025Q1,56405.41,B2025Q1-02
USBB-SMA-2025Q1-0048,US Small Business Bank,Small Business Loan,2025Q1,43334.53,B2025Q1-02
USBB-SMA-2025Q1-0049,US Small Business Bank,Small Business Loan,2025Q1,53710.69,B2025Q1-02
USBB-SMA-2025Q1-0050,US Small Business Bank,Small Business Loan,2025Q1,51278.17,B2025Q1-03
USBB-SMA-2025Q1-0051,US Small Business Bank,Small Business Loan,2025Q1,47913.56,B2025Q1-03
USBB-SMA-2025Q1-0052,US Small Business Bank,Small Business Loan,2025Q1,40241.77,B2025Q1-03
USBB-SMA-2025Q1-0053,US Small Business Bank,Small Business Loan,2025Q1,28802.02,B2025Q1-03
USBB-SMA-2025Q1-0054,US Small Business Bank,Small Business Loan,2025Q1,48643.77,B2025Q1-03
USBB-SMA-2025Q1-0055,US Small Business Bank,Small Business Loan,2025Q1,41339.81,B2025Q1-03
USBB-SMA-2025Q1-0056,US Small Business Bank,Small Business Loan,2025Q1,58439.57,B2025Q1-03
USBB-SMA-2025Q1-0057,US Small Business Bank,Small Business Loan,2025Q1,21973.27,B2025Q1-03
USBB-SMA-2025Q1-0058,US Small Business Bank,Small Business Loan,2025Q1,43120.49,B2025Q1-03
USBB-SMA-2025Q1-0059,US Small Business Bank,Small Business Loan,2025Q1,37293.42,B2025Q1-03
USBB-SMA-2025Q1-0060,US Small Business Bank,Small Business Loan,2025Q1,45824.78,B2025Q1-03
USBB-SMA-2025Q1-0061,US Small Business Bank,Small Business Loan,2025Q1,136674.19,B2025Q1-03
USBB-SMA-2025Q1-0062,US Small Business Bank,Small Business Loan,2025Q1,12311.74,B2025Q1-03
USBB-SMA-2025Q1-0063,US Small Business Bank,Small Business Loan,2025Q1,28403.91,B2025Q1-03
USBB-SMA-2025Q1-0064,US Small Business Bank,Small Business Loan,2025Q1,110271.41,B2025Q1-03
USBB-SMA-2025Q1-0065,US Small Business Bank,Small Business Loan,2025Q1,46402.02,B2025Q1-03
USBB-SMA-2025Q1-0066,US Small Business Bank,Small Business Loan,2025Q1,82447.9,B2025Q1-03
USBB-SMA-2025Q1-0067,US Small Business Bank,Small Business Loan,2025Q1,42044.18,B2025Q1-03
USBB-SMA-2025Q1-0068,US Small Business Bank,Small Business Loan,2025Q1,41875.58,B2025Q1-03
USBB-SMA-2025Q1-0069,US Small Business Bank,Small Business Loan,2025Q1,167024.13,B2025Q1-03
USBB-SMA-2025Q1-0070,US Small Business Bank,Small Business Loan,2025Q1,18919.24,B2025Q1-03
USBB-SMA-2025Q1-0071,US Small Business Bank,Small Business Loan,2025Q1,87858.72,B2025Q1-03
USBB-SMA-2025Q2-0000,US Small Business Bank,Small Business Loan,2025Q2,29734.9,B2025Q2-01
USBB-SMA-2025Q2-0001,US Small Business Bank,Small Business Loan,2025Q2,83156.25,B2025Q2-01
USBB-SMA-2025Q2-0002,US Small Business Bank,Small Business Loan,2025Q2,19836.44,B2025Q2-01
USBB-SMA-2025Q2-0003,US Small Business Bank,Small Business Loan,2025Q2,65696.09,B2025Q2-01
USBB-SMA-2025Q2-0004,US Small Business Bank,Small Business Loan,2025Q2,39483.31,B2025Q2-01
USBB-SMA-2025Q2-0005,US Small Business Bank,Small Business Loan,2025Q2,66936.83,B2025Q2-01
USBB-SMA-2025Q2-0006,US Small Business Bank,Small Business Loan,2025Q2,69631.94,B2025Q2-01
USBB-SMA-2025Q2-0007,US Small Business Bank,Small Business Loan,2025Q2,30323.18,B2025Q2-01
USBB-SMA-2025Q2-0008,US Small Business Bank,Small Business Loan,2025Q2,57379.52,B2025Q2-01
USBB-SMA-2025Q2-0009,US Small Business Bank,Small Business Loan,2025Q2,91045.24,B2025Q2-01
USBB-SMA-2025Q2-0010,US Small Business Bank,Small Business Loan,2025Q2,102153.58,B2025Q2-01
USBB-SMA-2025Q2-0011,US Small Business Bank,Small Business Loan,2025Q2,25052.03,B2025Q2-01
USBB-SMA-2025Q2-0012,US Small Business Bank,Small Business Loan,2025Q2,39023.48,B2025Q2-01
USBB-SMA-2025Q2-0013,US Small Business Bank,Small Business Loan,2025Q2,82819.47,B2025Q2-01
USBB-SMA-2025Q2-0014,US Small Business Bank,Small Business Loan,2025Q2,38675.05,B2025Q2-01
USBB-SMA-2025Q2-0015,US Small Business Bank,Small Business Loan,2025Q2,23220.11,B2025Q2-01
USBB-SMA-2025Q2-0016,US Small Business Bank,Small Business Loan,2025Q2,28553.24,B2025Q2-01
USBB-SMA-2025Q2-0017,US Small Business Bank,Small Business Loan,2025Q2,40102.38,B2025Q2-01
USBB-SMA-2025Q2-0018,US Small Business Bank,Small Business Loan,2025Q2,136650.81,B2025Q2-01
USBB-SMA-2025Q2-0019,US Small Business Bank,Small Business Loan,2025Q2,31731.54,B2025Q2-01
USBB-SMA-2025Q2-0020,US Small Business Bank,Small Business Loan,2025Q2,43626.01,B2025Q2-01
USBB-SMA-2025Q2-0021,US Small Business Bank,Small Business Loan,2025Q2,26059.17,B2025Q2-01
USBB-SMA-2025Q2-0022,US Small Business Bank,Small Business Loan,2025Q2,47607.36,B2025Q2-01
USBB-SMA-2025Q2-0023,US Small Business Bank,Small Business Loan,2025Q2,77821.74,B2025Q2-01
USBB-SMA-2025Q2-0024,US Small Business Bank,Small Business Loan,2025Q2,74035.23,B2025Q2-01
USBB-SMA-2025Q2-0025,US Small Business Bank,Small Business Loan,2025Q2,110611.32,B2025Q2-02
USBB-SMA-2025Q2-0026,US Small Business Bank,Small Business Loan,2025Q2,79099.07,B2025Q2-02
USBB-SMA-2025Q2-0027,US Small Business Bank,Small Business Loan,2025Q2,37951.79,B2025Q2-02
USBB-SMA-2025Q2-0028,US Small Business Bank,Small Business Loan,2025Q2,32974.84,B2025Q2-02
USBB-SMA-2025Q2-0029,US Small Business Bank,Small Business Loan,2025Q2,19308.69,B2025Q2-02
USBB-SMA-2025Q2-0030,US Small Business Bank,Small Business Loan,2025Q2,38146.68,B2025Q2-02
USBB-SMA-2025Q2-0031,US Small Business Bank,Small Business Loan,2025Q2,30894.5,B2025Q2-02
USBB-SMA-2025Q2-0032,US Small Business Bank,Small Business Loan,2025Q2,48295.46,B2025Q2-02
USBB-SMA-2025Q2-0033,US Small Business Bank,Small Business Loan,2025Q2,44288.34,B2025Q2-02
USBB-SMA-2025Q2-0034,US Small Business Bank,Small Business Loan,2025Q2,19846.79,B2025Q2-02
USBB-SMA-2025Q2-0035,US Small Business Bank,Small Business Loan,2025Q2,82889.47,B2025Q2-02
USBB-SMA-2025Q2-0036,US Small Business Bank,Small Business Loan,2025Q2,33791.95,B2025Q2-02
USBB-SMA-2025Q2-0037,US Small Business Bank,Small Business Loan,2025Q2,18411.29,B2025Q2-02
USBB-SMA-2025Q2-0038,US Small Business Bank,Small Business Loan,2025Q2,32558.39,B2025Q2-02
USBB-SMA-2025Q2-0039,US Small Business Bank,Small Business Loan,2025Q2,58864.68,B2025Q2-02
USBB-SMA-2025Q2-0040,US Small Business Bank,Small Business Loan,2025Q2,31969.56,B2025Q2-02
USBB-SMA-2025Q2-0041,US Small Business Bank,Small Business Loan,2025Q2,161074.88,B2025Q2-02
USBB-SMA-2025Q2-0042,US Small Business Bank,Small Business Loan,2025Q2,34307.38,B2025Q2-02
USBB-SMA-2025Q2-0043,US Small Business Bank,Small Business Loan,2025Q2,26915.53,B2025Q2-02
USBB-SMA-2025Q2-0044,US Small Business Bank,Small Business Loan,2025Q2,34860.59,B2025Q2-02
USBB-SMA-2025Q2-0045,US Small Business Bank,Small Business Loan,2025Q2,85112.42,B2025Q2-02
USBB-SMA-2025Q2-0046,US Small Business Bank,Small Business Loan,2025Q2,46103.66,B2025Q2-02
USBB-SMA-2025Q2-0047,US Small Business Bank,Small Business Loan,2025Q2,39958.67,B2025Q2-02
USBB-SMA-2025Q2-0048,US Small Business Bank,Small Business Loan,2025Q2,36330.97,B2025Q2-02
USBB-SMA-2025Q2-0049,US Small Business Bank,Small Business Loan,2025Q2,139232.18,B2025Q2-02
USBB-SMA-2025Q2-0050,US Small Business Bank,Small Business Loan,2025Q2,39975.84,B2025Q2-03
USBB-SMA-2025Q2-0051,US Small Business Bank,Small Business Loan,2025Q2,41032.31,B2025Q2-03
USBB-SMA-2025Q2-0052,US Small Business Bank,Small Business Loan,2025Q2,78020.61,B2025Q2-03
USBB-SMA-2025Q2-0053,US Small Business Bank,Small Business Loan,2025Q2,100566.57,B2025Q2-03
USBB-SMA-2025Q2-0054,US Small Business Bank,Small Business Loan,2025Q2,56806.11,B2025Q2-03
USBB-SMA-2025Q2-0055,US Small Business Bank,Small Business Loan,2025Q2,20568.81,B2025Q2-03
USBB-SMA-2025Q2-0056,US Small Business Bank,Small Business Loan,2025Q2,122531.29,B2025Q2-03
USBB-SMA-2025Q2-0057,US Small Business Bank,Small Business Loan,2025Q2,25231.45,B2025Q2-03
USBB-SMA-2025Q2-0058,US Small Business Bank,Small Business Loan,2025Q2,20541.63,B2025Q2-03
USBB-SMA-2025Q2-0059,US Small Business Bank,Small Business Loan,2025Q2,44440.03,B2025Q2-03
USBB-SMA-2025Q2-0060,US Small Business Bank,Small Business Loan,2025Q2,92906.26,B2025Q2-03
USBB-SMA-2025Q2-0061,US Small Business Bank,Small Business Loan,2025Q2,26444.29,B2025Q2-03
USBB-SMA-2025Q2-0062,US Small Business Bank,Small Business Loan,2025Q2,55835.52,B2025Q2-03
USBB-SMA-2025Q2-0063,US Small Business Bank,Small Business Loan,2025Q2,60101.18,B2025Q2-03
USBB-SMA-2025Q2-0064,US Small Business Bank,Small Business Loan,2025Q2,44445.84,B2025Q2-03
USBB-SMA-2025Q2-0065,US Small Business Bank,Small Business Loan,2025Q2,102033.83,B2025Q2-03
USBB-SMA-2025Q2-0066,US Small Business Bank,Small Business Loan,2025Q2,112143.78,B2025Q2-03
USBB-SMA-2025Q2-0067,US Small Business Bank,Small Business Loan,2025Q2,178188.4,B2025Q2-03
USBB-SMA-2025Q2-0068,US Small Business Bank,Small Business Loan,2025Q2,82687.81,B2025Q2-03
USBB-SMA-2025Q2-0069,US Small Business Bank,Small Business Loan,2025Q2,50382.88,B2025Q2-03
USBB-SMA-2025Q2-0070,US Small Business Bank,Small Business Loan,2025Q2,41656.01,B2025Q2-03
USBB-SMA-2025Q2-0071,US Small Business Bank,Small Business Loan,2025Q2,44761.55,B2025Q2-03
UPB-MOR-2025Q1-0000,US Private Bank,Mortgage,2025Q1,120559.15,B2025Q1-01
UPB-MOR-2025Q1-0001,US Private Bank,Mortgage,2025Q1,78131.04,B2025Q1-01
UPB-MOR-2025Q1-0002,US Private Bank,Mortgage,2025Q1,204801.24,B2025Q1-01
UPB-MOR-2025Q1-0003,US Private Bank,Mortgage,2025Q1,282190.55,B2025Q1-01
UPB-MOR-2025Q1-0004,US Private Bank,Mortgage,2025Q1,83226.14,B2025Q1-01
UPB-MOR-2025Q1-0005,US Private Bank,Mortgage,2025Q1,437500.15,B2025Q1-01
UPB-MOR-2025Q1-0006,US Private Bank,Mortgage,2025Q1,447319.81,B2025Q1-01
UPB-MOR-2025Q1-0007,US Private Bank,Mortgage,2025Q1,134625.53,B2025Q1-01
UPB-MOR-2025Q1-0008,US Private Bank,Mortgage,2025Q1,123281.17,B2025Q1-01
UPB-MOR-2025Q1-0009,US Private Bank,Mortgage,2025Q1,264668.6,B2025Q1-01
UPB-MOR-2025Q1-0010,US Private Bank,Mortgage,2025Q1,170731.24,B2025Q1-01
UPB-MOR-2025Q1-0011,US Private Bank,Mortgage,2025Q1,232612.82,B2025Q1-01
UPB-MOR-2025Q1-0012,US Private Bank,Mortgage,2025Q1,422698.23,B2025Q1-01
UPB-MOR-2025Q1-0013,US Private Bank,Mortgage,2025Q1,155179.23,B2025Q1-01
UPB-MOR-2025Q1-0014,US Private Bank,Mortgage,2025Q1,165736.03,B2025Q1-01
UPB-MOR-2025Q1-0015,US Private Bank,Mortgage,2025Q1,326271.3,B2025Q1-01
UPB-MOR-2025Q1-0016,US Private Bank,Mortgage,2025Q1,377218.74,B2025Q1-01
UPB-MOR-2025Q1-0017,US Private Bank,Mortgage,2025Q1,180148.7,B2025Q1-01
UPB-MOR-2025Q1-0018,US Private Bank,Mortgage,2025Q1,391709.29,B2025Q1-01
UPB-MOR-2025Q1-0019,US Private Bank,Mortgage,2025Q1,290879.37,B2025Q1-01
UPB-MOR-2025Q1-0020,US Private Bank,Mortgage,2025Q1,685020.22,B2025Q1-01
UPB-MOR-2025Q1-0021,US Private Bank,Mortgage,2025Q1,253918.95,B2025Q1-01
UPB-MOR-2025Q1-0022,US Private Bank,Mortgage,2025Q1,337021.43,B2025Q1-01
UPB-MOR-2025Q1-0023,US Private Bank,Mortgage,2025Q1,232009.41,B2025Q1-01
UPB-MOR-2025Q1-0024,US Private Bank,Mortgage,2025Q1,329901.97,B2025Q1-01
UPB-MOR-2025Q1-0025,US Private Bank,Mortgage,2025Q1,178472.5,B2025Q1-02
UPB-MOR-2025Q1-0026,US Private Bank,Mortgage,2025Q1,245297.06,B2025Q1-02
UPB-MOR-2025Q1-0027,US Private Bank,Mortgage,2025Q1,95076.56,B2025Q1-02
UPB-MOR-2025Q1-0028,US Private Bank,Mortgage,2025Q1,134939.79,B2025Q1-02
UPB-MOR-2025Q1-0029,US Private Bank,Mortgage,2025Q1,278720.59,B2025Q1-02
UPB-MOR-2025Q1-0030,US Private Bank,Mortgage,2025Q1,220358.71,B2025Q1-02
UPB-MOR-2025Q1-0031,US Private Bank,Mortgage,2025Q1,261569.2,B2025Q1-02
UPB-MOR-2025Q1-0032,US Private Bank,Mortgage,2025Q1,330742.82,B2025Q1-02
UPB-MOR-2025Q1-0033,US Private Bank,Mortgage,2025Q1,164480.09,B2025Q1-02
UPB-MOR-2025Q1-0034,US Private Bank,Mortgage,2025Q1,288462.27,B2025Q1-02
UPB-MOR-2025Q1-0035,US Private Bank,Mortgage,2025Q1,151812.91,B2025Q1-02
UPB-MOR-2025Q1-0036,US Private Bank,Mortgage,2025Q1,559472.78,B2025Q1-02
UPB-MOR-2025Q1-0037,US Private Bank,Mortgage,2025Q1,491718.51,B2025Q1-02
UPB-MOR-2025Q1-0038,US Private Bank,Mortgage,2025Q1,189268.77,B2025Q1-02
UPB-MOR-2025Q1-0039,US Private Bank,Mortgage,2025Q1,133961.2,B2025Q1-02
UPB-MOR-2025Q1-0040,US Private Bank,Mortgage,2025Q1,201850.83,B2025Q1-02
UPB-MOR-2025Q1-0041,US Private Bank,Mortgage,2025Q1,143250.15,B2025Q1-02
UPB-MOR-2025Q1-0042,US Private Bank,Mortgage,2025Q1,135432.01,B2025Q1-02
UPB-MOR-2025Q1-0043,US Private Bank,Mortgage,2025Q1,173002.85,B2025Q1-02
UPB-MOR-2025Q1-0044,US Private Bank,Mortgage,2025Q1,491821.3,B2025Q1-02
UPB-MOR-2025Q1-0045,US Private Bank,Mortgage,2025Q1,203769.07,B2025Q1-02
UPB-MOR-2025Q1-0046,US Private Bank,Mortgage,2025Q1,1276632.43,B2025Q1-02
UPB-MOR-2025Q1-0047,US Private Bank,Mortgage,2025Q1,611131.47,B2025Q1-02
UPB-MOR-2025Q1-0048,US Private Bank,Mortgage,2025Q1,351736.43,B2025Q1-02
UPB-MOR-2025Q1-0049,US Private Bank,Mortgage,2025Q1,259862.94,B2025Q1-02
UPB-MOR-2025Q1-0050,US Private Bank,Mortgage,2025Q1,199626.31,B2025Q1-03
UPB-MOR-2025Q1-0051,US Private Bank,Mortgage,2025Q1,344300.73,B2025Q1-03
UPB-MOR-2025Q1-0052,US Private Bank,Mortgage,2025Q1,172151.38,B2025Q1-03
UPB-MOR-2025Q1-0053,US Private Bank,Mortgage,2025Q1,132384.57,B2025Q1-03
UPB-MOR-2025Q1-0054,US Private Bank,Mortgage,2025Q1,219531.49,B2025Q1-03
UPB-MOR-2025Q1-0055,US Private Bank,Mortgage,2025Q1,204827.41,B2025Q1-03
UPB-MOR-2025Q1-0056,US Private Bank,Mortgage,2025Q1,148317.88,B2025Q1-03
UPB-MOR-2025Q1-0057,US Private Bank,Mortgage,2025Q1,160037.21,B2025Q1-03
UPB-MOR-2025Q1-0058,US Private Bank,Mortgage,2025Q1,87502.49,B2025Q1-03
UPB-MOR-2025Q1-0059,US Private Bank,Mortgage,2025Q1,227083.74,B2025Q1-03
UPB-MOR-2025Q1-0060,US Private Bank,Mortgage,2025Q1,147342.47,B2025Q1-03
UPB-MOR-2025Q1-0061,US Private Bank,Mortgage,2025Q1,138946.73,B2025Q1-03
UPB-MOR-2025Q1-0062,US Private Bank,Mortgage,2025Q1,290714.08,B2025Q1-03
UPB-MOR-2025Q1-0063,US Private Bank,Mortgage,2025Q1,152150.21,B2025Q1-03
UPB-MOR-2025Q1-0064,US Private Bank,Mortgage,2025Q1,472690.39,B2025Q1-03
UPB-MOR-2025Q1-0065,US Private Bank,Mortgage,2025Q1,229433.29,B2025Q1-03
UPB-MOR-2025Q1-0066,US Private Bank,Mortgage,2025Q1,349886.33,B2025Q1-03
UPB-MOR-2025Q1-0067,US Private Bank,Mortgage,2025Q1,237673.34,B2025Q1-03
UPB-MOR-2025Q1-0068,US Private Bank,Mortgage,2025Q1,175177.48,B2025Q1-03
UPB-MOR-2025Q1-0069,US Private Bank,Mortgage,2025Q1,150436.77,B2025Q1-03
UPB-MOR-2025Q1-0070,US Private Bank,Mortgage,2025Q1,58169.47,B2025Q1-03
UPB-MOR-2025Q1-0071,US Private Bank,Mortgage,2025Q1,179746.55,B2025Q1-03
UPB-MOR-2025Q1-0072,US Private Bank,Mortgage,2025Q1,148454.51,B2025Q1-03
UPB-MOR-2025Q1-0073,US Private Bank,Mortgage,2025Q1,210274.74,B2025Q1-03
UPB-MOR-2025Q1-0074,US Private Bank,Mortgage,2025Q1,126783.79,B2025Q1-03
UPB-MOR-2025Q1-0075,US Private Bank,Mortgage,2025Q1,42802.5,B2025Q1-04
UPB-MOR-2025Q1-0076,US Private Bank,Mortgage,2025Q1,297921.31,B2025Q1-04
UPB-MOR-2025Q1-0077,US Private Bank,Mortgage,2025Q1,116969.4,B2025Q1-04
UPB-MOR-2025Q1-0078,US Private Bank,Mortgage,2025Q1,257426.7,B2025Q1-04
UPB-MOR-2025Q1-0079,US Private Bank,Mortgage,2025Q1,231847.49,B2025Q1-04
UPB-MOR-2025Q1-0080,US Private Bank,Mortgage,2025Q1,228883.14,B2025Q1-04
UPB-MOR-2025Q1-0081,US Private Bank,Mortgage,2025Q1,306578.4,B2025Q1-04
UPB-MOR-2025Q1-0082,US Private Bank,Mortgage,2025Q1,137045.38,B2025Q1-04
UPB-MOR-2025Q1-0083,US Private Bank,Mortgage,2025Q1,405127.43,B2025Q1-04
UPB-MOR-2025Q1-0084,US Private Bank,Mortgage,2025Q1,431592.14,B2025Q1-04
UPB-MOR-2025Q1-0085,US Private Bank,Mortgage,2025Q1,288334.41,B2025Q1-04
UPB-MOR-2025Q1-0086,US Private Bank,Mortgage,2025Q1,444500.2,B2025Q1-04
UPB-MOR-2025Q1-0087,US Private Bank,Mortgage,2025Q1,114840.04,B2025Q1-04
UPB-MOR-2025Q1-0088,US Private Bank,Mortgage,2025Q1,393704.53,B2025Q1-04
UPB-MOR-2025Q1-0089,US Private Bank,Mortgage,2025Q1,585895.47,B2025Q1-04
UPB-MOR-2025Q1-0090,US Private Bank,Mortgage,2025Q1,102095.86,B2025Q1-04
UPB-MOR-2025Q1-0091,US Private Bank,Mortgage,2025Q1,203702.31,B2025Q1-04
UPB-MOR-2025Q1-0092,US Private Bank,Mortgage,2025Q1,238455.19,B2025Q1-04
UPB-MOR-2025Q1-0093,US Private Bank,Mortgage,2025Q1,416711.88,B2025Q1-04
UPB-MOR-2025Q1-0094,US Private Bank,Mortgage,2025Q1,124337.83,B2025Q1-04
UPB-MOR-2025Q1-0095,US Private Bank,Mortgage,2025Q1,185074.49,B2025Q1-04
UPB-MOR-2025Q1-0096,US Private Bank,Mortgage,2025Q1,90741.49,B2025Q1-04
UPB-MOR-2025Q1-0097,US Private Bank,Mortgage,2025Q1,100768.71,B2025Q1-04
UPB-MOR-2025Q1-0098,US Private Bank,Mortgage,2025Q1,321637.19,B2025Q1-04
UPB-MOR-2025Q1-0099,US Private Bank,Mortgage,2025Q1,209785.3,B2025Q1-04
UPB-MOR-2025Q1-0100,US Private Bank,Mortgage,2025Q1,157303.06,B2025Q1-05
UPB-MOR-2025Q1-0101,US Private Bank,Mortgage,2025Q1,320697.08,B2025Q1-05
UPB-MOR-2025Q1-0102,US Private Bank,Mortgage,2025Q1,111854.2,B2025Q1-05
UPB-MOR-2025Q1-0103,US Private Bank,Mortgage,2025Q1,259724.12,B2025Q1-05
UPB-MOR-2025Q1-0104,US Private Bank,Mortgage,2025Q1,144692.41,B2025Q1-05
UPB-MOR-2025Q1-0105,US Private Bank,Mortgage,2025Q1,153572.15,B2025Q1-05
UPB-MOR-2025Q1-0106,US Private Bank,Mortgage,2025Q1,88435.82,B2025Q1-05
UPB-MOR-2025Q1-0107,US Private Bank,Mortgage,2025Q1,198366.27,B2025Q1-05
UPB-MOR-2025Q1-0108,US Private Bank,Mortgage,2025Q1,175063.49,B2025Q1-05
UPB-MOR-2025Q1-0109,US Private Bank,Mortgage,2025Q1,142564.2,B2025Q1-05
UPB-MOR-2025Q1-0110,US Private Bank,Mortgage,2025Q1,257947.82,B2025Q1-05
UPB-MOR-2025Q1-0111,US Private Bank,Mortgage,2025Q1,159461.64,B2025Q1-05
UPB-MOR-2025Q1-0112,US Private Bank,Mortgage,2025Q1,95007.9,B2025Q1-05
UPB-MOR-2025Q1-0113,US Private Bank,Mortgage,2025Q1,172495.21,B2025Q1-05
UPB-MOR-2025Q1-0114,US Private Bank,Mortgage,2025Q1,333131.8,B2025Q1-05
UPB-MOR-2025Q1-0115,US Private Bank,Mortgage,2025Q1,194750.44,B2025Q1-05
UPB-MOR-2025Q1-0116,US Private Bank,Mortgage,2025Q1,102929.88,B2025Q1-05
UPB-MOR-2025Q1-0117,US Private Bank,Mortgage,2025Q1,602910.69,B2025Q1-05
UPB-MOR-2025Q1-0118,US Private Bank,Mortgage,2025Q1,188624.12,B2025Q1-05
UPB-MOR-2025Q1-0119,US Private Bank,Mortgage,2025Q1,162155.63,B2025Q1-05
UPB-MOR-2025Q1-0120,US Private Bank,Mortgage,2025Q1,379931.67,B2025Q1-05
UPB-MOR-2025Q1-0121,US Private Bank,Mortgage,2025Q1,291162.36,B2025Q1-05
UPB-MOR-2025Q1-0122,US Private Bank,Mortgage,2025Q1,281278.07,B2025Q1-05
UPB-MOR-2025Q1-0123,US Private Bank,Mortgage,2025Q1,176327.68,B2025Q1-05
UPB-MOR-2025Q1-0124,US Private Bank,Mortgage,2025Q1,191682.48,B2025Q1-05
UPB-MOR-2025Q1-0125,US Private Bank,Mortgage,2025Q1,204648.29,B2025Q1-06
UPB-MOR-2025Q1-0126,US Private Bank,Mortgage,2025Q1,113922.0,B2025Q1-06
UPB-MOR-2025Q1-0127,US Private Bank,Mortgage,2025Q1,457908.3,B2025Q1-06
UPB-MOR-2025Q1-0128,US Private Bank,Mortgage,2025Q1,134509.75,B2025Q1-06
UPB-MOR-2025Q1-0129,US Private Bank,Mortgage,2025Q1,337980.09,B2025Q1-06
UPB-MOR-2025Q1-0130,US Private Bank,Mortgage,2025Q1,86210.91,B2025Q1-06
UPB-MOR-2025Q1-0131,US Private Bank,Mortgage,2025Q1,261491.82,B2025Q1-06
UPB-MOR-2025Q1-0132,US Private Bank,Mortgage,2025Q1,317883.84,B2025Q1-06
UPB-MOR-2025Q1-0133,US Private Bank,Mortgage,2025Q1,319234.11,B2025Q1-06
UPB-MOR-2025Q2-0000,US Private Bank,Mortgage,2025Q2,145142.61,B2025Q2-01
UPB-MOR-2025Q2-0001,US Private Bank,Mortgage,2025Q2,122068.71,B2025Q2-01
UPB-MOR-2025Q2-0002,US Private Bank,Mortgage,2025Q2,169202.88,B2025Q2-01
UPB-MOR-2025Q2-0003,US Private Bank,Mortgage,2025Q2,198801.39,B2025Q2-01
UPB-MOR-2025Q2-0004,US Private Bank,Mortgage,2025Q2,203042.55,B2025Q2-01
UPB-MOR-2025Q2-0005,US Private Bank,Mortgage,2025Q2,136711.43,B2025Q2-01
UPB-MOR-2025Q2-0006,US Private Bank,Mortgage,2025Q2,241585.64,B2025Q2-01
UPB-MOR-2025Q2-0007,US Private Bank,Mortgage,2025Q2,322314.44,B2025Q2-01
UPB-MOR-2025Q2-0008,US Private Bank,Mortgage,2025Q2,229958.3,B2025Q2-01
UPB-MOR-2025Q2-0009,US Private Bank,Mortgage,2025Q2,242407.06,B2025Q2-01
UPB-MOR-2025Q2-0010,US Private Bank,Mortgage,2025Q2,180897.04,B2025Q2-01
UPB-MOR-2025Q2-0011,US Private Bank,Mortgage,2025Q2,129711.91,B2025Q2-01
UPB-MOR-2025Q2-0012,US Private Bank,Mortgage,2025Q2,165206.66,B2025Q2-01
UPB-MOR-2025Q2-0013,US Private Bank,Mortgage,2025Q2,516693.49,B2025Q2-01
UPB-MOR-2025Q2-0014,US Private Bank,Mortgage,2025Q2,143771.32,B2025Q2-01
UPB-MOR-2025Q2-0015,US Private Bank,Mortgage,2025Q2,203173.54,B2025Q2-01
UPB-MOR-2025Q2-0016,US Private Bank,Mortgage,2025Q2,570234.93,B2025Q2-01
UPB-MOR-2025Q2-0017,US Private Bank,Mortgage,2025Q2,271589.52,B2025Q2-01
UPB-MOR-2025Q2-0018,US Private Bank,Mortgage,2025Q2,225309.69,B2025Q2-01
UPB-MOR-2025Q2-0019,US Private Bank,Mortgage,2025Q2,399373.03,B2025Q2-01
UPB-MOR-2025Q2-0020,US Private Bank,Mortgage,2025Q2,81372.72,B2025Q2-01
UPB-MOR-2025Q2-0021,US Private Bank,Mortgage,2025Q2,259860.6,B2025Q2-01
UPB-MOR-2025Q2-0022,US Private Bank,Mortgage,2025Q2,277307.33,B2025Q2-01
UPB-MOR-2025Q2-0023,US Private Bank,Mortgage,2025Q2,165688.27,B2025Q2-01
UPB-MOR-2025Q2-0024,US Private Bank,Mortgage,2025Q2,231973.88,B2025Q2-01
UPB-MOR-2025Q2-0025,US Private Bank,Mortgage,2025Q2,76809.58,B2025Q2-02
UPB-MOR-2025Q2-0026,US Private Bank,Mortgage,2025Q2,214151.39,B2025Q2-02
UPB-MOR-2025Q2-0027,US Private Bank,Mortgage,2025Q2,365812.16,B2025Q2-02
UPB-MOR-2025Q2-0028,US Private Bank,Mortgage,2025Q2,334874.49,B2025Q2-02
UPB-MOR-2025Q2-0029,US Private Bank,Mortgage,2025Q2,420716.95,B2025Q2-02
UPB-MOR-2025Q2-0030,US Private Bank,Mortgage,2025Q2,259727.76,B2025Q2-02
UPB-MOR-2025Q2-0031,US Private Bank,Mortgage,2025Q2,227632.93,B2025Q2-02
UPB-MOR-2025Q2-0032,US Private Bank,Mortgage,2025Q2,161134.44,B2025Q2-02
UPB-MOR-2025Q2-0033,US Private Bank,Mortgage,2025Q2,432295.72,B2025Q2-02
UPB-MOR-2025Q2-0034,US Private Bank,Mortgage,2025Q2,213675.02,B2025Q2-02
UPB-MOR-2025Q2-0035,US Private Bank,Mortgage,2025Q2,156044.66,B2025Q2-02
UPB-MOR-2025Q2-0036,US Private Bank,Mortgage,2025Q2,532780.25,B2025Q2-02
UPB-MOR-2025Q2-0037,US Private Bank,Mortgage,2025Q2,132103.43,B2025Q2-02
UPB-MOR-2025Q2-0038,US Private Bank,Mortgage,2025Q2,178912.38,B2025Q2-02
UPB-MOR-2025Q2-0039,US Private Bank,Mortgage,2025Q2,203685.88,B2025Q2-02
UPB-MOR-2025Q2-0040,US Private Bank,Mortgage,2025Q2,145790.25,B2025Q2-02
UPB-MOR-2025Q2-0041,US Private Bank,Mortgage,2025Q2,125472.16,B2025Q2-02
UPB-MOR-2025Q2-0042,US Private Bank,Mortgage,2025Q2,268144.18,B2025Q2-02
UPB-MOR-2025Q2-0043,US Private Bank,Mortgage,2025Q2,128148.97,B2025Q2-02
UPB-MOR-2025Q2-0044,US Private Bank,Mortgage,2025Q2,318133.84,B2025Q2-02
UPB-MOR-2025Q2-0045,US Private Bank,Mortgage,2025Q2,213190.53,B2025Q2-02
UPB-MOR-2025Q2-0046,US Private Bank,Mortgage,2025Q2,191190.73,B2025Q2-02
UPB-MOR-2025Q2-0047,US Private Bank,Mortgage,2025Q2,204024.05,B2025Q2-02
UPB-MOR-2025Q2-0048,US Private Bank,Mortgage,2025Q2,102084.63,B2025Q2-02
UPB-MOR-2025Q2-0049,US Private Bank,Mortgage,2025Q2,329524.91,B2025Q2-02
UPB-MOR-2025Q2-0050,US Private Bank,Mortgage,2025Q2,452524.59,B2025Q2-03
UPB-MOR-2025Q2-0051,US Private Bank,Mortgage,2025Q2,288766.57,B2025Q2-03
UPB-MOR-2025Q2-0052,US Private Bank,Mortgage,2025Q2,350256.57,B2025Q2-03
UPB-MOR-2025Q2-0053,US Private Bank,Mortgage,2025Q2,241158.39,B2025Q2-03
UPB-MOR-2025Q2-0054,US Private Bank,Mortgage,2025Q2,294399.49,B2025Q2-03
UPB-MOR-2025Q2-0055,US Private Bank,Mortgage,2025Q2,165091.17,B2025Q2-03
UPB-MOR-2025Q2-0056,US Private Bank,Mortgage,2025Q2,103519.89,B2025Q2-03
UPB-MOR-2025Q2-0057,US Private Bank,Mortgage,2025Q2,345722.39,B2025Q2-03
UPB-MOR-2025Q2-0058,US Private Bank,Mortgage,2025Q2,201501.84,B2025Q2-03
UPB-MOR-2025Q2-0059,US Private Bank,Mortgage,2025Q2,163533.28,B2025Q2-03
UPB-MOR-2025Q2-0060,US Private Bank,Mortgage,2025Q2,343785.84,B2025Q2-03
UPB-MOR-2025Q2-0061,US Private Bank,Mortgage,2025Q2,393052.83,B2025Q2-03
UPB-MOR-2025Q2-0062,US Private Bank,Mortgage,2025Q2,210403.4,B2025Q2-03
UPB-MOR-2025Q2-0063,US Private Bank,Mortgage,2025Q2,244745.96,B2025Q2-03
UPB-MOR-2025Q2-0064,US Private Bank,Mortgage,2025Q2,160665.03,B2025Q2-03
UPB-MOR-2025Q2-0065,US Private Bank,Mortgage,2025Q2,161755.25,B2025Q2-03
UPB-MOR-2025Q2-0066,US Private Bank,Mortgage,2025Q2,520510.11,B2025Q2-03
UPB-MOR-2025Q2-0067,US Private Bank,Mortgage,2025Q2,189942.1,B2025Q2-03
UPB-MOR-2025Q2-0068,US Private Bank,Mortgage,2025Q2,605689.63,B2025Q2-03
UPB-MOR-2025Q2-0069,US Private Bank,Mortgage,2025Q2,414590.93,B2025Q2-03
UPB-MOR-2025Q2-0070,US Private Bank,Mortgage,2025Q2,288830.25,B2025Q2-03
UPB-MOR-2025Q2-0071,US Private Bank,Mortgage,2025Q2,171761.9,B2025Q2-03
UPB-MOR-2025Q2-0072,US Private Bank,Mortgage,2025Q2,118091.82,B2025Q2-03
UPB-MOR-2025Q2-0073,US Private Bank,Mortgage,2025Q2,122007.85,B2025Q2-03
UPB-MOR-2025Q2-0074,US Private Bank,Mortgage,2025Q2,432274.3,B2025Q2-03
UPB-MOR-2025Q2-0075,US Private Bank,Mortgage,2025Q2,186399.46,B2025Q2-04
UPB-MOR-2025Q2-0076,US Private Bank,Mortgage,2025Q2,234073.23,B2025Q2-04
UPB-MOR-2025Q2-0077,US Private Bank,Mortgage,2025Q2,118386.89,B2025Q2-04
UPB-MOR-2025Q2-0078,US Private Bank,Mortgage,2025Q2,63426.72,B2025Q2-04
UPB-MOR-2025Q2-0079,US Private Bank,Mortgage,2025Q2,128124.92,B2025Q2-04
UPB-MOR-2025Q2-0080,US Private Bank,Mortgage,2025Q2,386658.41,B2025Q2-04
UPB-MOR-2025Q2-0081,US Private Bank,Mortgage,2025Q2,134829.33,B2025Q2-04
UPB-MOR-2025Q2-0082,US Private Bank,Mortgage,2025Q2,139880.33,B2025Q2-04
UPB-MOR-2025Q2-0083,US Private Bank,Mortgage,2025Q2,109809.31,B2025Q2-04
UPB-MOR-2025Q2-0084,US Private Bank,Mortgage,2025Q2,267930.0,B2025Q2-04
UPB-MOR-2025Q2-0085,US Private Bank,Mortgage,2025Q2,460895.71,B2025Q2-04
UPB-MOR-2025Q2-0086,US Private Bank,Mortgage,2025Q2,83502.98,B2025Q2-04
UPB-MOR-2025Q2-0087,US Private Bank,Mortgage,2025Q2,107003.68,B2025Q2-04
UPB-MOR-2025Q2-0088,US Private Bank,Mortgage,2025Q2,316136.92,B2025Q2-04
UPB-MOR-2025Q2-0089,US Private Bank,Mortgage,2025Q2,669508.92,B2025Q2-04
UPB-MOR-2025Q2-0090,US Private Bank,Mortgage,2025Q2,299551.27,B2025Q2-04
UPB-MOR-2025Q2-0091,US Private Bank,Mortgage,2025Q2,242676.24,B2025Q2-04
UPB-MOR-2025Q2-0092,US Private Bank,Mortgage,2025Q2,377341.7,B2025Q2-04
UPB-MOR-2025Q2-0093,US Private Bank,Mortgage,2025Q2,330514.7,B2025Q2-04
UPB-MOR-2025Q2-0094,US Private Bank,Mortgage,2025Q2,237410.89,B2025Q2-04
UPB-MOR-2025Q2-0095,US Private Bank,Mortgage,2025Q2,137559.91,B2025Q2-04
UPB-MOR-2025Q2-0096,US Private Bank,Mortgage,2025Q2,318165.81,B2025Q2-04
UPB-MOR-2025Q2-0097,US Private Bank,Mortgage,2025Q2,339539.21,B2025Q2-04
UPB-MOR-2025Q2-0098,US Private Bank,Mortgage,2025Q2,161790.64,B2025Q2-04
UPB-MOR-2025Q2-0099,US Private Bank,Mortgage,2025Q2,300369.11,B2025Q2-04
UPB-MOR-2025Q2-0100,US Private Bank,Mortgage,2025Q2,415089.5,B2025Q2-05
UPB-MOR-2025Q2-0101,US Private Bank,Mortgage,2025Q2,177040.73,B2025Q2-05
UPB-MOR-2025Q2-0102,US Private Bank,Mortgage,2025Q2,230836.27,B2025Q2-05
UPB-MOR-2025Q2-0103,US Private Bank,Mortgage,2025Q2,167722.91,B2025Q2-05
UPB-MOR-2025Q2-0104,US Private Bank,Mortgage,2025Q2,280993.36,B2025Q2-05
UPB-MOR-2025Q2-0105,US Private Bank,Mortgage,2025Q2,180139.56,B2025Q2-05
UPB-MOR-2025Q2-0106,US Private Bank,Mortgage,2025Q2,149490.27,B2025Q2-05
UPB-MOR-2025Q2-0107,US Private Bank,Mortgage,2025Q2,295026.29,B2025Q2-05
UPB-MOR-2025Q2-0108,US Private Bank,Mortgage,2025Q2,291558.7,B2025Q2-05
UPB-MOR-2025Q2-0109,US Private Bank,Mortgage,2025Q2,641271.94,B2025Q2-05
UPB-MOR-2025Q2-0110,US Private Bank,Mortgage,2025Q2,146921.84,B2025Q2-05
UPB-MOR-2025Q2-0111,US Private Bank,Mortgage,2025Q2,871580.88,B2025Q2-05
UPB-MOR-2025Q2-0112,US Private Bank,Mortgage,2025Q2,367754.68,B2025Q2-05
UPB-MOR-2025Q2-0113,US Private Bank,Mortgage,2025Q2,272288.87,B2025Q2-05
UPB-MOR-2025Q2-0114,US Private Bank,Mortgage,2025Q2,311642.92,B2025Q2-05
UPB-MOR-2025Q2-0115,US Private Bank,Mortgage,2025Q2,257383.97,B2025Q2-05
UPB-MOR-2025Q2-0116,US Private Bank,Mortgage,2025Q2,308955.91,B2025Q2-05
UPB-MOR-2025Q2-0117,US Private Bank,Mortgage,2025Q2,218272.96,B2025Q2-05
UPB-MOR-2025Q2-0118,US Private Bank,Mortgage,2025Q2,150733.27,B2025Q2-05
UPB-MOR-2025Q2-0119,US Private Bank,Mortgage,2025Q2,169624.89,B2025Q2-05
UPB-MOR-2025Q2-0120,US Private Bank,Mortgage,2025Q2,39437.27,B2025Q2-05
UPB-MOR-2025Q2-0121,US Private Bank,Mortgage,2025Q2,136696.84,B2025Q2-05
UPB-MOR-2025Q2-0122,US Private Bank,Mortgage,2025Q2,648843.56,B2025Q2-05
UPB-MOR-2025Q2-0123,US Private Bank,Mortgage,2025Q2,117627.56,B2025Q2-05
UPB-MOR-2025Q2-0124,US Private Bank,Mortgage,2025Q2,91952.1,B2025Q2-05
UPB-MOR-2025Q2-0125,US Private Bank,Mortgage,2025Q2,90765.85,B2025Q2-06
UPB-MOR-2025Q2-0126,US Private Bank,Mortgage,2025Q2,207639.32,B2025Q2-06
UPB-MOR-2025Q2-0127,US Private Bank,Mortgage,2025Q2,429300.66,B2025Q2-06
UPB-MOR-2025Q2-0128,US Private Bank,Mortgage,2025Q2,170252.24,B2025Q2-06
UPB-MOR-2025Q2-0129,US Private Bank,Mortgage,2025Q2,408768.94,B2025Q2-06
UPB-MOR-2025Q2-0130,US Private Bank,Mortgage,2025Q2,244180.12,B2025Q2-06
UPB-MOR-2025Q2-0131,US Private Bank,Mortgage,2025Q2,363791.83,B2025Q2-06
UPB-MOR-2025Q2-0132,US Private Bank,Mortgage,2025Q2,362170.12,B2025Q2-06
UPB-MOR-2025Q2-0133,US Private Bank,Mortgage,2025Q2,220510.97,B2025Q2-06
UPB-AUT-2025Q1-0000,US Private Bank,Auto Loan,2025Q1,17868.6,B2025Q1-01
UPB-AUT-2025Q1-0001,US Private Bank,Auto Loan,2025Q1,9404.39,B2025Q1-01
UPB-AUT-2025Q1-0002,US Private Bank,Auto Loan,2025Q1,8286.46,B2025Q1-01
UPB-AUT-2025Q1-0003,US Private Bank,Auto Loan,2025Q1,5332.15,B2025Q1-01
UPB-AUT-2025Q1-0004,US Private Bank,Auto Loan,2025Q1,18938.68,B2025Q1-01
UPB-AUT-2025Q1-0005,US Private Bank,Auto Loan,2025Q1,30668.68,B2025Q1-01
UPB-AUT-2025Q1-0006,US Private Bank,Auto Loan,2025Q1,14869.61,B2025Q1-01
UPB-AUT-2025Q1-0007,US Private Bank,Auto Loan,2025Q1,13280.1,B2025Q1-01
UPB-AUT-2025Q1-0008,US Private Bank,Auto Loan,2025Q1,10726.57,B2025Q1-01
UPB-AUT-2025Q1-0009,US Private Bank,Auto Loan,2025Q1,29383.97,B2025Q1-01
UPB-AUT-2025Q1-0010,US Private Bank,Auto Loan,2025Q1,15978.35,B2025Q1-01
UPB-AUT-2025Q1-0011,US Private Bank,Auto Loan,2025Q1,12221.16,B2025Q1-01
UPB-AUT-2025Q1-0012,US Private Bank,Auto Loan,2025Q1,15003.64,B2025Q1-01
UPB-AUT-2025Q1-0013,US Private Bank,Auto Loan,2025Q1,9438.07,B2025Q1-01
UPB-AUT-2025Q1-0014,US Private Bank,Auto Loan,2025Q1,23285.6,B2025Q1-01
UPB-AUT-2025Q1-0015,US Private Bank,Auto Loan,2025Q1,26427.79,B2025Q1-01
UPB-AUT-2025Q1-0016,US Private Bank,Auto Loan,2025Q1,12534.82,B2025Q1-01
UPB-AUT-2025Q1-0017,US Private Bank,Auto Loan,2025Q1,7002.4,B2025Q1-01
UPB-AUT-2025Q1-0018,US Private Bank,Auto Loan,2025Q1,19016.04,B2025Q1-01
UPB-AUT-2025Q1-0019,US Private Bank,Auto Loan,2025Q1,28324.71,B2025Q1-01
UPB-AUT-2025Q1-0020,US Private Bank,Auto Loan,2025Q1,40781.83,B2025Q1-01
UPB-AUT-2025Q1-0021,US Private Bank,Auto Loan,2025Q1,25631.28,B2025Q1-01
UPB-AUT-2025Q1-0022,US Private Bank,Auto Loan,2025Q1,12916.07,B2025Q1-01
UPB-AUT-2025Q1-0023,US Private Bank,Auto Loan,2025Q1,41369.02,B2025Q1-01
UPB-AUT-2025Q1-0024,US Private Bank,Auto Loan,2025Q1,13478.1,B2025Q1-01
UPB-AUT-2025Q1-0025,US Private Bank,Auto Loan,2025Q1,43216.43,B2025Q1-02
UPB-AUT-2025Q1-0026,US Private Bank,Auto Loan,2025Q1,13034.54,B2025Q1-02
UPB-AUT-2025Q1-0027,US Private Bank,Auto Loan,2025Q1,26879.88,B2025Q1-02
UPB-AUT-2025Q1-0028,US Private Bank,Auto Loan,2025Q1,10442.46,B2025Q1-02
UPB-AUT-2025Q1-0029,US Private Bank,Auto Loan,2025Q1,14059.34,B2025Q1-02
UPB-AUT-2025Q1-0030,US Private Bank,Auto Loan,2025Q1,10089.91,B2025Q1-02
UPB-AUT-2025Q1-0031,US Private Bank,Auto Loan,2025Q1,12576.52,B2025Q1-02
UPB-AUT-2025Q1-0032,US Private Bank,Auto Loan,2025Q1,16344.55,B2025Q1-02
UPB-AUT-2025Q1-0033,US Private Bank,Auto Loan,2025Q1,13841.89,B2025Q1-02
UPB-AUT-2025Q1-0034,US Private Bank,Auto Loan,2025Q1,16888.12,B2025Q1-02
UPB-AUT-2025Q1-0035,US Private Bank,Auto Loan,2025Q1,35267.91,B2025Q1-02
UPB-AUT-2025Q1-0036,US Private Bank,Auto Loan,2025Q1,3018.75,B2025Q1-02
UPB-AUT-2025Q1-0037,US Private Bank,Auto Loan,2025Q1,13796.56,B2025Q1-02
UPB-AUT-2025Q1-0038,US Private Bank,Auto Loan,2025Q1,16530.67,B2025Q1-02
UPB-AUT-2025Q1-0039,US Private Bank,Auto Loan,2025Q1,14084.1,B2025Q1-02
UPB-AUT-2025Q1-0040,US Private Bank,Auto Loan,2025Q1,38238.22,B2025Q1-02
UPB-AUT-2025Q1-0041,US Private Bank,Auto Loan,2025Q1,7544.02,B2025Q1-02
UPB-AUT-2025Q1-0042,US Private Bank,Auto Loan,2025Q1,18833.81,B2025Q1-02
UPB-AUT-2025Q1-0043,US Private Bank,Auto Loan,2025Q1,13704.1,B2025Q1-02
UPB-AUT-2025Q1-0044,US Private Bank,Auto Loan,2025Q1,21595.12,B2025Q1-02
UPB-AUT-2025Q1-0045,US Private Bank,Auto Loan,2025Q1,4665.26,B2025Q1-02
UPB-AUT-2025Q1-0046,US Private Bank,Auto Loan,2025Q1,11309.54,B2025Q1-02
UPB-AUT-2025Q1-0047,US Private Bank,Auto Loan,2025Q1,7354.87,B2025Q1-02
UPB-AUT-2025Q1-0048,US Private Bank,Auto Loan,2025Q1,8545.81,B2025Q1-02
UPB-AUT-2025Q1-0049,US Private Bank,Auto Loan,2025Q1,11994.2,B2025Q1-02
UPB-AUT-2025Q1-0050,US Private Bank,Auto Loan,2025Q1,28926.6,B2025Q1-03
UPB-AUT-2025Q1-0051,US Private Bank,Auto Loan,2025Q1,14057.48,B2025Q1-03
UPB-AUT-2025Q1-0052,US Private Bank,Auto Loan,2025Q1,17375.85,B2025Q1-03
UPB-AUT-2025Q1-0053,US Private Bank,Auto Loan,2025Q1,14098.81,B2025Q1-03
UPB-AUT-2025Q1-0054,US Private Bank,Auto Loan,2025Q1,24820.92,B2025Q1-03
UPB-AUT-2025Q1-0055,US Private Bank,Auto Loan,2025Q1,15176.52,B2025Q1-03
UPB-AUT-2025Q1-0056,US Private Bank,Auto Loan,2025Q1,29414.01,B2025Q1-03
UPB-AUT-2025Q1-0057,US Private Bank,Auto Loan,2025Q1,24898.37,B2025Q1-03
UPB-AUT-2025Q1-0058,US Private Bank,Auto Loan,2025Q1,28624.23,B2025Q1-03
UPB-AUT-2025Q1-0059,US Private Bank,Auto Loan,2025Q1,21872.03,B2025Q1-03
UPB-AUT-2025Q1-0060,US Private Bank,Auto Loan,2025Q1,22275.35,B2025Q1-03
UPB-AUT-2025Q1-0061,US Private Bank,Auto Loan,2025Q1,23937.29,B2025Q1-03
UPB-AUT-2025Q1-0062,US Private Bank,Auto Loan,2025Q1,13354.39,B2025Q1-03
UPB-AUT-2025Q1-0063,US Private Bank,Auto Loan,2025Q1,27452.76,B2025Q1-03
UPB-AUT-2025Q1-0064,US Private Bank,Auto Loan,2025Q1,24494.52,B2025Q1-03
UPB-AUT-2025Q1-0065,US Private Bank,Auto Loan,2025Q1,22198.61,B2025Q1-03
UPB-AUT-2025Q1-0066,US Private Bank,Auto Loan,2025Q1,12583.73,B2025Q1-03
UPB-AUT-2025Q1-0067,US Private Bank,Auto Loan,2025Q1,14770.05,B2025Q1-03
UPB-AUT-2025Q1-0068,US Private Bank,Auto Loan,2025Q1,22033.12,B2025Q1-03
UPB-AUT-2025Q1-0069,US Private Bank,Auto Loan,2025Q1,19569.51,B2025Q1-03
UPB-AUT-2025Q1-0070,US Private Bank,Auto Loan,2025Q1,35952.93,B2025Q1-03
UPB-AUT-2025Q1-0071,US Private Bank,Auto Loan,2025Q1,16373.61,B2025Q1-03
UPB-AUT-2025Q1-0072,US Private Bank,Auto Loan,2025Q1,19170.22,B2025Q1-03
UPB-AUT-2025Q1-0073,US Private Bank,Auto Loan,2025Q1,8305.27,B2025Q1-03
UPB-AUT-2025Q1-0074,US Private Bank,Auto Loan,2025Q1,24309.52,B2025Q1-03
UPB-AUT-2025Q1-0075,US Private Bank,Auto Loan,2025Q1,25718.15,B2025Q1-04
UPB-AUT-2025Q1-0076,US Private Bank,Auto Loan,2025Q1,7922.36,B2025Q1-04
UPB-AUT-2025Q1-0077,US Private Bank,Auto Loan,2025Q1,14308.0,B2025Q1-04
UPB-AUT-2025Q1-0078,US Private Bank,Auto Loan,2025Q1,11685.93,B2025Q1-04
UPB-AUT-2025Q1-0079,US Private Bank,Auto Loan,2025Q1,7347.33,B2025Q1-04
UPB-AUT-2025Q1-0080,US Private Bank,Auto Loan,2025Q1,13372.77,B2025Q1-04
UPB-AUT-2025Q1-0081,US Private Bank,Auto Loan,2025Q1,20407.98,B2025Q1-04
UPB-AUT-2025Q1-0082,US Private Bank,Auto Loan,2025Q1,17208.24,B2025Q1-04
UPB-AUT-2025Q1-0083,US Private Bank,Auto Loan,2025Q1,12414.57,B2025Q1-04
UPB-AUT-2025Q1-0084,US Private Bank,Auto Loan,2025Q1,8748.3,B2025Q1-04
UPB-AUT-2025Q2-0000,US Private Bank,Auto Loan,2025Q2,13312.76,B2025Q2-01
UPB-AUT-2025Q2-0001,US Private Bank,Auto Loan,2025Q2,16591.59,B2025Q2-01
UPB-AUT-2025Q2-0002,US Private Bank,Auto Loan,2025Q2,10083.77,B2025Q2-01
UPB-AUT-2025Q2-0003,US Private Bank,Auto Loan,2025Q2,13614.07,B2025Q2-01
UPB-AUT-2025Q2-0004,US Private Bank,Auto Loan,2025Q2,23033.66,B2025Q2-01
UPB-AUT-2025Q2-0005,US Private Bank,Auto Loan,2025Q2,14981.34,B2025Q2-01
UPB-AUT-2025Q2-0006,US Private Bank,Auto Loan,2025Q2,7722.3,B2025Q2-01
UPB-AUT-2025Q2-0007,US Private Bank,Auto Loan,2025Q2,26414.93,B2025Q2-01
UPB-AUT-2025Q2-0008,US Private Bank,Auto Loan,2025Q2,26067.1,B2025Q2-01
UPB-AUT-2025Q2-0009,US Private Bank,Auto Loan,2025Q2,16202.66,B2025Q2-01
UPB-AUT-2025Q2-0010,US Private Bank,Auto Loan,2025Q2,14163.75,B2025Q2-01
UPB-AUT-2025Q2-0011,US Private Bank,Auto Loan,2025Q2,4017.33,B2025Q2-01
UPB-AUT-2025Q2-0012,US Private Bank,Auto Loan,2025Q2,20594.91,B2025Q2-01
UPB-AUT-2025Q2-0013,US Private Bank,Auto Loan,2025Q2,51172.37,B2025Q2-01
UPB-AUT-2025Q2-0014,US Private Bank,Auto Loan,2025Q2,20036.75,B2025Q2-01
UPB-AUT-2025Q2-0015,US Private Bank,Auto Loan,2025Q2,27235.38,B2025Q2-01
UPB-AUT-2025Q2-0016,US Private Bank,Auto Loan,2025Q2,33967.78,B2025Q2-01
UPB-AUT-2025Q2-0017,US Private Bank,Auto Loan,2025Q2,12175.2,B2025Q2-01
UPB-AUT-2025Q2-0018,US Private Bank,Auto Loan,2025Q2,8125.45,B2025Q2-01
UPB-AUT-2025Q2-0019,US Private Bank,Auto Loan,2025Q2,21436.91,B2025Q2-01
UPB-AUT-2025Q2-0020,US Private Bank,Auto Loan,2025Q2,12605.06,B2025Q2-01
UPB-AUT-2025Q2-0021,US Private Bank,Auto Loan,2025Q2,9260.66,B2025Q2-01
UPB-AUT-2025Q2-0022,US Private Bank,Auto Loan,2025Q2,23876.35,B2025Q2-01
UPB-AUT-2025Q2-0023,US Private Bank,Auto Loan,2025Q2,8218.37,B2025Q2-01
UPB-AUT-2025Q2-0024,US Private Bank,Auto Loan,2025Q2,10185.84,B2025Q2-01
UPB-AUT-2025Q2-0025,US Private Bank,Auto Loan,2025Q2,19855.13,B2025Q2-02
UPB-AUT-2025Q2-0026,US Private Bank,Auto Loan,2025Q2,13558.15,B2025Q2-02
UPB-AUT-2025Q2-0027,US Private Bank,Auto Loan,2025Q2,16175.61,B2025Q2-02
UPB-AUT-2025Q2-0028,US Private Bank,Auto Loan,2025Q2,24703.48,B2025Q2-02
UPB-AUT-2025Q2-0029,US Private Bank,Auto Loan,2025Q2,36948.34,B2025Q2-02
UPB-AUT-2025Q2-0030,US Private Bank,Auto Loan,2025Q2,35917.56,B2025Q2-02
UPB-AUT-2025Q2-0031,US Private Bank,Auto Loan,2025Q2,25360.71,B2025Q2-02
UPB-AUT-2025Q2-0032,US Private Bank,Auto Loan,2025Q2,24273.74,B2025Q2-02
UPB-AUT-2025Q2-0033,US Private Bank,Auto Loan,2025Q2,8696.23,B2025Q2-02
UPB-AUT-2025Q2-0034,US Private Bank,Auto Loan,2025Q2,16858.03,B2025Q2-02
UPB-AUT-2025Q2-0035,US Private Bank,Auto Loan,2025Q2,22713.14,B2025Q2-02
UPB-AUT-2025Q2-0036,US Private Bank,Auto Loan,2025Q2,13525.66,B2025Q2-02
UPB-AUT-2025Q2-0037,US Private Bank,Auto Loan,2025Q2,74269.4,B2025Q2-02
UPB-AUT-2025Q2-0038,US Private Bank,Auto Loan,2025Q2,9228.02,B2025Q2-02
UPB-AUT-2025Q2-0039,US Private Bank,Auto Loan,2025Q2,20501.08,B2025Q2-02
UPB-AUT-2025Q2-0040,US Private Bank,Auto Loan,2025Q2,36499.98,B2025Q2-02
UPB-AUT-2025Q2-0041,US Private Bank,Auto Loan,2025Q2,13433.89,B2025Q2-02
UPB-AUT-2025Q2-0042,US Private Bank,Auto Loan,2025Q2,10046.23,B2025Q2-02
UPB-AUT-2025Q2-0043,US Private Bank,Auto Loan,2025Q2,3894.48,B2025Q2-02
UPB-AUT-2025Q2-0044,US Private Bank,Auto Loan,2025Q2,17350.6,B2025Q2-02
UPB-AUT-2025Q2-0045,US Private Bank,Auto Loan,2025Q2,6433.58,B2025Q2-02
UPB-AUT-2025Q2-0046,US Private Bank,Auto Loan,2025Q2,19816.29,B2025Q2-02
UPB-AUT-2025Q2-0047,US Private Bank,Auto Loan,2025Q2,29153.13,B2025Q2-02
UPB-AUT-2025Q2-0048,US Private Bank,Auto Loan,2025Q2,28712.26,B2025Q2-02
UPB-AUT-2025Q2-0049,US Private Bank,Auto Loan,2025Q2,8231.6,B2025Q2-02
UPB-AUT-2025Q2-0050,US Private Bank,Auto Loan,2025Q2,13747.02,B2025Q2-03
UPB-AUT-2025Q2-0051,US Private Bank,Auto Loan,2025Q2,18241.44,B2025Q2-03
UPB-AUT-2025Q2-0052,US Private Bank,Auto Loan,2025Q2,8532.51,B2025Q2-03
UPB-AUT-2025Q2-0053,US Private Bank,Auto Loan,2025Q2,5447.78,B2025Q2-03
UPB-AUT-2025Q2-0054,US Private Bank,Auto Loan,2025Q2,7738.35,B2025Q2-03
UPB-AUT-2025Q2-0055,US Private Bank,Auto Loan,2025Q2,16320.94,B2025Q2-03
UPB-AUT-2025Q2-0056,US Private Bank,Auto Loan,2025Q2,11950.09,B2025Q2-03
UPB-AUT-2025Q2-0057,US Private Bank,Auto Loan,2025Q2,23695.4,B2025Q2-03
UPB-AUT-2025Q2-0058,US Private Bank,Auto Loan,2025Q2,20920.74,B2025Q2-03
UPB-AUT-2025Q2-0059,US Private Bank,Auto Loan,2025Q2,9179.77,B2025Q2-03
UPB-AUT-2025Q2-0060,US Private Bank,Auto Loan,2025Q2,13354.05,B2025Q2-03
UPB-AUT-2025Q2-0061,US Private Bank,Auto Loan,2025Q2,51736.51,B2025Q2-03
UPB-AUT-2025Q2-0062,US Private Bank,Auto Loan,2025Q2,23772.47,B2025Q2-03
UPB-AUT-2025Q2-0063,US Private Bank,Auto Loan,2025Q2,29102.77,B2025Q2-03
UPB-AUT-2025Q2-0064,US Private Bank,Auto Loan,2025Q2,9904.83,B2025Q2-03
UPB-AUT-2025Q2-0065,US Private Bank,Auto Loan,2025Q2,11834.0,B2025Q2-03
UPB-AUT-2025Q2-0066,US Private Bank,Auto Loan,2025Q2,11878.71,B2025Q2-03
UPB-AUT-2025Q2-0067,US Private Bank,Auto Loan,2025Q2,5441.25,B2025Q2-03
UPB-AUT-2025Q2-0068,US Private Bank,Auto Loan,2025Q2,10805.52,B2025Q2-03
UPB-AUT-2025Q2-0069,US Private Bank,Auto Loan,2025Q2,13582.59,B2025Q2-03
UPB-AUT-2025Q2-0070,US Private Bank,Auto Loan,2025Q2,15393.88,B2025Q2-03
UPB-AUT-2025Q2-0071,US Private Bank,Auto Loan,2025Q2,10663.06,B2025Q2-03
UPB-AUT-2025Q2-0072,US Private Bank,Auto Loan,2025Q2,23055.2,B2025Q2-03
UPB-AUT-2025Q2-0073,US Private Bank,Auto Loan,2025Q2,9463.15,B2025Q2-03
UPB-AUT-2025Q2-0074,US Private Bank,Auto Loan,2025Q2,8763.02,B2025Q2-03
UPB-AUT-2025Q2-0075,US Private Bank,Auto Loan,2025Q2,39173.34,B2025Q2-04
UPB-AUT-2025Q2-0076,US Private Bank,Auto Loan,2025Q2,4690.3,B2025Q2-04
UPB-AUT-2025Q2-0077,US Private Bank,Auto Loan,2025Q2,18382.61,B2025Q2-04
UPB-AUT-2025Q2-0078,US Private Bank,Auto Loan,2025Q2,14909.67,B2025Q2-04
UPB-AUT-2025Q2-0079,US Private Bank,Auto Loan,2025Q2,17867.16,B2025Q2-04
UPB-AUT-2025Q2-0080,US Private Bank,Auto Loan,2025Q2,16029.19,B2025Q2-04
UPB-AUT-2025Q2-0081,US Private Bank,Auto Loan,2025Q2,48940.79,B2025Q2-04
UPB-AUT-2025Q2-0082,US Private Bank,Auto Loan,2025Q2,35844.27,B2025Q2-04
UPB-AUT-2025Q2-0083,US Private Bank,Auto Loan,2025Q2,14412.05,B2025Q2-04
UPB-AUT-2025Q2-0084,US Private Bank,Auto Loan,2025Q2,11830.96,B2025Q2-04
UPB-CRE-2025Q1-0000,US Private Bank,Credit Card,2025Q1,1201.66,B2025Q1-01
UPB-CRE-2025Q1-0001,US Private Bank,Credit Card,2025Q1,2423.08,B2025Q1-01
UPB-CRE-2025Q1-0002,US Private Bank,Credit Card,2025Q1,1212.67,B2025Q1-01
UPB-CRE-2025Q1-0003,US Private Bank,Credit Card,2025Q1,4007.25,B2025Q1-01
UPB-CRE-2025Q1-0004,US Private Bank,Credit Card,2025Q1,905.12,B2025Q1-01
UPB-CRE-2025Q1-0005,US Private Bank,Credit Card,2025Q1,1728.39,B2025Q1-01
UPB-CRE-2025Q1-0006,US Private Bank,Credit Card,2025Q1,3362.74,B2025Q1-01
UPB-CRE-2025Q1-0007,US Private Bank,Credit Card,2025Q1,1885.95,B2025Q1-01
UPB-CRE-2025Q1-0008,US Private Bank,Credit Card,2025Q1,4256.8,B2025Q1-01
UPB-CRE-2025Q1-0009,US Private Bank,Credit Card,2025Q1,4419.33,B2025Q1-01
UPB-CRE-2025Q1-0010,US Private Bank,Credit Card,2025Q1,3093.18,B2025Q1-01
UPB-CRE-2025Q1-0011,US Private Bank,Credit Card,2025Q1,6425.3,B2025Q1-01
UPB-CRE-2025Q1-0012,US Private Bank,Credit Card,2025Q1,750.79,B2025Q1-01
UPB-CRE-2025Q1-0013,US Private Bank,Credit Card,2025Q1,3797.76,B2025Q1-01
UPB-CRE-2025Q1-0014,US Private Bank,Credit Card,2025Q1,1439.92,B2025Q1-01
UPB-CRE-2025Q1-0015,US Private Bank,Credit Card,2025Q1,1633.13,B2025Q1-01
UPB-CRE-2025Q1-0016,US Private Bank,Credit Card,2025Q1,2421.91,B2025Q1-01
UPB-CRE-2025Q1-0017,US Private Bank,Credit Card,2025Q1,3188.17,B2025Q1-01
UPB-CRE-2025Q1-0018,US Private Bank,Credit Card,2025Q1,4300.88,B2025Q1-01
UPB-CRE-2025Q1-0019,US Private Bank,Credit Card,2025Q1,952.74,B2025Q1-01
UPB-CRE-2025Q1-0020,US Private Bank,Credit Card,2025Q1,2748.99,B2025Q1-01
UPB-CRE-2025Q1-0021,US Private Bank,Credit Card,2025Q1,5480.38,B2025Q1-01
UPB-CRE-2025Q1-0022,US Private Bank,Credit Card,2025Q1,3947.21,B2025Q1-01
UPB-CRE-2025Q1-0023,US Private Bank,Credit Card,2025Q1,1767.69,B2025Q1-01
UPB-CRE-2025Q1-0024,US Private Bank,Credit Card,2025Q1,2165.53,B2025Q1-01
UPB-CRE-2025Q1-0025,US Private Bank,Credit Card,2025Q1,2154.43,B2025Q1-02
UPB-CRE-2025Q1-0026,US Private Bank,Credit Card,2025Q1,2875.19,B2025Q1-02
UPB-CRE-2025Q1-0027,US Private Bank,Credit Card,2025Q1,1537.03,B2025Q1-02
UPB-CRE-2025Q1-0028,US Private Bank,Credit Card,2025Q1,2472.9,B2025Q1-02
UPB-CRE-2025Q1-0029,US Private Bank,Credit Card,2025Q1,1796.46,B2025Q1-02
UPB-CRE-2025Q1-0030,US Private Bank,Credit Card,2025Q1,9191.13,B2025Q1-02
UPB-CRE-2025Q1-0031,US Private Bank,Credit Card,2025Q1,1981.52,B2025Q1-02
UPB-CRE-2025Q1-0032,US Private Bank,Credit Card,2025Q1,2012.75,B2025Q1-02
UPB-CRE-2025Q1-0033,US Private Bank,Credit Card,2025Q1,3822.02,B2025Q1-02
UPB-CRE-2025Q1-0034,US Private Bank,Credit Card,2025Q1,694.3,B2025Q1-02
UPB-CRE-2025Q1-0035,US Private Bank,Credit Card,2025Q1,3776.39,B2025Q1-02
UPB-CRE-2025Q1-0036,US Private Bank,Credit Card,2025Q1,3324.2,B2025Q1-02
UPB-CRE-2025Q1-0037,US Private Bank,Credit Card,2025Q1,4501.87,B2025Q1-02
UPB-CRE-2025Q1-0038,US Private Bank,Credit Card,2025Q1,1296.9,B2025Q1-02
UPB-CRE-2025Q1-0039,US Private Bank,Credit Card,2025Q1,2082.01,B2025Q1-02
UPB-CRE-2025Q1-0040,US Private Bank,Credit Card,2025Q1,2264.16,B2025Q1-02
UPB-CRE-2025Q1-0041,US Private Bank,Credit Card,2025Q1,3897.58,B2025Q1-02
UPB-CRE-2025Q1-0042,US Private Bank,Credit Card,2025Q1,10597.53,B2025Q1-02
UPB-CRE-2025Q1-0043,US Private Bank,Credit Card,2025Q1,3149.69,B2025Q1-02
UPB-CRE-2025Q1-0044,US Private Bank,Credit Card,2025Q1,8265.5,B2025Q1-02
UPB-CRE-2025Q1-0045,US Private Bank,Credit Card,2025Q1,3383.06,B2025Q1-02
UPB-CRE-2025Q1-0046,US Private Bank,Credit Card,2025Q1,1199.64,B2025Q1-02
UPB-CRE-2025Q1-0047,US Private Bank,Credit Card,2025Q1,3262.43,B2025Q1-02
UPB-CRE-2025Q1-0048,US Private Bank,Credit Card,2025Q1,4612.28,B2025Q1-02
UPB-CRE-2025Q1-0049,US Private Bank,Credit Card,2025Q1,1675.8,B2025Q1-02
UPB-CRE-2025Q1-0050,US Private Bank,Credit Card,2025Q1,8111.98,B2025Q1-03
UPB-CRE-2025Q1-0051,US Private Bank,Credit Card,2025Q1,1741.76,B2025Q1-03
UPB-CRE-2025Q1-0052,US Private Bank,Credit Card,2025Q1,1671.34,B2025Q1-03
UPB-CRE-2025Q1-0053,US Private Bank,Credit Card,2025Q1,2618.83,B2025Q1-03
UPB-CRE-2025Q1-0054,US Private Bank,Credit Card,2025Q1,2355.24,B2025Q1-03
UPB-CRE-2025Q1-0055,US Private Bank,Credit Card,2025Q1,3061.23,B2025Q1-03
UPB-CRE-2025Q1-0056,US Private Bank,Credit Card,2025Q1,1573.43,B2025Q1-03
UPB-CRE-2025Q1-0057,US Private Bank,Credit Card,2025Q1,3399.03,B2025Q1-03
UPB-CRE-2025Q1-0058,US Private Bank,Credit Card,2025Q1,3331.5,B2025Q1-03
UPB-CRE-2025Q1-0059,US Private Bank,Credit Card,2025Q1,2909.42,B2025Q1-03
UPB-CRE-2025Q1-0060,US Private Bank,Credit Card,2025Q1,1570.15,B2025Q1-03
UPB-CRE-2025Q1-0061,US Private Bank,Credit Card,2025Q1,3330.53,B2025Q1-03
UPB-CRE-2025Q1-0062,US Private Bank,Credit Card,2025Q1,2746.05,B2025Q1-03
UPB-CRE-2025Q1-0063,US Private Bank,Credit Card,2025Q1,7771.9,B2025Q1-03
UPB-CRE-2025Q1-0064,US Private Bank,Credit Card,2025Q1,2545.12,B2025Q1-03
UPB-CRE-2025Q1-0065,US Private Bank,Credit Card,2025Q1,6245.46,B2025Q1-03
UPB-CRE-2025Q1-0066,US Private Bank,Credit Card,2025Q1,3523.33,B2025Q1-03
UPB-CRE-2025Q1-0067,US Private Bank,Credit Card,2025Q1,3906.78,B2025Q1-03
UPB-CRE-2025Q1-0068,US Private Bank,Credit Card,2025Q1,3779.41,B2025Q1-03
UPB-CRE-2025Q1-0069,US Private Bank,Credit Card,2025Q1,2555.5,B2025Q1-03
UPB-CRE-2025Q1-0070,US Private Bank,Credit Card,2025Q1,1567.45,B2025Q1-03
UPB-CRE-2025Q1-0071,US Private Bank,Credit Card,2025Q1,2544.33,B2025Q1-03
UPB-CRE-2025Q1-0072,US Private Bank,Credit Card,2025Q1,3222.43,B2025Q1-03
UPB-CRE-2025Q1-0073,US Private Bank,Credit Card,2025Q1,2589.31,B2025Q1-03
UPB-CRE-2025Q1-0074,US Private Bank,Credit Card,2025Q1,4667.57,B2025Q1-03
UPB-CRE-2025Q1-0075,US Private Bank,Credit Card,2025Q1,1900.98,B2025Q1-04
UPB-CRE-2025Q1-0076,US Private Bank,Credit Card,2025Q1,4459.46,B2025Q1-04
UPB-CRE-2025Q1-0077,US Private Bank,Credit Card,2025Q1,1507.79,B2025Q1-04
UPB-CRE-2025Q1-0078,US Private Bank,Credit Card,2025Q1,2281.09,B2025Q1-04
UPB-CRE-2025Q1-0079,US Private Bank,Credit Card,2025Q1,1237.09,B2025Q1-04
UPB-CRE-2025Q1-0080,US Private Bank,Credit Card,2025Q1,6580.65,B2025Q1-04
UPB-CRE-2025Q1-0081,US Private Bank,Credit Card,2025Q1,3965.71,B2025Q1-04
UPB-CRE-2025Q1-0082,US Private Bank,Credit Card,2025Q1,3868.83,B2025Q1-04
UPB-CRE-2025Q1-0083,US Private Bank,Credit Card,2025Q1,2181.69,B2025Q1-04
UPB-CRE-2025Q1-0084,US Private Bank,Credit Card,2025Q1,3179.21,B2025Q1-04
UPB-CRE-2025Q1-0085,US Private Bank,Credit Card,2025Q1,9735.22,B2025Q1-04
UPB-CRE-2025Q1-0086,US Private Bank,Credit Card,2025Q1,3212.82,B2025Q1-04
UPB-CRE-2025Q1-0087,US Private Bank,Credit Card,2025Q1,1399.06,B2025Q1-04
UPB-CRE-2025Q1-0088,US Private Bank,Credit Card,2025Q1,3088.64,B2025Q1-04
UPB-CRE-2025Q1-0089,US Private Bank,Credit Card,2025Q1,1113.99,B2025Q1-04
UPB-CRE-2025Q1-0090,US Private Bank,Credit Card,2025Q1,5114.89,B2025Q1-04
UPB-CRE-2025Q1-0091,US Private Bank,Credit Card,2025Q1,4438.34,B2025Q1-04
UPB-CRE-2025Q1-0092,US Private Bank,Credit Card,2025Q1,6375.29,B2025Q1-04
UPB-CRE-2025Q1-0093,US Private Bank,Credit Card,2025Q1,3430.96,B2025Q1-04
UPB-CRE-2025Q1-0094,US Private Bank,Credit Card,2025Q1,3584.56,B2025Q1-04
UPB-CRE-2025Q1-0095,US Private Bank,Credit Card,2025Q1,1567.93,B2025Q1-04
UPB-CRE-2025Q1-0096,US Private Bank,Credit Card,2025Q1,3136.0,B2025Q1-04
UPB-CRE-2025Q1-0097,US Private Bank,Credit Card,2025Q1,2330.65,B2025Q1-04
UPB-CRE-2025Q1-0098,US Private Bank,Credit Card,2025Q1,2161.25,B2025Q1-04
UPB-CRE-2025Q1-0099,US Private Bank,Credit Card,2025Q1,9139.96,B2025Q1-04
UPB-CRE-2025Q1-0100,US Private Bank,Credit Card,2025Q1,2048.52,B2025Q1-05
UPB-CRE-2025Q2-0000,US Private Bank,Credit Card,2025Q2,2255.07,B2025Q2-01
UPB-CRE-2025Q2-0001,US Private Bank,Credit Card,2025Q2,3962.49,B2025Q2-01
UPB-CRE-2025Q2-0002,US Private Bank,Credit Card,2025Q2,5889.02,B2025Q2-01
UPB-CRE-2025Q2-0003,US Private Bank,Credit Card,2025Q2,6049.99,B2025Q2-01
UPB-CRE-2025Q2-0004,US Private Bank,Credit Card,2025Q2,1211.13,B2025Q2-01
UPB-CRE-2025Q2-0005,US Private Bank,Credit Card,2025Q2,1568.52,B2025Q2-01
UPB-CRE-2025Q2-0006,US Private Bank,Credit Card,2025Q2,7614.64,B2025Q2-01
UPB-CRE-2025Q2-0007,US Private Bank,Credit Card,2025Q2,5298.14,B2025Q2-01
UPB-CRE-2025Q2-0008,US Private Bank,Credit Card,2025Q2,1310.18,B2025Q2-01
UPB-CRE-2025Q2-0009,US Private Bank,Credit Card,2025Q2,3055.47,B2025Q2-01
UPB-CRE-2025Q2-0010,US Private Bank,Credit Card,2025Q2,2066.38,B2025Q2-01
UPB-CRE-2025Q2-0011,US Private Bank,Credit Card,2025Q2,1594.87,B2025Q2-01
UPB-CRE-2025Q2-0012,US Private Bank,Credit Card,2025Q2,2512.02,B2025Q2-01
UPB-CRE-2025Q2-0013,US Private Bank,Credit Card,2025Q2,2288.3,B2025Q2-01
UPB-CRE-2025Q2-0014,US Private Bank,Credit Card,2025Q2,3894.58,B2025Q2-01
UPB-CRE-2025Q2-0015,US Private Bank,Credit Card,2025Q2,2382.56,B2025Q2-01
UPB-CRE-2025Q2-0016,US Private Bank,Credit Card,2025Q2,3754.89,B2025Q2-01
UPB-CRE-2025Q2-0017,US Private Bank,Credit Card,2025Q2,4593.02,B2025Q2-01
UPB-CRE-2025Q2-0018,US Private Bank,Credit Card,2025Q2,2924.92,B2025Q2-01
UPB-CRE-2025Q2-0019,US Private Bank,Credit Card,2025Q2,4222.28,B2025Q2-01
UPB-CRE-2025Q2-0020,US Private Bank,Credit Card,2025Q2,5012.49,B2025Q2-01
UPB-CRE-2025Q2-0021,US Private Bank,Credit Card,2025Q2,1873.66,B2025Q2-01
UPB-CRE-2025Q2-0022,US Private Bank,Credit Card,2025Q2,2361.49,B2025Q2-01
UPB-CRE-2025Q2-0023,US Private Bank,Credit Card,2025Q2,1631.66,B2025Q2-01
UPB-CRE-2025Q2-0024,US Private Bank,Credit Card,2025Q2,2367.72,B2025Q2-01
UPB-CRE-2025Q2-0025,US Private Bank,Credit Card,2025Q2,2320.59,B2025Q2-02
UPB-CRE-2025Q2-0026,US Private Bank,Credit Card,2025Q2,2778.58,B2025Q2-02
UPB-CRE-2025Q2-0027,US Private Bank,Credit Card,2025Q2,1772.91,B2025Q2-02
UPB-CRE-2025Q2-0028,US Private Bank,Credit Card,2025Q2,957.99,B2025Q2-02
UPB-CRE-2025Q2-0029,US Private Bank,Credit Card,2025Q2,2559.96,B2025Q2-02
UPB-CRE-2025Q2-0030,US Private Bank,Credit Card,2025Q2,1292.05,B2025Q2-02
UPB-CRE-2025Q2-0031,US Private Bank,Credit Card,2025Q2,1559.4,B2025Q2-02
UPB-CRE-2025Q2-0032,US Private Bank,Credit Card,2025Q2,4360.28,B2025Q2-02
UPB-CRE-2025Q2-0033,US Private Bank,Credit Card,2025Q2,1438.28,B2025Q2-02
UPB-CRE-2025Q2-0034,US Private Bank,Credit Card,2025Q2,681.49,B2025Q2-02
UPB-CRE-2025Q2-0035,US Private Bank,Credit Card,2025Q2,2808.49,B2025Q2-02
UPB-CRE-2025Q2-0036,US Private Bank,Credit Card,2025Q2,2612.39,B2025Q2-02
UPB-CRE-2025Q2-0037,US Private Bank,Credit Card,2025Q2,3219.14,B2025Q2-02
UPB-CRE-2025Q2-0038,US Private Bank,Credit Card,2025Q2,3028.94,B2025Q2-02
UPB-CRE-2025Q2-0039,US Private Bank,Credit Card,2025Q2,3238.04,B2025Q2-02
UPB-CRE-2025Q2-0040,US Private Bank,Credit Card,2025Q2,5635.84,B2025Q2-02
UPB-CRE-2025Q2-0041,US Private Bank,Credit Card,2025Q2,1954.88,B2025Q2-02
UPB-CRE-2025Q2-0042,US Private Bank,Credit Card,2025Q2,1824.1,B2025Q2-02
UPB-CRE-2025Q2-0043,US Private Bank,Credit Card,2025Q2,5100.54,B2025Q2-02
UPB-CRE-2025Q2-0044,US Private Bank,Credit Card,2025Q2,2850.28,B2025Q2-02
UPB-CRE-2025Q2-0045,US Private Bank,Credit Card,2025Q2,990.36,B2025Q2-02
UPB-CRE-2025Q2-0046,US Private Bank,Credit Card,2025Q2,1835.75,B2025Q2-02
UPB-CRE-2025Q2-0047,US Private Bank,Credit Card,2025Q2,5455.14,B2025Q2-02
UPB-CRE-2025Q2-0048,US Private Bank,Credit Card,2025Q2,2239.15,B2025Q2-02
UPB-CRE-2025Q2-0049,US Private Bank,Credit Card,2025Q2,2248.63,B2025Q2-02
UPB-CRE-2025Q2-0050,US Private Bank,Credit Card,2025Q2,5223.64,B2025Q2-03
UPB-CRE-2025Q2-0051,US Private Bank,Credit Card,2025Q2,2508.14,B2025Q2-03
UPB-CRE-2025Q2-0052,US Private Bank,Credit Card,2025Q2,1165.97,B2025Q2-03
UPB-CRE-2025Q2-0053,US Private Bank,Credit Card,2025Q2,3067.81,B2025Q2-03
UPB-CRE-2025Q2-0054,US Private Bank,Credit Card,2025Q2,6452.88,B2025Q2-03
UPB-CRE-2025Q2-0055,US Private Bank,Credit Card,2025Q2,6358.58,B2025Q2-03
UPB-CRE-2025Q2-0056,US Private Bank,Credit Card,2025Q2,2039.48,B2025Q2-03
UPB-CRE-2025Q2-0057,US Private Bank,Credit Card,2025Q2,1427.47,B2025Q2-03
UPB-CRE-2025Q2-0058,US Private Bank,Credit Card,2025Q2,6912.79,B2025Q2-03
UPB-CRE-2025Q2-0059,US Private Bank,Credit Card,2025Q2,9595.49,B2025Q2-03
UPB-CRE-2025Q2-0060,US Private Bank,Credit Card,2025Q2,1815.78,B2025Q2-03
UPB-CRE-2025Q2-0061,US Private Bank,Credit Card,2025Q2,2855.27,B2025Q2-03
UPB-CRE-2025Q2-0062,US Private Bank,Credit Card,2025Q2,1379.51,B2025Q2-03
UPB-CRE-2025Q2-0063,US Private Bank,Credit Card,2025Q2,2476.48,B2025Q2-03
UPB-CRE-2025Q2-0064,US Private Bank,Credit Card,2025Q2,1918.07,B2025Q2-03
UPB-CRE-2025Q2-0065,US Private Bank,Credit Card,2025Q2,4053.53,B2025Q2-03
UPB-CRE-2025Q2-0066,US Private Bank,Credit Card,2025Q2,2645.67,B2025Q2-03
UPB-CRE-2025Q2-0067,US Private Bank,Credit Card,2025Q2,6996.97,B2025Q2-03
UPB-CRE-2025Q2-0068,US Private Bank,Credit Card,2025Q2,2736.97,B2025Q2-03
UPB-CRE-2025Q2-0069,US Private Bank,Credit Card,2025Q2,7151.05,B2025Q2-03
UPB-CRE-2025Q2-0070,US Private Bank,Credit Card,2025Q2,2575.24,B2025Q2-03
UPB-CRE-2025Q2-0071,US Private Bank,Credit Card,2025Q2,4768.22,B2025Q2-03
UPB-CRE-2025Q2-0072,US Private Bank,Credit Card,2025Q2,2365.1,B2025Q2-03
UPB-CRE-2025Q2-0073,US Private Bank,Credit Card,2025Q2,5507.28,B2025Q2-03
UPB-CRE-2025Q2-0074,US Private Bank,Credit Card,2025Q2,2615.28,B2025Q2-03
UPB-CRE-2025Q2-0075,US Private Bank,Credit Card,2025Q2,8077.15,B2025Q2-04
UPB-CRE-2025Q2-0076,US Private Bank,Credit Card,2025Q2,2803.67,B2025Q2-04
UPB-CRE-2025Q2-0077,US Private Bank,Credit Card,2025Q2,1234.25,B2025Q2-04
UPB-CRE-2025Q2-0078,US Private Bank,Credit Card,2025Q2,1431.59,B2025Q2-04
UPB-CRE-2025Q2-0079,US Private Bank,Credit Card,2025Q2,3217.6,B2025Q2-04
UPB-CRE-2025Q2-0080,US Private Bank,Credit Card,2025Q2,3923.01,B2025Q2-04
UPB-CRE-2025Q2-0081,US Private Bank,Credit Card,2025Q2,2051.59,B2025Q2-04
UPB-CRE-2025Q2-0082,US Private Bank,Credit Card,2025Q2,1074.17,B2025Q2-04
UPB-CRE-2025Q2-0083,US Private Bank,Credit Card,2025Q2,1744.91,B2025Q2-04
UPB-CRE-2025Q2-0084,US Private Bank,Credit Card,2025Q2,2977.31,B2025Q2-04
UPB-CRE-2025Q2-0085,US Private Bank,Credit Card,2025Q2,2933.08,B2025Q2-04
UPB-CRE-2025Q2-0086,US Private Bank,Credit Card,2025Q2,8805.48,B2025Q2-04
UPB-CRE-2025Q2-0087,US Private Bank,Credit Card,2025Q2,2957.62,B2025Q2-04
UPB-CRE-2025Q2-0088,US Private Bank,Credit Card,2025Q2,2742.34,B2025Q2-04
UPB-CRE-2025Q2-0089,US Private Bank,Credit Card,2025Q2,11347.75,B2025Q2-04
UPB-CRE-2025Q2-0090,US Private Bank,Credit Card,2025Q2,1340.44,B2025Q2-04
UPB-CRE-2025Q2-0091,US Private Bank,Credit Card,2025Q2,10133.25,B2025Q2-04
UPB-CRE-2025Q2-0092,US Private Bank,Credit Card,2025Q2,2753.84,B2025Q2-04
UPB-CRE-2025Q2-0093,US Private Bank,Credit Card,2025Q2,3093.13,B2025Q2-04
UPB-CRE-2025Q2-0094,US Private Bank,Credit Card,2025Q2,2604.34,B2025Q2-04
UPB-CRE-2025Q2-0095,US Private Bank,Credit Card,2025Q2,5761.44,B2025Q2-04
UPB-CRE-2025Q2-0096,US Private Bank,Credit Card,2025Q2,3305.08,B2025Q2-04
UPB-CRE-2025Q2-0097,US Private Bank,Credit Card,2025Q2,3250.22,B2025Q2-04
UPB-CRE-2025Q2-0098,US Private Bank,Credit Card,2025Q2,1746.38,B2025Q2-04
UPB-CRE-2025Q2-0099,US Private Bank,Credit Card,2025Q2,5087.57,B2025Q2-04
UPB-CRE-2025Q2-0100,US Private Bank,Credit Card,2025Q2,4528.43,B2025Q2-05
UPB-PER-2025Q1-0000,US Private Bank,Personal Loan,2025Q1,10792.0,B2025Q1-01
UPB-PER-2025Q1-0001,US Private Bank,Personal Loan,2025Q1,5972.41,B2025Q1-01
UPB-PER-2025Q1-0002,US Private Bank,Personal Loan,2025Q1,9161.05,B2025Q1-01
UPB-PER-2025Q1-0003,US Private Bank,Personal Loan,2025Q1,5824.05,B2025Q1-01
UPB-PER-2025Q1-0004,US Private Bank,Personal Loan,2025Q1,7046.58,B2025Q1-01
UPB-PER-2025Q1-0005,US Private Bank,Personal Loan,2025Q1,3100.71,B2025Q1-01
UPB-PER-2025Q1-0006,US Private Bank,Personal Loan,2025Q1,3460.14,B2025Q1-01
UPB-PER-2025Q1-0007,US Private Bank,Personal Loan,2025Q1,4057.36,B2025Q1-01
UPB-PER-2025Q1-0008,US Private Bank,Personal Loan,2025Q1,14513.6,B2025Q1-01
UPB-PER-2025Q1-0009,US Private Bank,Personal Loan,2025Q1,3925.57,B2025Q1-01
UPB-PER-2025Q1-0010,US Private Bank,Personal Loan,2025Q1,22171.49,B2025Q1-01
UPB-PER-2025Q1-0011,US Private Bank,Personal Loan,2025Q1,9217.32,B2025Q1-01
UPB-PER-2025Q1-0012,US Private Bank,Personal Loan,2025Q1,3883.52,B2025Q1-01
UPB-PER-2025Q1-0013,US Private Bank,Personal Loan,2025Q1,6245.34,B2025Q1-01
UPB-PER-2025Q1-0014,US Private Bank,Personal Loan,2025Q1,5301.58,B2025Q1-01
UPB-PER-2025Q1-0015,US Private Bank,Personal Loan,2025Q1,7504.01,B2025Q1-01
UPB-PER-2025Q1-0016,US Private Bank,Personal Loan,2025Q1,7317.22,B2025Q1-01
UPB-PER-2025Q1-0017,US Private Bank,Personal Loan,2025Q1,12961.54,B2025Q1-01
UPB-PER-2025Q1-0018,US Private Bank,Personal Loan,2025Q1,10705.39,B2025Q1-01
UPB-PER-2025Q1-0019,US Private Bank,Personal Loan,2025Q1,9356.93,B2025Q1-01
UPB-PER-2025Q1-0020,US Private Bank,Personal Loan,2025Q1,8494.81,B2025Q1-01
UPB-PER-2025Q1-0021,US Private Bank,Personal Loan,2025Q1,5995.91,B2025Q1-01
UPB-PER-2025Q1-0022,US Private Bank,Personal Loan,2025Q1,12440.06,B2025Q1-01
UPB-PER-2025Q1-0023,US Private Bank,Personal Loan,2025Q1,7573.24,B2025Q1-01
UPB-PER-2025Q1-0024,US Private Bank,Personal Loan,2025Q1,13740.64,B2025Q1-01
UPB-PER-2025Q1-0025,US Private Bank,Personal Loan,2025Q1,32012.4,B2025Q1-02
UPB-PER-2025Q1-0026,US Private Bank,Personal Loan,2025Q1,2354.89,B2025Q1-02
UPB-PER-2025Q1-0027,US Private Bank,Personal Loan,2025Q1,11160.39,B2025Q1-02
UPB-PER-2025Q1-0028,US Private Bank,Personal Loan,2025Q1,5613.74,B2025Q1-02
UPB-PER-2025Q1-0029,US Private Bank,Personal Loan,2025Q1,9188.18,B2025Q1-02
UPB-PER-2025Q1-0030,US Private Bank,Personal Loan,2025Q1,18044.38,B2025Q1-02
UPB-PER-2025Q1-0031,US Private Bank,Personal Loan,2025Q1,7960.98,B2025Q1-02
UPB-PER-2025Q1-0032,US Private Bank,Personal Loan,2025Q1,4713.27,B2025Q1-02
UPB-PER-2025Q1-0033,US Private Bank,Personal Loan,2025Q1,8355.63,B2025Q1-02
UPB-PER-2025Q1-0034,US Private Bank,Personal Loan,2025Q1,5202.23,B2025Q1-02
UPB-PER-2025Q1-0035,US Private Bank,Personal Loan,2025Q1,16353.66,B2025Q1-02
UPB-PER-2025Q1-0036,US Private Bank,Personal Loan,2025Q1,3516.01,B2025Q1-02
UPB-PER-2025Q1-0037,US Private Bank,Personal Loan,2025Q1,16711.43,B2025Q1-02
UPB-PER-2025Q1-0038,US Private Bank,Personal Loan,2025Q1,6651.12,B2025Q1-02
UPB-PER-2025Q1-0039,US Private Bank,Personal Loan,2025Q1,10107.2,B2025Q1-02
UPB-PER-2025Q1-0040,US Private Bank,Personal Loan,2025Q1,2915.25,B2025Q1-02
UPB-PER-2025Q1-0041,US Private Bank,Personal Loan,2025Q1,9091.12,B2025Q1-02
UPB-PER-2025Q1-0042,US Private Bank,Personal Loan,2025Q1,11532.74,B2025Q1-02
UPB-PER-2025Q1-0043,US Private Bank,Personal Loan,2025Q1,10215.83,B2025Q1-02
UPB-PER-2025Q1-0044,US Private Bank,Personal Loan,2025Q1,8149.43,B2025Q1-02
UPB-PER-2025Q1-0045,US Private Bank,Personal Loan,2025Q1,5649.55,B2025Q1-02
UPB-PER-2025Q1-0046,US Private Bank,Personal Loan,2025Q1,4485.05,B2025Q1-02
UPB-PER-2025Q1-0047,US Private Bank,Personal Loan,2025Q1,2374.51,B2025Q1-02
UPB-PER-2025Q1-0048,US Private Bank,Personal Loan,2025Q1,7045.38,B2025Q1-02
UPB-PER-2025Q1-0049,US Private Bank,Personal Loan,2025Q1,13604.99,B2025Q1-02
UPB-PER-2025Q1-0050,US Private Bank,Personal Loan,2025Q1,7664.3,B2025Q1-03
UPB-PER-2025Q1-0051,US Private Bank,Personal Loan,2025Q1,11394.25,B2025Q1-03
UPB-PER-2025Q1-0052,US Private Bank,Personal Loan,2025Q1,9151.47,B2025Q1-03
UPB-PER-2025Q1-0053,US Private Bank,Personal Loan,2025Q1,18707.59,B2025Q1-03
UPB-PER-2025Q1-0054,US Private Bank,Personal Loan,2025Q1,10976.52,B2025Q1-03
UPB-PER-2025Q1-0055,US Private Bank,Personal Loan,2025Q1,4037.95,B2025Q1-03
UPB-PER-2025Q1-0056,US Private Bank,Personal Loan,2025Q1,9679.36,B2025Q1-03
UPB-PER-2025Q1-0057,US Private Bank,Personal Loan,2025Q1,4522.65,B2025Q1-03
UPB-PER-2025Q1-0058,US Private Bank,Personal Loan,2025Q1,5256.46,B2025Q1-03
UPB-PER-2025Q1-0059,US Private Bank,Personal Loan,2025Q1,5603.19,B2025Q1-03
UPB-PER-2025Q1-0060,US Private Bank,Personal Loan,2025Q1,13049.87,B2025Q1-03
UPB-PER-2025Q1-0061,US Private Bank,Personal Loan,2025Q1,16598.77,B2025Q1-03
UPB-PER-2025Q1-0062,US Private Bank,Personal Loan,2025Q1,23066.08,B2025Q1-03
UPB-PER-2025Q1-0063,US Private Bank,Personal Loan,2025Q1,15248.87,B2025Q1-03
UPB-PER-2025Q1-0064,US Private Bank,Personal Loan,2025Q1,6609.26,B2025Q1-03
UPB-PER-2025Q1-0065,US Private Bank,Personal Loan,2025Q1,9133.77,B2025Q1-03
UPB-PER-2025Q1-0066,US Private Bank,Personal Loan,2025Q1,8328.89,B2025Q1-03
UPB-PER-2025Q1-0067,US Private Bank,Personal Loan,2025Q1,8779.41,B2025Q1-03
UPB-PER-2025Q1-0068,US Private Bank,Personal Loan,2025Q1,12579.58,B2025Q1-03
UPB-PER-2025Q1-0069,US Private Bank,Personal Loan,2025Q1,11147.59,B2025Q1-03
UPB-PER-2025Q1-0070,US Private Bank,Personal Loan,2025Q1,10811.04,B2025Q1-03
UPB-PER-2025Q1-0071,US Private Bank,Personal Loan,2025Q1,15475.92,B2025Q1-03
UPB-PER-2025Q1-0072,US Private Bank,Personal Loan,2025Q1,3642.63,B2025Q1-03
UPB-PER-2025Q1-0073,US Private Bank,Personal Loan,2025Q1,9060.06,B2025Q1-03
UPB-PER-2025Q1-0074,US Private Bank,Personal Loan,2025Q1,11952.98,B2025Q1-03
UPB-PER-2025Q1-0075,US Private Bank,Personal Loan,2025Q1,3215.71,B2025Q1-04
UPB-PER-2025Q1-0000,US Private Bank,Personal Loan,2025Q1,10792.0,B2025Q1-01-REPLAY
UPB-PER-2025Q1-0001,US Private Bank,Personal Loan,2025Q1,5972.41,B2025Q1-01-REPLAY
UPB-PER-2025Q1-0002,US Private Bank,Personal Loan,2025Q1,9161.05,B2025Q1-01-REPLAY
UPB-PER-2025Q2-0000,US Private Bank,Personal Loan,2025Q2,14666.44,B2025Q2-01
UPB-PER-2025Q2-0001,US Private Bank,Personal Loan,2025Q2,3858.21,B2025Q2-01
UPB-PER-2025Q2-0002,US Private Bank,Personal Loan,2025Q2,8316.6,B2025Q2-01
UPB-PER-2025Q2-0003,US Private Bank,Personal Loan,2025Q2,7295.06,B2025Q2-01
UPB-PER-2025Q2-0004,US Private Bank,Personal Loan,2025Q2,12057.57,B2025Q2-01
UPB-PER-2025Q2-0005,US Private Bank,Personal Loan,2025Q2,3516.26,B2025Q2-01
UPB-PER-2025Q2-0006,US Private Bank,Personal Loan,2025Q2,10612.22,B2025Q2-01
UPB-PER-2025Q2-0007,US Private Bank,Personal Loan,2025Q2,3134.1,B2025Q2-01
UPB-PER-2025Q2-0008,US Private Bank,Personal Loan,2025Q2,10373.72,B2025Q2-01
UPB-PER-2025Q2-0009,US Private Bank,Personal Loan,2025Q2,21072.71,B2025Q2-01
UPB-PER-2025Q2-0010,US Private Bank,Personal Loan,2025Q2,10933.17,B2025Q2-01
UPB-PER-2025Q2-0011,US Private Bank,Personal Loan,2025Q2,7260.24,B2025Q2-01
UPB-PER-2025Q2-0012,US Private Bank,Personal Loan,2025Q2,10218.97,B2025Q2-01
UPB-PER-2025Q2-0013,US Private Bank,Personal Loan,2025Q2,7284.25,B2025Q2-01
UPB-PER-2025Q2-0014,US Private Bank,Personal Loan,2025Q2,7076.54,B2025Q2-01
UPB-PER-2025Q2-0015,US Private Bank,Personal Loan,2025Q2,27134.58,B2025Q2-01
UPB-PER-2025Q2-0016,US Private Bank,Personal Loan,2025Q2,6592.19,B2025Q2-01
UPB-PER-2025Q2-0017,US Private Bank,Personal Loan,2025Q2,2707.34,B2025Q2-01
UPB-PER-2025Q2-0018,US Private Bank,Personal Loan,2025Q2,10973.31,B2025Q2-01
UPB-PER-2025Q2-0019,US Private Bank,Personal Loan,2025Q2,5147.24,B2025Q2-01
UPB-PER-2025Q2-0020,US Private Bank,Personal Loan,2025Q2,10597.03,B2025Q2-01
UPB-PER-2025Q2-0021,US Private Bank,Personal Loan,2025Q2,18122.83,B2025Q2-01
UPB-PER-2025Q2-0022,US Private Bank,Personal Loan,2025Q2,3700.09,B2025Q2-01
UPB-PER-2025Q2-0023,US Private Bank,Personal Loan,2025Q2,3882.2,B2025Q2-01
UPB-PER-2025Q2-0024,US Private Bank,Personal Loan,2025Q2,7400.43,B2025Q2-01
UPB-PER-2025Q2-0025,US Private Bank,Personal Loan,2025Q2,8913.62,B2025Q2-02
UPB-PER-2025Q2-0026,US Private Bank,Personal Loan,2025Q2,7183.91,B2025Q2-02
UPB-PER-2025Q2-0027,US Private Bank,Personal Loan,2025Q2,9412.52,B2025Q2-02
UPB-PER-2025Q2-0028,US Private Bank,Personal Loan,2025Q2,13992.8,B2025Q2-02
UPB-PER-2025Q2-0029,US Private Bank,Personal Loan,2025Q2,6454.99,B2025Q2-02
UPB-PER-2025Q2-0030,US Private Bank,Personal Loan,2025Q2,8467.14,B2025Q2-02
UPB-PER-2025Q2-0031,US Private Bank,Personal Loan,2025Q2,9040.05,B2025Q2-02
UPB-PER-2025Q2-0032,US Private Bank,Personal Loan,2025Q2,8262.56,B2025Q2-02
UPB-PER-2025Q2-0033,US Private Bank,Personal Loan,2025Q2,8788.88,B2025Q2-02
UPB-PER-2025Q2-0034,US Private Bank,Personal Loan,2025Q2,9698.13,B2025Q2-02
UPB-PER-2025Q2-0035,US Private Bank,Personal Loan,2025Q2,7710.82,B2025Q2-02
UPB-PER-2025Q2-0036,US Private Bank,Personal Loan,2025Q2,10440.69,B2025Q2-02
UPB-PER-2025Q2-0037,US Private Bank,Personal Loan,2025Q2,12182.83,B2025Q2-02
UPB-PER-2025Q2-0038,US Private Bank,Personal Loan,2025Q2,6840.81,B2025Q2-02
UPB-PER-2025Q2-0039,US Private Bank,Personal Loan,2025Q2,11644.49,B2025Q2-02
UPB-PER-2025Q2-0040,US Private Bank,Personal Loan,2025Q2,7107.09,B2025Q2-02
UPB-PER-2025Q2-0041,US Private Bank,Personal Loan,2025Q2,10207.14,B2025Q2-02
UPB-PER-2025Q2-0042,US Private Bank,Personal Loan,2025Q2,9101.15,B2025Q2-02
UPB-PER-2025Q2-0043,US Private Bank,Personal Loan,2025Q2,12040.1,B2025Q2-02
UPB-PER-2025Q2-0044,US Private Bank,Personal Loan,2025Q2,3259.58,B2025Q2-02
UPB-PER-2025Q2-0045,US Private Bank,Personal Loan,2025Q2,20444.71,B2025Q2-02
UPB-PER-2025Q2-0046,US Private Bank,Personal Loan,2025Q2,25531.01,B2025Q2-02
UPB-PER-2025Q2-0047,US Private Bank,Personal Loan,2025Q2,4333.66,B2025Q2-02
UPB-PER-2025Q2-0048,US Private Bank,Personal Loan,2025Q2,4080.31,B2025Q2-02
UPB-PER-2025Q2-0049,US Private Bank,Personal Loan,2025Q2,7394.89,B2025Q2-02
UPB-PER-2025Q2-0050,US Private Bank,Personal Loan,2025Q2,4997.76,B2025Q2-03
UPB-PER-2025Q2-0051,US Private Bank,Personal Loan,2025Q2,5092.34,B2025Q2-03
UPB-PER-2025Q2-0052,US Private Bank,Personal Loan,2025Q2,8788.6,B2025Q2-03
UPB-PER-2025Q2-0053,US Private Bank,Personal Loan,2025Q2,13725.69,B2025Q2-03
UPB-PER-2025Q2-0054,US Private Bank,Personal Loan,2025Q2,28078.3,B2025Q2-03
UPB-PER-2025Q2-0055,US Private Bank,Personal Loan,2025Q2,4550.73,B2025Q2-03
UPB-PER-2025Q2-0056,US Private Bank,Personal Loan,2025Q2,11119.58,B2025Q2-03
UPB-PER-2025Q2-0057,US Private Bank,Personal Loan,2025Q2,8900.81,B2025Q2-03
UPB-PER-2025Q2-0058,US Private Bank,Personal Loan,2025Q2,5545.39,B2025Q2-03
UPB-PER-2025Q2-0059,US Private Bank,Personal Loan,2025Q2,10087.52,B2025Q2-03
UPB-PER-2025Q2-0060,US Private Bank,Personal Loan,2025Q2,10589.3,B2025Q2-03
UPB-PER-2025Q2-0061,US Private Bank,Personal Loan,2025Q2,7708.83,B2025Q2-03
UPB-PER-2025Q2-0062,US Private Bank,Personal Loan,2025Q2,4384.01,B2025Q2-03
UPB-PER-2025Q2-0063,US Private Bank,Personal Loan,2025Q2,6344.41,B2025Q2-03
UPB-PER-2025Q2-0064,US Private Bank,Personal Loan,2025Q2,2465.16,B2025Q2-03
UPB-PER-2025Q2-0065,US Private Bank,Personal Loan,2025Q2,8953.27,B2025Q2-03
UPB-PER-2025Q2-0066,US Private Bank,Personal Loan,2025Q2,5740.96,B2025Q2-03
UPB-PER-2025Q2-0067,US Private Bank,Personal Loan,2025Q2,12577.02,B2025Q2-03
UPB-PER-2025Q2-0068,US Private Bank,Personal Loan,2025Q2,7730.67,B2025Q2-03
UPB-PER-2025Q2-0069,US Private Bank,Personal Loan,2025Q2,5898.05,B2025Q2-03
UPB-PER-2025Q2-0070,US Private Bank,Personal Loan,2025Q2,6111.55,B2025Q2-03
UPB-PER-2025Q2-0071,US Private Bank,Personal Loan,2025Q2,18373.71,B2025Q2-03
UPB-PER-2025Q2-0072,US Private Bank,Personal Loan,2025Q2,17427.69,B2025Q2-03
UPB-PER-2025Q2-0073,US Private Bank,Personal Loan,2025Q2,16173.89,B2025Q2-03
UPB-PER-2025Q2-0074,US Private Bank,Personal Loan,2025Q2,13957.54,B2025Q2-03
UPB-PER-2025Q2-0075,US Private Bank,Personal Loan,2025Q2,13926.04,B2025Q2-04
UPB-HEL-2025Q1-0000,US Private Bank,HELOC,2025Q1,25208.23,B2025Q1-01
UPB-HEL-2025Q1-0001,US Private Bank,HELOC,2025Q1,35749.24,B2025Q1-01
UPB-HEL-2025Q1-0002,US Private Bank,HELOC,2025Q1,28246.64,B2025Q1-01
UPB-HEL-2025Q1-0003,US Private Bank,HELOC,2025Q1,40052.31,B2025Q1-01
UPB-HEL-2025Q1-0004,US Private Bank,HELOC,2025Q1,66731.03,B2025Q1-01
UPB-HEL-2025Q1-0005,US Private Bank,HELOC,2025Q1,42799.14,B2025Q1-01
UPB-HEL-2025Q1-0006,US Private Bank,HELOC,2025Q1,99609.03,B2025Q1-01
UPB-HEL-2025Q1-0007,US Private Bank,HELOC,2025Q1,120286.37,B2025Q1-01
UPB-HEL-2025Q1-0008,US Private Bank,HELOC,2025Q1,53016.47,B2025Q1-01
UPB-HEL-2025Q1-0009,US Private Bank,HELOC,2025Q1,49238.76,B2025Q1-01
UPB-HEL-2025Q1-0010,US Private Bank,HELOC,2025Q1,36561.56,B2025Q1-01
UPB-HEL-2025Q1-0011,US Private Bank,HELOC,2025Q1,34379.5,B2025Q1-01
UPB-HEL-2025Q1-0012,US Private Bank,HELOC,2025Q1,20278.27,B2025Q1-01
UPB-HEL-2025Q1-0013,US Private Bank,HELOC,2025Q1,24509.88,B2025Q1-01
UPB-HEL-2025Q1-0014,US Private Bank,HELOC,2025Q1,13541.63,B2025Q1-01
UPB-HEL-2025Q1-0015,US Private Bank,HELOC,2025Q1,20896.03,B2025Q1-01
UPB-HEL-2025Q1-0016,US Private Bank,HELOC,2025Q1,72039.4,B2025Q1-01
UPB-HEL-2025Q1-0017,US Private Bank,HELOC,2025Q1,19725.35,B2025Q1-01
UPB-HEL-2025Q1-0018,US Private Bank,HELOC,2025Q1,56870.41,B2025Q1-01
UPB-HEL-2025Q1-0019,US Private Bank,HELOC,2025Q1,17359.71,B2025Q1-01
UPB-HEL-2025Q1-0020,US Private Bank,HELOC,2025Q1,142078.4,B2025Q1-01
UPB-HEL-2025Q1-0021,US Private Bank,HELOC,2025Q1,66933.82,B2025Q1-01
UPB-HEL-2025Q1-0022,US Private Bank,HELOC,2025Q1,48416.26,B2025Q1-01
UPB-HEL-2025Q1-0023,US Private Bank,HELOC,2025Q1,106457.11,B2025Q1-01
UPB-HEL-2025Q1-0024,US Private Bank,HELOC,2025Q1,79092.0,B2025Q1-01
UPB-HEL-2025Q1-0025,US Private Bank,HELOC,2025Q1,25288.27,B2025Q1-02
UPB-HEL-2025Q1-0026,US Private Bank,HELOC,2025Q1,21379.74,B2025Q1-02
UPB-HEL-2025Q1-0027,US Private Bank,HELOC,2025Q1,10760.63,B2025Q1-02
UPB-HEL-2025Q1-0028,US Private Bank,HELOC,2025Q1,58239.75,B2025Q1-02
UPB-HEL-2025Q1-0029,US Private Bank,HELOC,2025Q1,70179.22,B2025Q1-02
UPB-HEL-2025Q1-0030,US Private Bank,HELOC,2025Q1,53015.39,B2025Q1-02
UPB-HEL-2025Q1-0031,US Private Bank,HELOC,2025Q1,55922.84,B2025Q1-02
UPB-HEL-2025Q1-0032,US Private Bank,HELOC,2025Q1,44881.11,B2025Q1-02
UPB-HEL-2025Q1-0033,US Private Bank,HELOC,2025Q1,49597.9,B2025Q1-02
UPB-HEL-2025Q1-0034,US Private Bank,HELOC,2025Q1,43354.39,B2025Q1-02
UPB-HEL-2025Q1-0035,US Private Bank,HELOC,2025Q1,24037.7,B2025Q1-02
UPB-HEL-2025Q1-0036,US Private Bank,HELOC,2025Q1,51071.2,B2025Q1-02
UPB-HEL-2025Q1-0037,US Private Bank,HELOC,2025Q1,23683.2,B2025Q1-02
UPB-HEL-2025Q1-0038,US Private Bank,HELOC,2025Q1,29530.1,B2025Q1-02
UPB-HEL-2025Q1-0039,US Private Bank,HELOC,2025Q1,43594.37,B2025Q1-02
UPB-HEL-2025Q1-0040,US Private Bank,HELOC,2025Q1,45826.63,B2025Q1-02
UPB-HEL-2025Q1-0041,US Private Bank,HELOC,2025Q1,39567.13,B2025Q1-02
UPB-HEL-2025Q1-0042,US Private Bank,HELOC,2025Q1,65536.9,B2025Q1-02
UPB-HEL-2025Q1-0043,US Private Bank,HELOC,2025Q1,47409.32,B2025Q1-02
UPB-HEL-2025Q1-0044,US Private Bank,HELOC,2025Q1,50319.66,B2025Q1-02
UPB-HEL-2025Q1-0045,US Private Bank,HELOC,2025Q1,54827.31,B2025Q1-02
UPB-HEL-2025Q1-0046,US Private Bank,HELOC,2025Q1,34314.32,B2025Q1-02
UPB-HEL-2025Q1-0047,US Private Bank,HELOC,2025Q1,20364.87,B2025Q1-02
UPB-HEL-2025Q1-0048,US Private Bank,HELOC,2025Q1,48356.63,B2025Q1-02
UPB-HEL-2025Q1-0049,US Private Bank,HELOC,2025Q1,67709.78,B2025Q1-02
UPB-HEL-2025Q1-0050,US Private Bank,HELOC,2025Q1,84397.98,B2025Q1-03
UPB-HEL-2025Q1-0051,US Private Bank,HELOC,2025Q1,106690.86,B2025Q1-03
UPB-HEL-2025Q1-0052,US Private Bank,HELOC,2025Q1,86319.8,B2025Q1-03
UPB-HEL-2025Q1-0053,US Private Bank,HELOC,2025Q1,33980.35,B2025Q1-03
UPB-HEL-2025Q1-0054,US Private Bank,HELOC,2025Q1,31356.88,B2025Q1-03
UPB-HEL-2025Q1-0055,US Private Bank,HELOC,2025Q1,46920.81,B2025Q1-03
UPB-HEL-2025Q1-0056,US Private Bank,HELOC,2025Q1,98830.34,B2025Q1-03
UPB-HEL-2025Q1-0057,US Private Bank,HELOC,2025Q1,31325.38,B2025Q1-03
UPB-HEL-2025Q1-0058,US Private Bank,HELOC,2025Q1,34280.78,B2025Q1-03
UPB-HEL-2025Q1-0059,US Private Bank,HELOC,2025Q1,29638.91,B2025Q1-03
UPB-HEL-2025Q2-0000,US Private Bank,HELOC,2025Q2,55338.94,B2025Q2-01
UPB-HEL-2025Q2-0001,US Private Bank,HELOC,2025Q2,60514.7,B2025Q2-01
UPB-HEL-2025Q2-0002,US Private Bank,HELOC,2025Q2,18466.58,B2025Q2-01
UPB-HEL-2025Q2-0003,US Private Bank,HELOC,2025Q2,23466.16,B2025Q2-01
UPB-HEL-2025Q2-0004,US Private Bank,HELOC,2025Q2,27076.33,B2025Q2-01
UPB-HEL-2025Q2-0005,US Private Bank,HELOC,2025Q2,125310.63,B2025Q2-01
UPB-HEL-2025Q2-0006,US Private Bank,HELOC,2025Q2,58542.23,B2025Q2-01
UPB-HEL-2025Q2-0007,US Private Bank,HELOC,2025Q2,50196.42,B2025Q2-01
UPB-HEL-2025Q2-0008,US Private Bank,HELOC,2025Q2,39630.59,B2025Q2-01
UPB-HEL-2025Q2-0009,US Private Bank,HELOC,2025Q2,62456.09,B2025Q2-01
UPB-HEL-2025Q2-0010,US Private Bank,HELOC,2025Q2,32061.38,B2025Q2-01
UPB-HEL-2025Q2-0011,US Private Bank,HELOC,2025Q2,35432.88,B2025Q2-01
UPB-HEL-2025Q2-0012,US Private Bank,HELOC,2025Q2,23428.66,B2025Q2-01
UPB-HEL-2025Q2-0013,US Private Bank,HELOC,2025Q2,64105.19,B2025Q2-01
UPB-HEL-2025Q2-0014,US Private Bank,HELOC,2025Q2,61147.59,B2025Q2-01
UPB-HEL-2025Q2-0015,US Private Bank,HELOC,2025Q2,31185.79,B2025Q2-01
UPB-HEL-2025Q2-0016,US Private Bank,HELOC,2025Q2,23589.08,B2025Q2-01
UPB-HEL-2025Q2-0017,US Private Bank,HELOC,2025Q2,46771.59,B2025Q2-01
UPB-HEL-2025Q2-0018,US Private Bank,HELOC,2025Q2,88804.16,B2025Q2-01
UPB-HEL-2025Q2-0019,US Private Bank,HELOC,2025Q2,24293.58,B2025Q2-01
UPB-HEL-2025Q2-0020,US Private Bank,HELOC,2025Q2,27214.15,B2025Q2-01
UPB-HEL-2025Q2-0021,US Private Bank,HELOC,2025Q2,50170.62,B2025Q2-01
UPB-HEL-2025Q2-0022,US Private Bank,HELOC,2025Q2,89206.56,B2025Q2-01
UPB-HEL-2025Q2-0023,US Private Bank,HELOC,2025Q2,152340.51,B2025Q2-01
UPB-HEL-2025Q2-0024,US Private Bank,HELOC,2025Q2,57220.72,B2025Q2-01
UPB-HEL-2025Q2-0025,US Private Bank,HELOC,2025Q2,71510.6,B2025Q2-02
UPB-HEL-2025Q2-0026,US Private Bank,HELOC,2025Q2,39298.14,B2025Q2-02
UPB-HEL-2025Q2-0027,US Private Bank,HELOC,2025Q2,84692.41,B2025Q2-02
UPB-HEL-2025Q2-0028,US Private Bank,HELOC,2025Q2,32748.3,B2025Q2-02
UPB-HEL-2025Q2-0029,US Private Bank,HELOC,2025Q2,23462.24,B2025Q2-02
UPB-HEL-2025Q2-0030,US Private Bank,HELOC,2025Q2,15852.88,B2025Q2-02
UPB-HEL-2025Q2-0031,US Private Bank,HELOC,2025Q2,44098.3,B2025Q2-02
UPB-HEL-2025Q2-0032,US Private Bank,HELOC,2025Q2,91039.73,B2025Q2-02
UPB-HEL-2025Q2-0033,US Private Bank,HELOC,2025Q2,34973.74,B2025Q2-02
UPB-HEL-2025Q2-0034,US Private Bank,HELOC,2025Q2,33429.09,B2025Q2-02
UPB-HEL-2025Q2-0035,US Private Bank,HELOC,2025Q2,43036.9,B2025Q2-02
UPB-HEL-2025Q2-0036,US Private Bank,HELOC,2025Q2,32982.28,B2025Q2-02
UPB-HEL-2025Q2-0037,US Private Bank,HELOC,2025Q2,19767.25,B2025Q2-02
UPB-HEL-2025Q2-0038,US Private Bank,HELOC,2025Q2,36652.06,B2025Q2-02
UPB-HEL-2025Q2-0039,US Private Bank,HELOC,2025Q2,32746.75,B2025Q2-02
UPB-HEL-2025Q2-0040,US Private Bank,HELOC,2025Q2,53826.21,B2025Q2-02
UPB-HEL-2025Q2-0041,US Private Bank,HELOC,2025Q2,56833.89,B2025Q2-02
UPB-HEL-2025Q2-0042,US Private Bank,HELOC,2025Q2,135621.03,B2025Q2-02
UPB-HEL-2025Q2-0043,US Private Bank,HELOC,2025Q2,185910.54,B2025Q2-02
UPB-HEL-2025Q2-0044,US Private Bank,HELOC,2025Q2,27251.13,B2025Q2-02
UPB-HEL-2025Q2-0045,US Private Bank,HELOC,2025Q2,28644.21,B2025Q2-02
UPB-HEL-2025Q2-0046,US Private Bank,HELOC,2025Q2,33567.14,B2025Q2-02
UPB-HEL-2025Q2-0047,US Private Bank,HELOC,2025Q2,29780.84,B2025Q2-02
UPB-HEL-2025Q2-0048,US Private Bank,HELOC,2025Q2,15477.91,B2025Q2-02
UPB-HEL-2025Q2-0049,US Private Bank,HELOC,2025Q2,67162.7,B2025Q2-02
UPB-HEL-2025Q2-0050,US Private Bank,HELOC,2025Q2,26200.21,B2025Q2-03
UPB-HEL-2025Q2-0051,US Private Bank,HELOC,2025Q2,82599.95,B2025Q2-03
UPB-HEL-2025Q2-0052,US Private Bank,HELOC,2025Q2,24806.18,B2025Q2-03
UPB-HEL-2025Q2-0053,US Private Bank,HELOC,2025Q2,63080.92,B2025Q2-03
UPB-HEL-2025Q2-0054,US Private Bank,HELOC,2025Q2,88507.03,B2025Q2-03
UPB-HEL-2025Q2-0055,US Private Bank,HELOC,2025Q2,45012.52,B2025Q2-03
UPB-HEL-2025Q2-0056,US Private Bank,HELOC,2025Q2,56923.73,B2025Q2-03
UPB-HEL-2025Q2-0057,US Private Bank,HELOC,2025Q2,40437.05,B2025Q2-03
UPB-HEL-2025Q2-0058,US Private Bank,HELOC,2025Q2,22822.13,B2025Q2-03
UPB-HEL-2025Q2-0059,US Private Bank,HELOC,2025Q2,44215.88,B2025Q2-03
UPB-SMA-2025Q1-0000,US Private Bank,Small Business Loan,2025Q1,58608.69,B2025Q1-01
UPB-SMA-2025Q1-0001,US Private Bank,Small Business Loan,2025Q1,34531.46,B2025Q1-01
UPB-SMA-2025Q1-0002,US Private Bank,Small Business Loan,2025Q1,42037.63,B2025Q1-01
UPB-SMA-2025Q1-0003,US Private Bank,Small Business Loan,2025Q1,42109.44,B2025Q1-01
UPB-SMA-2025Q1-0004,US Private Bank,Small Business Loan,2025Q1,43561.06,B2025Q1-01
UPB-SMA-2025Q1-0005,US Private Bank,Small Business Loan,2025Q1,198848.48,B2025Q1-01
UPB-SMA-2025Q1-0006,US Private Bank,Small Business Loan,2025Q1,37232.9,B2025Q1-01
UPB-SMA-2025Q1-0007,US Private Bank,Small Business Loan,2025Q1,58976.52,B2025Q1-01
UPB-SMA-2025Q1-0008,US Private Bank,Small Business Loan,2025Q1,48611.27,B2025Q1-01
UPB-SMA-2025Q1-0009,US Private Bank,Small Business Loan,2025Q1,77070.37,B2025Q1-01
UPB-SMA-2025Q1-0010,US Private Bank,Small Business Loan,2025Q1,36498.15,B2025Q1-01
UPB-SMA-2025Q1-0011,US Private Bank,Small Business Loan,2025Q1,74639.6,B2025Q1-01
UPB-SMA-2025Q1-0012,US Private Bank,Small Business Loan,2025Q1,96077.05,B2025Q1-01
UPB-SMA-2025Q1-0013,US Private Bank,Small Business Loan,2025Q1,220810.41,B2025Q1-01
UPB-SMA-2025Q1-0014,US Private Bank,Small Business Loan,2025Q1,81215.02,B2025Q1-01
UPB-SMA-2025Q1-0015,US Private Bank,Small Business Loan,2025Q1,159768.17,B2025Q1-01
UPB-SMA-2025Q1-0016,US Private Bank,Small Business Loan,2025Q1,112755.18,B2025Q1-01
UPB-SMA-2025Q1-0017,US Private Bank,Small Business Loan,2025Q1,18645.91,B2025Q1-01
UPB-SMA-2025Q1-0018,US Private Bank,Small Business Loan,2025Q1,115321.26,B2025Q1-01
UPB-SMA-2025Q1-0019,US Private Bank,Small Business Loan,2025Q1,52661.62,B2025Q1-01
UPB-SMA-2025Q1-0020,US Private Bank,Small Business Loan,2025Q1,80372.39,B2025Q1-01
UPB-SMA-2025Q1-0021,US Private Bank,Small Business Loan,2025Q1,95368.03,B2025Q1-01
UPB-SMA-2025Q1-0022,US Private Bank,Small Business Loan,2025Q1,96001.98,B2025Q1-01
UPB-SMA-2025Q1-0023,US Private Bank,Small Business Loan,2025Q1,60574.77,B2025Q1-01
UPB-SMA-2025Q1-0024,US Private Bank,Small Business Loan,2025Q1,18462.07,B2025Q1-01
UPB-SMA-2025Q1-0025,US Private Bank,Small Business Loan,2025Q1,86175.34,B2025Q1-02
UPB-SMA-2025Q1-0026,US Private Bank,Small Business Loan,2025Q1,64080.65,B2025Q1-02
UPB-SMA-2025Q1-0027,US Private Bank,Small Business Loan,2025Q1,31209.41,B2025Q1-02
UPB-SMA-2025Q1-0028,US Private Bank,Small Business Loan,2025Q1,37026.16,B2025Q1-02
UPB-SMA-2025Q1-0029,US Private Bank,Small Business Loan,2025Q1,22491.6,B2025Q1-02
UPB-SMA-2025Q1-0030,US Private Bank,Small Business Loan,2025Q1,78390.96,B2025Q1-02
UPB-SMA-2025Q1-0031,US Private Bank,Small Business Loan,2025Q1,50729.98,B2025Q1-02
UPB-SMA-2025Q1-0032,US Private Bank,Small Business Loan,2025Q1,29571.12,B2025Q1-02
UPB-SMA-2025Q1-0033,US Private Bank,Small Business Loan,2025Q1,99909.8,B2025Q1-02
UPB-SMA-2025Q1-0034,US Private Bank,Small Business Loan,2025Q1,93166.42,B2025Q1-02
UPB-SMA-2025Q1-0035,US Private Bank,Small Business Loan,2025Q1,141736.96,B2025Q1-02
UPB-SMA-2025Q1-0036,US Private Bank,Small Business Loan,2025Q1,62342.24,B2025Q1-02
UPB-SMA-2025Q1-0037,US Private Bank,Small Business Loan,2025Q1,79940.71,B2025Q1-02
UPB-SMA-2025Q1-0038,US Private Bank,Small Business Loan,2025Q1,45722.58,B2025Q1-02
UPB-SMA-2025Q1-0039,US Private Bank,Small Business Loan,2025Q1,101039.83,B2025Q1-02
UPB-SMA-2025Q1-0040,US Private Bank,Small Business Loan,2025Q1,47981.08,B2025Q1-02
UPB-SMA-2025Q1-0041,US Private Bank,Small Business Loan,2025Q1,27252.46,B2025Q1-02
UPB-SMA-2025Q1-0042,US Private Bank,Small Business Loan,2025Q1,29152.1,B2025Q1-02
UPB-SMA-2025Q1-0043,US Private Bank,Small Business Loan,2025Q1,42297.35,B2025Q1-02
UPB-SMA-2025Q1-0044,US Private Bank,Small Business Loan,2025Q1,78685.01,B2025Q1-02
UPB-SMA-2025Q1-0045,US Private Bank,Small Business Loan,2025Q1,73829.83,B2025Q1-02
UPB-SMA-2025Q1-0046,US Private Bank,Small Business Loan,2025Q1,88730.76,B2025Q1-02
UPB-SMA-2025Q1-0047,US Private Bank,Small Business Loan,2025Q1,75457.01,B2025Q1-02
UPB-SMA-2025Q1-0048,US Private Bank,Small Business Loan,2025Q1,55796.08,B2025Q1-02
UPB-SMA-2025Q1-0049,US Private Bank,Small Business Loan,2025Q1,71817.65,B2025Q1-02
UPB-SMA-2025Q1-0050,US Private Bank,Small Business Loan,2025Q1,67382.35,B2025Q1-03
UPB-SMA-2025Q1-0051,US Private Bank,Small Business Loan,2025Q1,71104.45,B2025Q1-03
UPB-SMA-2025Q1-0052,US Private Bank,Small Business Loan,2025Q1,57094.81,B2025Q1-03
UPB-SMA-2025Q1-0053,US Private Bank,Small Business Loan,2025Q1,41605.18,B2025Q1-03
UPB-SMA-2025Q1-0054,US Private Bank,Small Business Loan,2025Q1,55932.64,B2025Q1-03
UPB-SMA-2025Q1-0055,US Private Bank,Small Business Loan,2025Q1,40187.51,B2025Q1-03
UPB-SMA-2025Q1-0056,US Private Bank,Small Business Loan,2025Q1,82908.65,B2025Q1-03
UPB-SMA-2025Q1-0057,US Private Bank,Small Business Loan,2025Q1,64932.66,B2025Q1-03
UPB-SMA-2025Q1-0058,US Private Bank,Small Business Loan,2025Q1,67698.81,B2025Q1-03
UPB-SMA-2025Q1-0059,US Private Bank,Small Business Loan,2025Q1,25134.29,B2025Q1-03
UPB-SMA-2025Q1-0060,US Private Bank,Small Business Loan,2025Q1,80594.97,B2025Q1-03
UPB-SMA-2025Q1-0061,US Private Bank,Small Business Loan,2025Q1,52208.15,B2025Q1-03
UPB-SMA-2025Q1-0062,US Private Bank,Small Business Loan,2025Q1,247255.73,B2025Q1-03
UPB-SMA-2025Q1-0063,US Private Bank,Small Business Loan,2025Q1,65362.64,B2025Q1-03
UPB-SMA-2025Q1-0064,US Private Bank,Small Business Loan,2025Q1,70779.5,B2025Q1-03
UPB-SMA-2025Q1-0065,US Private Bank,Small Business Loan,2025Q1,98613.54,B2025Q1-03
UPB-SMA-2025Q1-0066,US Private Bank,Small Business Loan,2025Q1,131762.37,B2025Q1-03
UPB-SMA-2025Q1-0067,US Private Bank,Small Business Loan,2025Q1,43373.92,B2025Q1-03
UPB-SMA-2025Q1-0068,US Private Bank,Small Business Loan,2025Q1,38716.48,B2025Q1-03
UPB-SMA-2025Q1-0069,US Private Bank,Small Business Loan,2025Q1,26587.64,B2025Q1-03
UPB-SMA-2025Q1-0070,US Private Bank,Small Business Loan,2025Q1,23330.32,B2025Q1-03
UPB-SMA-2025Q1-0071,US Private Bank,Small Business Loan,2025Q1,129787.77,B2025Q1-03
UPB-SMA-2025Q1-0072,US Private Bank,Small Business Loan,2025Q1,81893.8,B2025Q1-03
UPB-SMA-2025Q1-0073,US Private Bank,Small Business Loan,2025Q1,136678.22,B2025Q1-03
UPB-SMA-2025Q1-0074,US Private Bank,Small Business Loan,2025Q1,66045.75,B2025Q1-03
UPB-SMA-2025Q1-0075,US Private Bank,Small Business Loan,2025Q1,16249.09,B2025Q1-04
UPB-SMA-2025Q1-0076,US Private Bank,Small Business Loan,2025Q1,41229.97,B2025Q1-04
UPB-SMA-2025Q1-0077,US Private Bank,Small Business Loan,2025Q1,125329.11,B2025Q1-04
UPB-SMA-2025Q1-0078,US Private Bank,Small Business Loan,2025Q1,73484.79,B2025Q1-04
UPB-SMA-2025Q1-0079,US Private Bank,Small Business Loan,2025Q1,78351.0,B2025Q1-04
UPB-SMA-2025Q1-0080,US Private Bank,Small Business Loan,2025Q1,49212.54,B2025Q1-04
UPB-SMA-2025Q1-0081,US Private Bank,Small Business Loan,2025Q1,69606.23,B2025Q1-04
UPB-SMA-2025Q1-0082,US Private Bank,Small Business Loan,2025Q1,169258.83,B2025Q1-04
UPB-SMA-2025Q1-0083,US Private Bank,Small Business Loan,2025Q1,147947.77,B2025Q1-04
UPB-SMA-2025Q2-0000,US Private Bank,Small Business Loan,2025Q2,87556.32,B2025Q2-01
UPB-SMA-2025Q2-0001,US Private Bank,Small Business Loan,2025Q2,82421.86,B2025Q2-01
UPB-SMA-2025Q2-0002,US Private Bank,Small Business Loan,2025Q2,29956.97,B2025Q2-01
UPB-SMA-2025Q2-0003,US Private Bank,Small Business Loan,2025Q2,47626.85,B2025Q2-01
UPB-SMA-2025Q2-0004,US Private Bank,Small Business Loan,2025Q2,32586.75,B2025Q2-01
UPB-SMA-2025Q2-0005,US Private Bank,Small Business Loan,2025Q2,102199.6,B2025Q2-01
UPB-SMA-2025Q2-0006,US Private Bank,Small Business Loan,2025Q2,58682.73,B2025Q2-01
UPB-SMA-2025Q2-0007,US Private Bank,Small Business Loan,2025Q2,94575.2,B2025Q2-01
UPB-SMA-2025Q2-0008,US Private Bank,Small Business Loan,2025Q2,150711.41,B2025Q2-01
UPB-SMA-2025Q2-0009,US Private Bank,Small Business Loan,2025Q2,116808.98,B2025Q2-01
UPB-SMA-2025Q2-0010,US Private Bank,Small Business Loan,2025Q2,75281.07,B2025Q2-01
UPB-SMA-2025Q2-0011,US Private Bank,Small Business Loan,2025Q2,173025.66,B2025Q2-01
UPB-SMA-2025Q2-0012,US Private Bank,Small Business Loan,2025Q2,155590.19,B2025Q2-01
UPB-SMA-2025Q2-0013,US Private Bank,Small Business Loan,2025Q2,102352.16,B2025Q2-01
UPB-SMA-2025Q2-0014,US Private Bank,Small Business Loan,2025Q2,70269.22,B2025Q2-01
UPB-SMA-2025Q2-0015,US Private Bank,Small Business Loan,2025Q2,42808.94,B2025Q2-01
UPB-SMA-2025Q2-0016,US Private Bank,Small Business Loan,2025Q2,57981.93,B2025Q2-01
UPB-SMA-2025Q2-0017,US Private Bank,Small Business Loan,2025Q2,62456.75,B2025Q2-01
UPB-SMA-2025Q2-0018,US Private Bank,Small Business Loan,2025Q2,33457.85,B2025Q2-01
UPB-SMA-2025Q2-0019,US Private Bank,Small Business Loan,2025Q2,52296.67,B2025Q2-01
UPB-SMA-2025Q2-0020,US Private Bank,Small Business Loan,2025Q2,57616.0,B2025Q2-01
UPB-SMA-2025Q2-0021,US Private Bank,Small Business Loan,2025Q2,48040.66,B2025Q2-01
UPB-SMA-2025Q2-0022,US Private Bank,Small Business Loan,2025Q2,86115.32,B2025Q2-01
UPB-SMA-2025Q2-0023,US Private Bank,Small Business Loan,2025Q2,77142.44,B2025Q2-01
UPB-SMA-2025Q2-0024,US Private Bank,Small Business Loan,2025Q2,78085.04,B2025Q2-01
UPB-SMA-2025Q2-0025,US Private Bank,Small Business Loan,2025Q2,40875.51,B2025Q2-02
UPB-SMA-2025Q2-0026,US Private Bank,Small Business Loan,2025Q2,152687.33,B2025Q2-02
UPB-SMA-2025Q2-0027,US Private Bank,Small Business Loan,2025Q2,36513.72,B2025Q2-02
UPB-SMA-2025Q2-0028,US Private Bank,Small Business Loan,2025Q2,135700.84,B2025Q2-02
UPB-SMA-2025Q2-0029,US Private Bank,Small Business Loan,2025Q2,50329.17,B2025Q2-02
UPB-SMA-2025Q2-0030,US Private Bank,Small Business Loan,2025Q2,74976.12,B2025Q2-02
UPB-SMA-2025Q2-0031,US Private Bank,Small Business Loan,2025Q2,87499.96,B2025Q2-02
UPB-SMA-2025Q2-0032,US Private Bank,Small Business Loan,2025Q2,26016.15,B2025Q2-02
UPB-SMA-2025Q2-0033,US Private Bank,Small Business Loan,2025Q2,25813.96,B2025Q2-02
UPB-SMA-2025Q2-0034,US Private Bank,Small Business Loan,2025Q2,88647.2,B2025Q2-02
UPB-SMA-2025Q2-0035,US Private Bank,Small Business Loan,2025Q2,21629.99,B2025Q2-02
UPB-SMA-2025Q2-0036,US Private Bank,Small Business Loan,2025Q2,92983.3,B2025Q2-02
UPB-SMA-2025Q2-0037,US Private Bank,Small Business Loan,2025Q2,104020.07,B2025Q2-02
UPB-SMA-2025Q2-0038,US Private Bank,Small Business Loan,2025Q2,54840.7,B2025Q2-02
UPB-SMA-2025Q2-0039,US Private Bank,Small Business Loan,2025Q2,117297.71,B2025Q2-02
UPB-SMA-2025Q2-0040,US Private Bank,Small Business Loan,2025Q2,95826.75,B2025Q2-02
UPB-SMA-2025Q2-0041,US Private Bank,Small Business Loan,2025Q2,117977.22,B2025Q2-02
UPB-SMA-2025Q2-0042,US Private Bank,Small Business Loan,2025Q2,40314.08,B2025Q2-02
UPB-SMA-2025Q2-0043,US Private Bank,Small Business Loan,2025Q2,43406.61,B2025Q2-02
UPB-SMA-2025Q2-0044,US Private Bank,Small Business Loan,2025Q2,53454.72,B2025Q2-02
UPB-SMA-2025Q2-0045,US Private Bank,Small Business Loan,2025Q2,26818.37,B2025Q2-02
UPB-SMA-2025Q2-0046,US Private Bank,Small Business Loan,2025Q2,24990.09,B2025Q2-02
UPB-SMA-2025Q2-0047,US Private Bank,Small Business Loan,2025Q2,51858.47,B2025Q2-02
UPB-SMA-2025Q2-0048,US Private Bank,Small Business Loan,2025Q2,109013.55,B2025Q2-02
UPB-SMA-2025Q2-0049,US Private Bank,Small Business Loan,2025Q2,92168.48,B2025Q2-02
UPB-SMA-2025Q2-0050,US Private Bank,Small Business Loan,2025Q2,90124.64,B2025Q2-03
UPB-SMA-2025Q2-0051,US Private Bank,Small Business Loan,2025Q2,62126.47,B2025Q2-03
UPB-SMA-2025Q2-0052,US Private Bank,Small Business Loan,2025Q2,29558.42,B2025Q2-03
UPB-SMA-2025Q2-0053,US Private Bank,Small Business Loan,2025Q2,55965.34,B2025Q2-03
UPB-SMA-2025Q2-0054,US Private Bank,Small Business Loan,2025Q2,63590.95,B2025Q2-03
UPB-SMA-2025Q2-0055,US Private Bank,Small Business Loan,2025Q2,60639.03,B2025Q2-03
UPB-SMA-2025Q2-0056,US Private Bank,Small Business Loan,2025Q2,97967.47,B2025Q2-03
UPB-SMA-2025Q2-0057,US Private Bank,Small Business Loan,2025Q2,74131.0,B2025Q2-03
UPB-SMA-2025Q2-0058,US Private Bank,Small Business Loan,2025Q2,46881.2,B2025Q2-03
UPB-SMA-2025Q2-0059,US Private Bank,Small Business Loan,2025Q2,92747.44,B2025Q2-03
UPB-SMA-2025Q2-0060,US Private Bank,Small Business Loan,2025Q2,144503.6,B2025Q2-03
UPB-SMA-2025Q2-0061,US Private Bank,Small Business Loan,2025Q2,172899.63,B2025Q2-03
UPB-SMA-2025Q2-0062,US Private Bank,Small Business Loan,2025Q2,156541.89,B2025Q2-03
UPB-SMA-2025Q2-0063,US Private Bank,Small Business Loan,2025Q2,50242.25,B2025Q2-03
UPB-SMA-2025Q2-0064,US Private Bank,Small Business Loan,2025Q2,73281.35,B2025Q2-03
UPB-SMA-2025Q2-0065,US Private Bank,Small Business Loan,2025Q2,68125.5,B2025Q2-03
UPB-SMA-2025Q2-0066,US Private Bank,Small Business Loan,2025Q2,59775.47,B2025Q2-03
UPB-SMA-2025Q2-0067,US Private Bank,Small Business Loan,2025Q2,88645.21,B2025Q2-03
UPB-SMA-2025Q2-0068,US Private Bank,Small Business Loan,2025Q2,34194.56,B2025Q2-03
UPB-SMA-2025Q2-0069,US Private Bank,Small Business Loan,2025Q2,75111.05,B2025Q2-03
UPB-SMA-2025Q2-0070,US Private Bank,Small Business Loan,2025Q2,93234.83,B2025Q2-03
UPB-SMA-2025Q2-0071,US Private Bank,Small Business Loan,2025Q2,68459.69,B2025Q2-03
UPB-SMA-2025Q2-0072,US Private Bank,Small Business Loan,2025Q2,47170.47,B2025Q2-03
UPB-SMA-2025Q2-0073,US Private Bank,Small Business Loan,2025Q2,41597.81,B2025Q2-03
UPB-SMA-2025Q2-0074,US Private Bank,Small Business Loan,2025Q2,52966.29,B2025Q2-03
UPB-SMA-2025Q2-0075,US Private Bank,Small Business Loan,2025Q2,35591.06,B2025Q2-04
UPB-SMA-2025Q2-0076,US Private Bank,Small Business Loan,2025Q2,117631.32,B2025Q2-04
UPB-SMA-2025Q2-0077,US Private Bank,Small Business Loan,2025Q2,105878.26,B2025Q2-04
UPB-SMA-2025Q2-0078,US Private Bank,Small Business Loan,2025Q2,92801.54,B2025Q2-04
UPB-SMA-2025Q2-0079,US Private Bank,Small Business Loan,2025Q2,66630.86,B2025Q2-04
UPB-SMA-2025Q2-0080,US Private Bank,Small Business Loan,2025Q2,177856.76,B2025Q2-04
UPB-SMA-2025Q2-0081,US Private Bank,Small Business Loan,2025Q2,46361.01,B2025Q2-04
UPB-SMA-2025Q2-0082,US Private Bank,Small Business Loan,2025Q2,111951.51,B2025Q2-04
UPB-SMA-2025Q2-0083,US Private Bank,Small Business Loan,2025Q2,46322.48,B2025Q2-04
